#
# There is insufficient memory for the Java Runtime Environment to continue.
# Native memory allocation (mmap) failed to map 503316480 bytes. Error detail: G1 virtual space
# Possible reasons:
#   The system is out of physical RAM or swap space
#   This process is running with CompressedOops enabled, and the Java Heap may be blocking the growth of the native heap
# Possible solutions:
#   Reduce memory load on the system
#   Increase physical memory or swap space
#   Check if swap backing store is full
#   Decrease Java heap size (-Xmx/-Xms)
#   Decrease number of Java threads
#   Decrease Java thread stack sizes (-Xss)
#   Set larger code cache with -XX:ReservedCodeCacheSize=
#   JVM is running with Unscaled Compressed Oops mode in which the Java heap is
#     placed in the first 4GB address space. The Java Heap base address is the
#     maximum limit for the native heap growth. Please use -XX:HeapBaseMinAddress
#     to set the Java Heap base and to place the Java Heap above 4GB virtual address.
# This output file may be truncated or incomplete.
#
#  Out of Memory Error (os_windows.cpp:3678), pid=7896, tid=84
#
# JRE version: OpenJDK Runtime Environment Microsoft-9889599 (17.0.12+7) (build 17.0.12+7-LTS)
# Java VM: OpenJDK 64-Bit Server VM Microsoft-9889599 (17.0.12+7-LTS, mixed mode, sharing, tiered, compressed oops, compressed class ptrs, g1 gc, windows-amd64)
# No core dump will be written. Minidumps are not enabled by default on client versions of Windows
#

---------------  S U M M A R Y ------------

Command Line: -XX:MaxMetaspaceSize=512m --add-opens=java.base/java.util=ALL-UNNAMED --add-opens=java.base/java.lang=ALL-UNNAMED --add-opens=java.base/java.lang.invoke=ALL-UNNAMED --add-opens=java.prefs/java.util.prefs=ALL-UNNAMED --add-opens=java.base/java.nio.charset=ALL-UNNAMED --add-opens=java.base/java.net=ALL-UNNAMED --add-opens=java.base/java.util.concurrent.atomic=ALL-UNNAMED -Xmx2048m -Dfile.encoding=windows-1252 -Duser.country=US -Duser.language=en -Duser.variant -javaagent:C:\Users\arun9\.gradle\wrapper\dists\gradle-8.8-all\6gdy1pgp427xkqcjbxw3ylt6h\gradle-8.8\lib\agents\gradle-instrumentation-agent-8.8.jar org.gradle.launcher.daemon.bootstrap.GradleDaemon 8.8

Host: AMD Ryzen 5 4600H with Radeon Graphics         , 12 cores, 7G,  Windows 11 , 64 bit Build 22621 (10.0.22621.5262)
Time: Wed Jul  9 18:52:42 2025 India Standard Time elapsed time: 569.721586 seconds (0d 0h 9m 29s)

---------------  T H R E A D  ---------------

Current thread (0x000001b97dce34f0):  VMThread "VM Thread" [stack: 0x000000a1b3a00000,0x000000a1b3b00000] [id=84]

Stack: [0x000000a1b3a00000,0x000000a1b3b00000]
Native frames: (J=compiled Java code, j=interpreted, Vv=VM code, C=native code)
V  [jvm.dll+0x686d99]
V  [jvm.dll+0x83daf8]
V  [jvm.dll+0x83f5a3]
V  [jvm.dll+0x83fc13]
V  [jvm.dll+0x2492ef]
V  [jvm.dll+0x683dd9]
V  [jvm.dll+0x6782fa]
V  [jvm.dll+0x30a797]
V  [jvm.dll+0x311d06]
V  [jvm.dll+0x36252e]
V  [jvm.dll+0x36276d]
V  [jvm.dll+0x2e1a9c]
V  [jvm.dll+0x2dfe49]
V  [jvm.dll+0x2df5ac]
V  [jvm.dll+0x3220ab]
V  [jvm.dll+0x84444d]
V  [jvm.dll+0x845183]
V  [jvm.dll+0x8456af]
V  [jvm.dll+0x845a94]
V  [jvm.dll+0x845b5e]
V  [jvm.dll+0x7ed87c]
V  [jvm.dll+0x685c77]
C  [ucrtbase.dll+0x29333]
C  [KERNEL32.DLL+0x1259d]
C  [ntdll.dll+0x5af58]

VM_Operation (0x000000a1bfbf8570): G1CollectForAllocation, mode: safepoint, requested by thread 0x000001b91f461df0


---------------  P R O C E S S  ---------------

Threads class SMR info:
_java_thread_list=0x000001b931243b60, length=204, elements={
0x000001b95f718140, 0x000001b97dce63b0, 0x000001b97dce7140, 0x000001b97dd02f10,
0x000001b97dd037e0, 0x000001b97dd062c0, 0x000001b97dd08ca0, 0x000001b97dd174c0,
0x000001b97e080140, 0x000001b97e089630, 0x000001b97dcd4e10, 0x000001b97e234cd0,
0x000001b97ee3e860, 0x000001b97f0e9150, 0x000001b97f26a9d0, 0x000001b97f41caf0,
0x000001b97e45a730, 0x000001b97e3fa230, 0x000001b97e3fc720, 0x000001b97f1d8330,
0x000001b97f1d8d50, 0x000001b97f1d7400, 0x000001b97f1d69e0, 0x000001b97f1d7910,
0x000001b97f1d5fc0, 0x000001b97f1d55a0, 0x000001b97f1d64d0, 0x000001b97f1d5ab0,
0x000001b9200b9620, 0x000001b9200b77c0, 0x000001b9200b9b30, 0x000001b9200b86f0,
0x000001b9200b8c00, 0x000001b97fafd3e0, 0x000001b920997100, 0x000001b920996bf0,
0x000001b97fafc9c0, 0x000001b91f692050, 0x000001b91f693490, 0x000001b91f6939a0,
0x000001b97fafced0, 0x000001b9214f7570, 0x000001b9214f7a80, 0x000001b9214f84a0,
0x000001b91fec2c20, 0x000001b91fec3b50, 0x000001b91fec4060, 0x000001b91ff99980,
0x000001b91ff99e90, 0x000001b920d703e0, 0x000001b920d70e00, 0x000001b920d6f4b0,
0x000001b91fec1630, 0x000001b91fec0c10, 0x000001b91fec2050, 0x000001b91fec2560,
0x000001b91fec1b40, 0x000001b922f01590, 0x000001b922f01fb0, 0x000001b922f033f0,
0x000001b9214f89b0, 0x000001b9214f93d0, 0x000001b9214f8ec0, 0x000001b9214f7f90,
0x000001b9214f98e0, 0x000001b9214f9df0, 0x000001b9214fa300, 0x000001b9214fa810,
0x000001b9214f7060, 0x000001b922e3f620, 0x000001b922e3fb30, 0x000001b922e3f110,
0x000001b922e3ec00, 0x000001b922e40040, 0x000001b922e3dcd0, 0x000001b922e40550,
0x000001b922e40f70, 0x000001b91ff9a3a0, 0x000001b91ff9a8b0, 0x000001b9222bb670,
0x000001b9222bc5a0, 0x000001b9222bcab0, 0x000001b9222bb160, 0x000001b922e40a60,
0x000001b922e3e1e0, 0x000001b922e3e6f0, 0x000001b922e41480, 0x000001b92259c160,
0x000001b92259a300, 0x000001b92259d5a0, 0x000001b92259bc50, 0x000001b921c15400,
0x000001b921c15910, 0x000001b921c144d0, 0x000001b92259ad20, 0x000001b920bc0a50,
0x000001b920bbe6e0, 0x000001b92149d6e0, 0x000001b92259d090, 0x000001b920bbcd90,
0x000001b921499ce0, 0x000001b930bc76d0, 0x000001b92259a810, 0x000001b921435e10,
0x000001b91f463740, 0x000001b91f462d20, 0x000001b91f463230, 0x000001b91f463c50,
0x000001b921c149e0, 0x000001b921c14ef0, 0x000001b921c13ab0, 0x000001b91f691990,
0x000001b91f690040, 0x000001b91f690550, 0x000001b92ff703e0, 0x000001b92259dab0,
0x000001b92259b230, 0x000001b92259b740, 0x000001b92259c670, 0x000001b92259cb80,
0x000001b92ff75320, 0x000001b92ff74e10, 0x000001b92ff73ee0, 0x000001b92ff739d0,
0x000001b91f464160, 0x000001b92149dbf0, 0x000001b920b2e7c0, 0x000001b920b2d380,
0x000001b920b2c450, 0x000001b920b2d890, 0x000001b92ff743f0, 0x000001b92ff74900,
0x000001b9229e6370, 0x000001b9229e5950, 0x000001b9229e4a20, 0x000001b9229e4f30,
0x000001b9229e72a0, 0x000001b9229e5440, 0x000001b9229e5e60, 0x000001b9229e4510,
0x000001b922cbc610, 0x000001b9229e6880, 0x000001b91f4613d0, 0x000001b9229e6d90,
0x000001b91ff9c200, 0x000001b91fec4570, 0x000001b931a08e00, 0x000001b931a06a90,
0x000001b91f464670, 0x000001b920b2ecd0, 0x000001b920b2f6f0, 0x000001b920b2dda0,
0x000001b920b2e2b0, 0x000001b920b2ce70, 0x000001b920b2fc00, 0x000001b920b2f1e0,
0x000001b920b2c960, 0x000001b92149c7b0, 0x000001b93091bc20, 0x000001b93091acf0,
0x000001b9229e3af0, 0x000001b931a09310, 0x000001b931a074b0, 0x000001b9229e4000,
0x000001b930d17b50, 0x000001b930d18570, 0x000001b930d1b300, 0x000001b930d18a80,
0x000001b930d1a8e0, 0x000001b930d199b0, 0x000001b91f464b80, 0x000001b91f4618e0,
0x000001b91f461df0, 0x000001b91f462300, 0x000001b92ff70e00, 0x000001b92ff71d30,
0x000001b91f462810, 0x000001b9301c7d00, 0x000001b9301c5ea0, 0x000001b930d19ec0,
0x000001b930d18060, 0x000001b930d18f90, 0x000001b9318d8920, 0x000001b9318d8e30,
0x000001b9318da780, 0x000001b9301c8720, 0x000001b920bbd2a0, 0x000001b920bc1470,
0x000001b93091b710, 0x000001b91ff99470, 0x000001b93091b200, 0x000001b930918e90,
0x000001b93091c640, 0x000001b9301c8c30, 0x000001b9318d9340, 0x000001b9319a8cd0,
0x000001b936790860, 0x000001b9319a82b0, 0x000001b93678fe40, 0x000001b9318d9850,
0x000001b9318dac90, 0x000001b93091a2d0, 0x000001b92f060d00, 0x000001b92f0602e0
}

Java Threads: ( => current thread )
  0x000001b95f718140 JavaThread "main" [_thread_blocked, id=21660, stack(0x000000a1b3400000,0x000000a1b3500000)]
  0x000001b97dce63b0 JavaThread "Reference Handler" daemon [_thread_blocked, id=1840, stack(0x000000a1b3b00000,0x000000a1b3c00000)]
  0x000001b97dce7140 JavaThread "Finalizer" daemon [_thread_blocked, id=24136, stack(0x000000a1b3c00000,0x000000a1b3d00000)]
  0x000001b97dd02f10 JavaThread "Signal Dispatcher" daemon [_thread_blocked, id=25920, stack(0x000000a1b3d00000,0x000000a1b3e00000)]
  0x000001b97dd037e0 JavaThread "Attach Listener" daemon [_thread_blocked, id=26504, stack(0x000000a1b3e00000,0x000000a1b3f00000)]
  0x000001b97dd062c0 JavaThread "Service Thread" daemon [_thread_blocked, id=9780, stack(0x000000a1b3f00000,0x000000a1b4000000)]
  0x000001b97dd08ca0 JavaThread "Monitor Deflation Thread" daemon [_thread_blocked, id=6968, stack(0x000000a1b4000000,0x000000a1b4100000)]
  0x000001b97dd174c0 JavaThread "C2 CompilerThread0" daemon [_thread_blocked, id=20428, stack(0x000000a1b4100000,0x000000a1b4200000)]
  0x000001b97e080140 JavaThread "C1 CompilerThread0" daemon [_thread_blocked, id=26128, stack(0x000000a1b4200000,0x000000a1b4300000)]
  0x000001b97e089630 JavaThread "Sweeper thread" daemon [_thread_blocked, id=13728, stack(0x000000a1b4300000,0x000000a1b4400000)]
  0x000001b97dcd4e10 JavaThread "Common-Cleaner" daemon [_thread_blocked, id=21812, stack(0x000000a1b4400000,0x000000a1b4500000)]
  0x000001b97e234cd0 JavaThread "Notification Thread" daemon [_thread_blocked, id=26528, stack(0x000000a1b4500000,0x000000a1b4600000)]
  0x000001b97ee3e860 JavaThread "Daemon health stats" [_thread_blocked, id=20408, stack(0x000000a1b4b00000,0x000000a1b4c00000)]
  0x000001b97f0e9150 JavaThread "Incoming local TCP Connector on port 51586" [_thread_in_native, id=1956, stack(0x000000a1b4c00000,0x000000a1b4d00000)]
  0x000001b97f26a9d0 JavaThread "Daemon periodic checks" [_thread_blocked, id=8668, stack(0x000000a1b4d00000,0x000000a1b4e00000)]
  0x000001b97f41caf0 JavaThread "Daemon" [_thread_blocked, id=21688, stack(0x000000a1b4e00000,0x000000a1b4f00000)]
  0x000001b97e45a730 JavaThread "Handler for socket connection from /127.0.0.1:51586 to /127.0.0.1:51587" [_thread_in_native, id=22580, stack(0x000000a1b4f00000,0x000000a1b5000000)]
  0x000001b97e3fa230 JavaThread "Cancel handler" [_thread_blocked, id=12608, stack(0x000000a1b5000000,0x000000a1b5100000)]
  0x000001b97e3fc720 JavaThread "Daemon worker" [_thread_blocked, id=25220, stack(0x000000a1b5100000,0x000000a1b5200000)]
  0x000001b97f1d8330 JavaThread "Asynchronous log dispatcher for DefaultDaemonConnection: socket connection from /127.0.0.1:51586 to /127.0.0.1:51587" [_thread_blocked, id=19680, stack(0x000000a1b5200000,0x000000a1b5300000)]
  0x000001b97f1d8d50 JavaThread "Stdin handler" [_thread_blocked, id=2676, stack(0x000000a1b5300000,0x000000a1b5400000)]
  0x000001b97f1d7400 JavaThread "Daemon client event forwarder" [_thread_blocked, id=24164, stack(0x000000a1b5400000,0x000000a1b5500000)]
  0x000001b97f1d69e0 JavaThread "Cache worker for journal cache (C:\Users\arun9\.gradle\caches\journal-1)" [_thread_blocked, id=20948, stack(0x000000a1b5a00000,0x000000a1b5b00000)]
  0x000001b97f1d7910 JavaThread "File lock request listener" [_thread_in_native, id=24996, stack(0x000000a1b5b00000,0x000000a1b5c00000)]
  0x000001b97f1d5fc0 JavaThread "Cache worker for file hash cache (C:\Users\arun9\.gradle\caches\8.8\fileHashes)" [_thread_blocked, id=23084, stack(0x000000a1b5c00000,0x000000a1b5d00000)]
  0x000001b97f1d55a0 JavaThread "Cache worker for file hash cache (C:\Users\arun9\ReactProjects\MovieRecommnederApp\MovieApp\android\.gradle\8.8\fileHashes)" [_thread_blocked, id=20752, stack(0x000000a1b5d00000,0x000000a1b5e00000)]
  0x000001b97f1d64d0 JavaThread "File watcher server" daemon [_thread_blocked, id=13364, stack(0x000000a1b5e00000,0x000000a1b5f00000)]
  0x000001b97f1d5ab0 JavaThread "File watcher consumer" daemon [_thread_blocked, id=22068, stack(0x000000a1b5f00000,0x000000a1b6000000)]
  0x000001b9200b9620 JavaThread "Cache worker for checksums cache (C:\Users\arun9\ReactProjects\MovieRecommnederApp\MovieApp\android\.gradle\8.8\checksums)" [_thread_blocked, id=18296, stack(0x000000a1b6200000,0x000000a1b6300000)]
  0x000001b9200b77c0 JavaThread "Cache worker for file content cache (C:\Users\arun9\.gradle\caches\8.8\fileContent)" [_thread_blocked, id=26536, stack(0x000000a1b6300000,0x000000a1b6400000)]
  0x000001b9200b9b30 JavaThread "Cache worker for cache directory md-rule (C:\Users\arun9\.gradle\caches\8.8\md-rule)" [_thread_blocked, id=26396, stack(0x000000a1b6400000,0x000000a1b6500000)]
  0x000001b9200b86f0 JavaThread "Cache worker for cache directory md-supplier (C:\Users\arun9\.gradle\caches\8.8\md-supplier)" [_thread_blocked, id=4700, stack(0x000000a1b6500000,0x000000a1b6600000)]
  0x000001b9200b8c00 JavaThread "jar transforms" [_thread_blocked, id=26176, stack(0x000000a1b6800000,0x000000a1b6900000)]
  0x000001b97fafd3e0 JavaThread "Unconstrained build operations" [_thread_blocked, id=20376, stack(0x000000a1b6c00000,0x000000a1b6d00000)]
  0x000001b920997100 JavaThread "Unconstrained build operations Thread 2" [_thread_blocked, id=3400, stack(0x000000a1b6d00000,0x000000a1b6e00000)]
  0x000001b920996bf0 JavaThread "Unconstrained build operations Thread 3" [_thread_blocked, id=25256, stack(0x000000a1b6e00000,0x000000a1b6f00000)]
  0x000001b97fafc9c0 JavaThread "Unconstrained build operations Thread 4" [_thread_blocked, id=14204, stack(0x000000a1b6f00000,0x000000a1b7000000)]
  0x000001b91f692050 JavaThread "Unconstrained build operations Thread 5" [_thread_blocked, id=26320, stack(0x000000a1b7000000,0x000000a1b7100000)]
  0x000001b91f693490 JavaThread "Unconstrained build operations Thread 6" [_thread_blocked, id=5076, stack(0x000000a1b7100000,0x000000a1b7200000)]
  0x000001b91f6939a0 JavaThread "Cache worker for Build Output Cleanup Cache (C:\Users\arun9\ReactProjects\MovieRecommnederApp\MovieApp\node_modules\@react-native\gradle-plugin\.gradle\buildOutputCleanup)" [_thread_blocked, id=22760, stack(0x000000a1b7200000,0x000000a1b7300000)]
  0x000001b97fafced0 JavaThread "Kotlin DSL Writer" [_thread_blocked, id=24468, stack(0x000000a1b3100000,0x000000a1b3200000)]
  0x000001b9214f7570 JavaThread "Unconstrained build operations Thread 7" [_thread_blocked, id=25136, stack(0x000000a1b3200000,0x000000a1b3300000)]
  0x000001b9214f7a80 JavaThread "Unconstrained build operations Thread 8" [_thread_blocked, id=13964, stack(0x000000a1b3300000,0x000000a1b3400000)]
  0x000001b9214f84a0 JavaThread "Unconstrained build operations Thread 9" [_thread_blocked, id=2680, stack(0x000000a1b7300000,0x000000a1b7400000)]
  0x000001b91fec2c20 JavaThread "Unconstrained build operations Thread 10" [_thread_blocked, id=22984, stack(0x000000a1b7400000,0x000000a1b7500000)]
  0x000001b91fec3b50 JavaThread "Unconstrained build operations Thread 11" [_thread_blocked, id=9716, stack(0x000000a1b7500000,0x000000a1b7600000)]
  0x000001b91fec4060 JavaThread "Unconstrained build operations Thread 12" [_thread_blocked, id=1908, stack(0x000000a1b7600000,0x000000a1b7700000)]
  0x000001b91ff99980 JavaThread "Unconstrained build operations Thread 13" [_thread_blocked, id=20268, stack(0x000000a1b7700000,0x000000a1b7800000)]
  0x000001b91ff99e90 JavaThread "Unconstrained build operations Thread 14" [_thread_blocked, id=13776, stack(0x000000a1b7800000,0x000000a1b7900000)]
  0x000001b920d703e0 JavaThread "Unconstrained build operations Thread 15" [_thread_blocked, id=264, stack(0x000000a1b7900000,0x000000a1b7a00000)]
  0x000001b920d70e00 JavaThread "Unconstrained build operations Thread 16" [_thread_blocked, id=6368, stack(0x000000a1b7a00000,0x000000a1b7b00000)]
  0x000001b920d6f4b0 JavaThread "Unconstrained build operations Thread 17" [_thread_blocked, id=19516, stack(0x000000a1b7b00000,0x000000a1b7c00000)]
  0x000001b91fec1630 JavaThread "Unconstrained build operations Thread 18" [_thread_blocked, id=23628, stack(0x000000a1b7c00000,0x000000a1b7d00000)]
  0x000001b91fec0c10 JavaThread "Unconstrained build operations Thread 19" [_thread_blocked, id=24504, stack(0x000000a1b7d00000,0x000000a1b7e00000)]
  0x000001b91fec2050 JavaThread "Unconstrained build operations Thread 20" [_thread_blocked, id=14388, stack(0x000000a1b7e00000,0x000000a1b7f00000)]
  0x000001b91fec2560 JavaThread "Unconstrained build operations Thread 21" [_thread_blocked, id=21152, stack(0x000000a1b7f00000,0x000000a1b8000000)]
  0x000001b91fec1b40 JavaThread "Unconstrained build operations Thread 22" [_thread_blocked, id=8868, stack(0x000000a1b8000000,0x000000a1b8100000)]
  0x000001b922f01590 JavaThread "Unconstrained build operations Thread 23" [_thread_blocked, id=9524, stack(0x000000a1b8100000,0x000000a1b8200000)]
  0x000001b922f01fb0 JavaThread "Unconstrained build operations Thread 24" [_thread_blocked, id=23516, stack(0x000000a1b8200000,0x000000a1b8300000)]
  0x000001b922f033f0 JavaThread "Unconstrained build operations Thread 25" [_thread_blocked, id=21108, stack(0x000000a1b8300000,0x000000a1b8400000)]
  0x000001b9214f89b0 JavaThread "Unconstrained build operations Thread 26" [_thread_blocked, id=13960, stack(0x000000a1b8400000,0x000000a1b8500000)]
  0x000001b9214f93d0 JavaThread "Unconstrained build operations Thread 27" [_thread_blocked, id=26048, stack(0x000000a1b8500000,0x000000a1b8600000)]
  0x000001b9214f8ec0 JavaThread "Unconstrained build operations Thread 28" [_thread_blocked, id=17960, stack(0x000000a1b8600000,0x000000a1b8700000)]
  0x000001b9214f7f90 JavaThread "Unconstrained build operations Thread 29" [_thread_blocked, id=21280, stack(0x000000a1b8700000,0x000000a1b8800000)]
  0x000001b9214f98e0 JavaThread "Unconstrained build operations Thread 30" [_thread_blocked, id=5824, stack(0x000000a1b8800000,0x000000a1b8900000)]
  0x000001b9214f9df0 JavaThread "Unconstrained build operations Thread 31" [_thread_blocked, id=2660, stack(0x000000a1b8900000,0x000000a1b8a00000)]
  0x000001b9214fa300 JavaThread "Unconstrained build operations Thread 32" [_thread_blocked, id=26540, stack(0x000000a1b8a00000,0x000000a1b8b00000)]
  0x000001b9214fa810 JavaThread "Unconstrained build operations Thread 33" [_thread_blocked, id=21024, stack(0x000000a1b8b00000,0x000000a1b8c00000)]
  0x000001b9214f7060 JavaThread "Unconstrained build operations Thread 34" [_thread_blocked, id=23620, stack(0x000000a1b8c00000,0x000000a1b8d00000)]
  0x000001b922e3f620 JavaThread "Unconstrained build operations Thread 35" [_thread_blocked, id=23024, stack(0x000000a1b8d00000,0x000000a1b8e00000)]
  0x000001b922e3fb30 JavaThread "Unconstrained build operations Thread 36" [_thread_blocked, id=13828, stack(0x000000a1b8e00000,0x000000a1b8f00000)]
  0x000001b922e3f110 JavaThread "Unconstrained build operations Thread 37" [_thread_blocked, id=1968, stack(0x000000a1b8f00000,0x000000a1b9000000)]
  0x000001b922e3ec00 JavaThread "Unconstrained build operations Thread 38" [_thread_blocked, id=1868, stack(0x000000a1b9000000,0x000000a1b9100000)]
  0x000001b922e40040 JavaThread "Unconstrained build operations Thread 39" [_thread_blocked, id=26104, stack(0x000000a1b9100000,0x000000a1b9200000)]
  0x000001b922e3dcd0 JavaThread "Unconstrained build operations Thread 40" [_thread_blocked, id=25716, stack(0x000000a1b9200000,0x000000a1b9300000)]
  0x000001b922e40550 JavaThread "Unconstrained build operations Thread 41" [_thread_blocked, id=4724, stack(0x000000a1b9300000,0x000000a1b9400000)]
  0x000001b922e40f70 JavaThread "Unconstrained build operations Thread 42" [_thread_blocked, id=8996, stack(0x000000a1b9400000,0x000000a1b9500000)]
  0x000001b91ff9a3a0 JavaThread "Unconstrained build operations Thread 43" [_thread_blocked, id=10496, stack(0x000000a1b9500000,0x000000a1b9600000)]
  0x000001b91ff9a8b0 JavaThread "Unconstrained build operations Thread 44" [_thread_blocked, id=20348, stack(0x000000a1b9600000,0x000000a1b9700000)]
  0x000001b9222bb670 JavaThread "Unconstrained build operations Thread 45" [_thread_blocked, id=23092, stack(0x000000a1b9700000,0x000000a1b9800000)]
  0x000001b9222bc5a0 JavaThread "Unconstrained build operations Thread 46" [_thread_blocked, id=19836, stack(0x000000a1b9800000,0x000000a1b9900000)]
  0x000001b9222bcab0 JavaThread "Unconstrained build operations Thread 47" [_thread_blocked, id=4964, stack(0x000000a1b9900000,0x000000a1b9a00000)]
  0x000001b9222bb160 JavaThread "Unconstrained build operations Thread 48" [_thread_blocked, id=20012, stack(0x000000a1b9a00000,0x000000a1b9b00000)]
  0x000001b922e40a60 JavaThread "Unconstrained build operations Thread 49" [_thread_blocked, id=24704, stack(0x000000a1b9b00000,0x000000a1b9c00000)]
  0x000001b922e3e1e0 JavaThread "Unconstrained build operations Thread 50" [_thread_blocked, id=24220, stack(0x000000a1b9c00000,0x000000a1b9d00000)]
  0x000001b922e3e6f0 JavaThread "Unconstrained build operations Thread 51" [_thread_blocked, id=23140, stack(0x000000a1b9d00000,0x000000a1b9e00000)]
  0x000001b922e41480 JavaThread "Unconstrained build operations Thread 52" [_thread_blocked, id=16576, stack(0x000000a1b9e00000,0x000000a1b9f00000)]
  0x000001b92259c160 JavaThread "Unconstrained build operations Thread 53" [_thread_blocked, id=20388, stack(0x000000a1b9f00000,0x000000a1ba000000)]
  0x000001b92259a300 JavaThread "Unconstrained build operations Thread 54" [_thread_blocked, id=22732, stack(0x000000a1ba000000,0x000000a1ba100000)]
  0x000001b92259d5a0 JavaThread "Unconstrained build operations Thread 55" [_thread_blocked, id=23720, stack(0x000000a1ba100000,0x000000a1ba200000)]
  0x000001b92259bc50 JavaThread "Unconstrained build operations Thread 56" [_thread_blocked, id=23836, stack(0x000000a1ba200000,0x000000a1ba300000)]
  0x000001b921c15400 JavaThread "Unconstrained build operations Thread 57" [_thread_blocked, id=18300, stack(0x000000a1ba300000,0x000000a1ba400000)]
  0x000001b921c15910 JavaThread "Unconstrained build operations Thread 58" [_thread_blocked, id=23156, stack(0x000000a1ba400000,0x000000a1ba500000)]
  0x000001b921c144d0 JavaThread "Unconstrained build operations Thread 59" [_thread_blocked, id=22512, stack(0x000000a1ba500000,0x000000a1ba600000)]
  0x000001b92259ad20 JavaThread "Memory manager" [_thread_blocked, id=11744, stack(0x000000a1ba600000,0x000000a1ba700000)]
  0x000001b920bc0a50 JavaThread "build event listener" [_thread_blocked, id=18588, stack(0x000000a1ba700000,0x000000a1ba800000)]
  0x000001b920bbe6e0 JavaThread "ForkJoinPool.commonPool-worker-1" daemon [_thread_blocked, id=21780, stack(0x000000a1b6900000,0x000000a1b6a00000)]
  0x000001b92149d6e0 JavaThread "ForkJoinPool.commonPool-worker-2" daemon [_thread_blocked, id=20560, stack(0x000000a1ba800000,0x000000a1ba900000)]
  0x000001b92259d090 JavaThread "ForkJoinPool.commonPool-worker-5" daemon [_thread_blocked, id=25132, stack(0x000000a1bab00000,0x000000a1bac00000)]
  0x000001b920bbcd90 JavaThread "ForkJoinPool.commonPool-worker-6" daemon [_thread_blocked, id=23172, stack(0x000000a1bac00000,0x000000a1bad00000)]
  0x000001b921499ce0 JavaThread "ForkJoinPool.commonPool-worker-8" daemon [_thread_blocked, id=244, stack(0x000000a1bae00000,0x000000a1baf00000)]
  0x000001b930bc76d0 JavaThread "ForkJoinPool.commonPool-worker-9" daemon [_thread_blocked, id=19848, stack(0x000000a1baf00000,0x000000a1bb000000)]
  0x000001b92259a810 JavaThread "ForkJoinPool.commonPool-worker-11" daemon [_thread_blocked, id=22768, stack(0x000000a1bb100000,0x000000a1bb200000)]
  0x000001b921435e10 JavaThread "Execution worker" [_thread_blocked, id=10168, stack(0x000000a1bb600000,0x000000a1bb700000)]
  0x000001b91f463740 JavaThread "Execution worker Thread 2" [_thread_blocked, id=1152, stack(0x000000a1bb700000,0x000000a1bb800000)]
  0x000001b91f462d20 JavaThread "Execution worker Thread 3" [_thread_blocked, id=11192, stack(0x000000a1bb800000,0x000000a1bb900000)]
  0x000001b91f463230 JavaThread "Execution worker Thread 4" [_thread_blocked, id=25080, stack(0x000000a1bb900000,0x000000a1bba00000)]
  0x000001b91f463c50 JavaThread "Execution worker Thread 5" [_thread_blocked, id=21904, stack(0x000000a1bba00000,0x000000a1bbb00000)]
  0x000001b921c149e0 JavaThread "Execution worker Thread 6" [_thread_blocked, id=16616, stack(0x000000a1bbb00000,0x000000a1bbc00000)]
  0x000001b921c14ef0 JavaThread "Execution worker Thread 7" [_thread_blocked, id=23688, stack(0x000000a1bbc00000,0x000000a1bbd00000)]
  0x000001b921c13ab0 JavaThread "Execution worker Thread 8" [_thread_blocked, id=13048, stack(0x000000a1bbd00000,0x000000a1bbe00000)]
  0x000001b91f691990 JavaThread "Execution worker Thread 9" [_thread_blocked, id=24976, stack(0x000000a1bbe00000,0x000000a1bbf00000)]
  0x000001b91f690040 JavaThread "Execution worker Thread 10" [_thread_blocked, id=23876, stack(0x000000a1bbf00000,0x000000a1bc000000)]
  0x000001b91f690550 JavaThread "Execution worker Thread 11" [_thread_blocked, id=8768, stack(0x000000a1bc000000,0x000000a1bc100000)]
  0x000001b92ff703e0 JavaThread "Cache worker for execution history cache (C:\Users\arun9\ReactProjects\MovieRecommnederApp\MovieApp\node_modules\@react-native\gradle-plugin\.gradle\8.8\executionHistory)" [_thread_blocked, id=21440, stack(0x000000a1bc100000,0x000000a1bc200000)]
  0x000001b92259dab0 JavaThread "Unconstrained build operations Thread 60" [_thread_blocked, id=10392, stack(0x000000a1bc200000,0x000000a1bc300000)]
  0x000001b92259b230 JavaThread "Unconstrained build operations Thread 61" [_thread_blocked, id=10768, stack(0x000000a1bc300000,0x000000a1bc400000)]
  0x000001b92259b740 JavaThread "Unconstrained build operations Thread 62" [_thread_blocked, id=20980, stack(0x000000a1bc400000,0x000000a1bc500000)]
  0x000001b92259c670 JavaThread "Unconstrained build operations Thread 63" [_thread_blocked, id=21412, stack(0x000000a1bc500000,0x000000a1bc600000)]
  0x000001b92259cb80 JavaThread "Unconstrained build operations Thread 64" [_thread_blocked, id=21004, stack(0x000000a1bc600000,0x000000a1bc700000)]
  0x000001b92ff75320 JavaThread "Unconstrained build operations Thread 65" [_thread_blocked, id=13064, stack(0x000000a1bc700000,0x000000a1bc800000)]
  0x000001b92ff74e10 JavaThread "Unconstrained build operations Thread 66" [_thread_blocked, id=2516, stack(0x000000a1bc800000,0x000000a1bc900000)]
  0x000001b92ff73ee0 JavaThread "Unconstrained build operations Thread 67" [_thread_blocked, id=6836, stack(0x000000a1bc900000,0x000000a1bca00000)]
  0x000001b92ff739d0 JavaThread "Unconstrained build operations Thread 68" [_thread_blocked, id=23536, stack(0x000000a1bca00000,0x000000a1bcb00000)]
  0x000001b91f464160 JavaThread "Unconstrained build operations Thread 69" [_thread_blocked, id=19256, stack(0x000000a1bcb00000,0x000000a1bcc00000)]
  0x000001b92149dbf0 JavaThread "Unconstrained build operations Thread 70" [_thread_blocked, id=25704, stack(0x000000a1bcc00000,0x000000a1bcd00000)]
  0x000001b920b2e7c0 JavaThread "Unconstrained build operations Thread 71" [_thread_blocked, id=24488, stack(0x000000a1bcd00000,0x000000a1bce00000)]
  0x000001b920b2d380 JavaThread "Unconstrained build operations Thread 72" [_thread_blocked, id=11572, stack(0x000000a1bce00000,0x000000a1bcf00000)]
  0x000001b920b2c450 JavaThread "Unconstrained build operations Thread 73" [_thread_blocked, id=22092, stack(0x000000a1bcf00000,0x000000a1bd000000)]
  0x000001b920b2d890 JavaThread "Unconstrained build operations Thread 74" [_thread_blocked, id=15028, stack(0x000000a1bd000000,0x000000a1bd100000)]
  0x000001b92ff743f0 JavaThread "Unconstrained build operations Thread 75" [_thread_blocked, id=7736, stack(0x000000a1bd100000,0x000000a1bd200000)]
  0x000001b92ff74900 JavaThread "Unconstrained build operations Thread 76" [_thread_blocked, id=13188, stack(0x000000a1bd200000,0x000000a1bd300000)]
  0x000001b9229e6370 JavaThread "Unconstrained build operations Thread 77" [_thread_blocked, id=13588, stack(0x000000a1bd300000,0x000000a1bd400000)]
  0x000001b9229e5950 JavaThread "Unconstrained build operations Thread 78" [_thread_blocked, id=20964, stack(0x000000a1bd400000,0x000000a1bd500000)]
  0x000001b9229e4a20 JavaThread "Unconstrained build operations Thread 79" [_thread_blocked, id=14232, stack(0x000000a1bd500000,0x000000a1bd600000)]
  0x000001b9229e4f30 JavaThread "Unconstrained build operations Thread 80" [_thread_blocked, id=23832, stack(0x000000a1bd600000,0x000000a1bd700000)]
  0x000001b9229e72a0 JavaThread "Unconstrained build operations Thread 81" [_thread_blocked, id=7112, stack(0x000000a1bd700000,0x000000a1bd800000)]
  0x000001b9229e5440 JavaThread "Unconstrained build operations Thread 82" [_thread_blocked, id=6080, stack(0x000000a1bd800000,0x000000a1bd900000)]
  0x000001b9229e5e60 JavaThread "Unconstrained build operations Thread 83" [_thread_blocked, id=14324, stack(0x000000a1bd900000,0x000000a1bda00000)]
  0x000001b9229e4510 JavaThread "Unconstrained build operations Thread 84" [_thread_blocked, id=6580, stack(0x000000a1bda00000,0x000000a1bdb00000)]
  0x000001b922cbc610 JavaThread "Unconstrained build operations Thread 85" [_thread_blocked, id=20796, stack(0x000000a1bdb00000,0x000000a1bdc00000)]
  0x000001b9229e6880 JavaThread "Unconstrained build operations Thread 86" [_thread_blocked, id=25164, stack(0x000000a1bdc00000,0x000000a1bdd00000)]
  0x000001b91f4613d0 JavaThread "Unconstrained build operations Thread 87" [_thread_blocked, id=15204, stack(0x000000a1bdd00000,0x000000a1bde00000)]
  0x000001b9229e6d90 JavaThread "Unconstrained build operations Thread 88" [_thread_blocked, id=22932, stack(0x000000a1bde00000,0x000000a1bdf00000)]
  0x000001b91ff9c200 JavaThread "Unconstrained build operations Thread 89" [_thread_blocked, id=19220, stack(0x000000a1bdf00000,0x000000a1be000000)]
  0x000001b91fec4570 JavaThread "Unconstrained build operations Thread 90" [_thread_blocked, id=8180, stack(0x000000a1be000000,0x000000a1be100000)]
  0x000001b931a08e00 JavaThread "Unconstrained build operations Thread 91" [_thread_blocked, id=20004, stack(0x000000a1be100000,0x000000a1be200000)]
  0x000001b931a06a90 JavaThread "Unconstrained build operations Thread 92" [_thread_blocked, id=20840, stack(0x000000a1be200000,0x000000a1be300000)]
  0x000001b91f464670 JavaThread "Unconstrained build operations Thread 93" [_thread_blocked, id=25000, stack(0x000000a1be300000,0x000000a1be400000)]
  0x000001b920b2ecd0 JavaThread "Unconstrained build operations Thread 94" [_thread_blocked, id=7612, stack(0x000000a1be400000,0x000000a1be500000)]
  0x000001b920b2f6f0 JavaThread "Unconstrained build operations Thread 95" [_thread_blocked, id=18568, stack(0x000000a1be500000,0x000000a1be600000)]
  0x000001b920b2dda0 JavaThread "Unconstrained build operations Thread 96" [_thread_blocked, id=7232, stack(0x000000a1be600000,0x000000a1be700000)]
  0x000001b920b2e2b0 JavaThread "Unconstrained build operations Thread 97" [_thread_blocked, id=20000, stack(0x000000a1be700000,0x000000a1be800000)]
  0x000001b920b2ce70 JavaThread "Unconstrained build operations Thread 98" [_thread_blocked, id=4948, stack(0x000000a1be800000,0x000000a1be900000)]
  0x000001b920b2fc00 JavaThread "Unconstrained build operations Thread 99" [_thread_blocked, id=17260, stack(0x000000a1be900000,0x000000a1bea00000)]
  0x000001b920b2f1e0 JavaThread "Unconstrained build operations Thread 100" [_thread_blocked, id=26592, stack(0x000000a1bea00000,0x000000a1beb00000)]
  0x000001b920b2c960 JavaThread "Unconstrained build operations Thread 101" [_thread_blocked, id=20804, stack(0x000000a1beb00000,0x000000a1bec00000)]
  0x000001b92149c7b0 JavaThread "Unconstrained build operations Thread 102" [_thread_blocked, id=12408, stack(0x000000a1bec00000,0x000000a1bed00000)]
  0x000001b93091bc20 JavaThread "Unconstrained build operations Thread 103" [_thread_blocked, id=21628, stack(0x000000a1bed00000,0x000000a1bee00000)]
  0x000001b93091acf0 JavaThread "Unconstrained build operations Thread 104" [_thread_blocked, id=24368, stack(0x000000a1bee00000,0x000000a1bef00000)]
  0x000001b9229e3af0 JavaThread "Unconstrained build operations Thread 105" [_thread_blocked, id=13528, stack(0x000000a1bef00000,0x000000a1bf000000)]
  0x000001b931a09310 JavaThread "Unconstrained build operations Thread 106" [_thread_blocked, id=26404, stack(0x000000a1bf000000,0x000000a1bf100000)]
  0x000001b931a074b0 JavaThread "Unconstrained build operations Thread 107" [_thread_blocked, id=23980, stack(0x000000a1bf100000,0x000000a1bf200000)]
  0x000001b9229e4000 JavaThread "Unconstrained build operations Thread 108" [_thread_blocked, id=21184, stack(0x000000a1bf200000,0x000000a1bf300000)]
  0x000001b930d17b50 JavaThread "Unconstrained build operations Thread 109" [_thread_blocked, id=23668, stack(0x000000a1bf300000,0x000000a1bf400000)]
  0x000001b930d18570 JavaThread "Unconstrained build operations Thread 110" [_thread_blocked, id=16804, stack(0x000000a1bf400000,0x000000a1bf500000)]
  0x000001b930d1b300 JavaThread "Unconstrained build operations Thread 111" [_thread_blocked, id=26084, stack(0x000000a1bf500000,0x000000a1bf600000)]
  0x000001b930d18a80 JavaThread "Unconstrained build operations Thread 112" [_thread_blocked, id=24216, stack(0x000000a1bf600000,0x000000a1bf700000)]
  0x000001b930d1a8e0 JavaThread "Unconstrained build operations Thread 113" [_thread_blocked, id=23452, stack(0x000000a1bf700000,0x000000a1bf800000)]
  0x000001b930d199b0 JavaThread "Unconstrained build operations Thread 114" [_thread_blocked, id=12504, stack(0x000000a1bf800000,0x000000a1bf900000)]
  0x000001b91f464b80 JavaThread "Unconstrained build operations Thread 115" [_thread_blocked, id=22320, stack(0x000000a1bf900000,0x000000a1bfa00000)]
  0x000001b91f4618e0 JavaThread "Unconstrained build operations Thread 116" [_thread_blocked, id=19780, stack(0x000000a1bfa00000,0x000000a1bfb00000)]
  0x000001b91f461df0 JavaThread "Unconstrained build operations Thread 117" [_thread_blocked, id=11180, stack(0x000000a1bfb00000,0x000000a1bfc00000)]
  0x000001b91f462300 JavaThread "Unconstrained build operations Thread 118" [_thread_blocked, id=11968, stack(0x000000a1bfc00000,0x000000a1bfd00000)]
  0x000001b92ff70e00 JavaThread "Unconstrained build operations Thread 119" [_thread_blocked, id=9868, stack(0x000000a1bfd00000,0x000000a1bfe00000)]
  0x000001b92ff71d30 JavaThread "Unconstrained build operations Thread 120" [_thread_blocked, id=3664, stack(0x000000a1bfe00000,0x000000a1bff00000)]
  0x000001b91f462810 JavaThread "jar transforms Thread 2" [_thread_blocked, id=22276, stack(0x000000a1c0000000,0x000000a1c0100000)]
  0x000001b9301c7d00 JavaThread "Cache worker for Build Output Cleanup Cache (C:\Users\arun9\ReactProjects\MovieRecommnederApp\MovieApp\android\.gradle\buildOutputCleanup)" [_thread_blocked, id=25616, stack(0x000000a1c0100000,0x000000a1c0200000)]
  0x000001b9301c5ea0 JavaThread "jar transforms Thread 3" [_thread_blocked, id=26556, stack(0x000000a1c0200000,0x000000a1c0300000)]
  0x000001b930d19ec0 JavaThread "jar transforms Thread 4" [_thread_blocked, id=13480, stack(0x000000a1bb200000,0x000000a1bb300000)]
  0x000001b930d18060 JavaThread "jar transforms Thread 5" [_thread_blocked, id=11632, stack(0x000000a1bb300000,0x000000a1bb400000)]
  0x000001b930d18f90 JavaThread "jar transforms Thread 6" [_thread_blocked, id=23356, stack(0x000000a1bb400000,0x000000a1bb500000)]
  0x000001b9318d8920 JavaThread "build event listener" [_thread_blocked, id=24472, stack(0x000000a1bff00000,0x000000a1c0000000)]
  0x000001b9318d8e30 JavaThread "jar transforms Thread 7" [_thread_blocked, id=19248, stack(0x000000a1c0400000,0x000000a1c0500000)]
  0x000001b9318da780 JavaThread "jar transforms Thread 8" [_thread_blocked, id=25232, stack(0x000000a1c0500000,0x000000a1c0600000)]
  0x000001b9301c8720 JavaThread "jar transforms Thread 9" [_thread_blocked, id=2532, stack(0x000000a1c0600000,0x000000a1c0700000)]
  0x000001b920bbd2a0 JavaThread "jar transforms Thread 10" [_thread_blocked, id=25216, stack(0x000000a1c0700000,0x000000a1c0800000)]
  0x000001b920bc1470 JavaThread "jar transforms Thread 11" [_thread_blocked, id=23524, stack(0x000000a1c0800000,0x000000a1c0900000)]
  0x000001b93091b710 JavaThread "jar transforms Thread 12" [_thread_blocked, id=24000, stack(0x000000a1c0900000,0x000000a1c0a00000)]
  0x000001b91ff99470 JavaThread "ForkJoinPool.commonPool-worker-12" daemon [_thread_blocked, id=22724, stack(0x000000a1ba900000,0x000000a1baa00000)]
  0x000001b93091b200 JavaThread "pool-3-thread-1" [_thread_blocked, id=12144, stack(0x000000a1bb500000,0x000000a1bb600000)]
  0x000001b930918e90 JavaThread "build event listener" [_thread_blocked, id=7140, stack(0x000000a1c0300000,0x000000a1c0400000)]
  0x000001b93091c640 JavaThread "included builds Thread 2" [_thread_blocked, id=3688, stack(0x000000a1c0a00000,0x000000a1c0b00000)]
  0x000001b9301c8c30 JavaThread "Cache worker for execution history cache (C:\Users\arun9\ReactProjects\MovieRecommnederApp\MovieApp\android\.gradle\8.8\executionHistory)" [_thread_blocked, id=17516, stack(0x000000a1b6a00000,0x000000a1b6b00000)]
  0x000001b9318d9340 JavaThread "pool-4-thread-1" [_thread_blocked, id=1948, stack(0x000000a1baa00000,0x000000a1bab00000)]
  0x000001b9319a8cd0 JavaThread "stderr" [_thread_in_native, id=25808, stack(0x000000a1bad00000,0x000000a1bae00000)]
  0x000001b936790860 JavaThread "stderr" [_thread_in_native, id=17792, stack(0x000000a1c0b00000,0x000000a1c0c00000)]
  0x000001b9319a82b0 JavaThread "stdout" [_thread_in_native, id=7120, stack(0x000000a1c0c00000,0x000000a1c0d00000)]
  0x000001b93678fe40 JavaThread "stdout" [_thread_in_native, id=23264, stack(0x000000a1c0d00000,0x000000a1c0e00000)]
  0x000001b9318d9850 JavaThread "stderr" [_thread_in_native, id=2236, stack(0x000000a1c0e00000,0x000000a1c0f00000)]
  0x000001b9318dac90 JavaThread "stdout" [_thread_in_native, id=26456, stack(0x000000a1c0f00000,0x000000a1c1000000)]
  0x000001b93091a2d0 JavaThread "Exec process Thread 4" [_thread_blocked, id=21296, stack(0x000000a1bb000000,0x000000a1bb100000)]
  0x000001b92f060d00 JavaThread "Exec process Thread 5" [_thread_blocked, id=5016, stack(0x000000a1c1000000,0x000000a1c1100000)]
  0x000001b92f0602e0 JavaThread "Exec process Thread 6" [_thread_blocked, id=21172, stack(0x000000a1c1100000,0x000000a1c1200000)]

Other Threads:
=>0x000001b97dce34f0 VMThread "VM Thread" [stack: 0x000000a1b3a00000,0x000000a1b3b00000] [id=84]
  0x000001b95f718dd0 WatcherThread [stack: 0x000000a1b4600000,0x000000a1b4700000] [id=11776]
  0x000001b95f774640 GCTaskThread "GC Thread#0" [stack: 0x000000a1b3500000,0x000000a1b3600000] [id=24776]
  0x000001b97e75c4b0 GCTaskThread "GC Thread#1" [stack: 0x000000a1b4700000,0x000000a1b4800000] [id=6708]
  0x000001b97e71d0e0 GCTaskThread "GC Thread#2" [stack: 0x000000a1b4800000,0x000000a1b4900000] [id=23816]
  0x000001b97e71d3a0 GCTaskThread "GC Thread#3" [stack: 0x000000a1b4900000,0x000000a1b4a00000] [id=8092]
  0x000001b97e33f700 GCTaskThread "GC Thread#4" [stack: 0x000000a1b4a00000,0x000000a1b4b00000] [id=19936]
  0x000001b97ec3df60 GCTaskThread "GC Thread#5" [stack: 0x000000a1b5500000,0x000000a1b5600000] [id=18564]
  0x000001b97e16b670 GCTaskThread "GC Thread#6" [stack: 0x000000a1b5600000,0x000000a1b5700000] [id=22164]
  0x000001b97f8ee070 GCTaskThread "GC Thread#7" [stack: 0x000000a1b5700000,0x000000a1b5800000] [id=22492]
  0x000001b97ebd6bb0 GCTaskThread "GC Thread#8" [stack: 0x000000a1b5800000,0x000000a1b5900000] [id=6396]
  0x000001b97e4d6870 GCTaskThread "GC Thread#9" [stack: 0x000000a1b5900000,0x000000a1b5a00000] [id=21124]
  0x000001b95f7858b0 ConcurrentGCThread "G1 Main Marker" [stack: 0x000000a1b3600000,0x000000a1b3700000] [id=2116]
  0x000001b95f786980 ConcurrentGCThread "G1 Conc#0" [stack: 0x000000a1b3700000,0x000000a1b3800000] [id=16964]
  0x000001b97fb423e0 ConcurrentGCThread "G1 Conc#1" [stack: 0x000000a1b6000000,0x000000a1b6100000] [id=24732]
  0x000001b97fb41e60 ConcurrentGCThread "G1 Conc#2" [stack: 0x000000a1b6100000,0x000000a1b6200000] [id=16172]
  0x000001b97db9e120 ConcurrentGCThread "G1 Refine#0" [stack: 0x000000a1b3800000,0x000000a1b3900000] [id=22664]
  0x000001b920729070 ConcurrentGCThread "G1 Refine#1" [stack: 0x000000a1b6600000,0x000000a1b6700000] [id=12760]
  0x000001b91f773050 ConcurrentGCThread "G1 Refine#2" [stack: 0x000000a1b6700000,0x000000a1b6800000] [id=25680]
  0x000001b97db9ea60 ConcurrentGCThread "G1 Service" [stack: 0x000000a1b3900000,0x000000a1b3a00000] [id=12540]

Threads with active compile tasks:
C2 CompilerThread0   569777 49503       4       com.android.tools.r8.graph.E3::b (716 bytes)
C1 CompilerThread0   569777 50223       3       com.android.tools.r8.ir.regalloc.b::a (30 bytes)

VM state: at safepoint (normal execution)

VM Mutex/Monitor currently owned by a thread:  ([mutex/lock_event])
[0x000001b95f7140b0] Threads_lock - owner thread: 0x000001b97dce34f0
[0x000001b95f715580] Heap_lock - owner thread: 0x000001b91f461df0

Heap address: 0x0000000080000000, size: 2048 MB, Compressed Oops mode: 32-bit

CDS archive(s) mapped at: [0x000001b900000000-0x000001b900bb0000-0x000001b900bb0000), size 12255232, SharedBaseAddress: 0x000001b900000000, ArchiveRelocationMode: 1.
Compressed class space mapped at: 0x000001b901000000-0x000001b91b000000, reserved size: 436207616
Narrow klass base: 0x000001b900000000, Narrow klass shift: 0, Narrow klass range: 0x100000000

GC Precious Log:
 CPUs: 12 total, 12 available
 Memory: 7598M
 Large Page Support: Disabled
 NUMA Support: Disabled
 Compressed Oops: Enabled (32-bit)
 Heap Region Size: 1M
 Heap Min Capacity: 8M
 Heap Initial Capacity: 120M
 Heap Max Capacity: 2G
 Pre-touch: Disabled
 Parallel Workers: 10
 Concurrent Workers: 3
 Concurrent Refinement Workers: 10
 Periodic GC: Disabled

Heap:
 garbage-first heap   total 864256K, used 621076K [0x0000000080000000, 0x0000000100000000)
  region size 1024K, 15 young (15360K), 15 survivors (15360K)
 Metaspace       used 228307K, committed 230144K, reserved 688128K
  class space    used 29313K, committed 30208K, reserved 425984K

Heap Regions: E=young(eden), S=young(survivor), O=old, HS=humongous(starts), HC=humongous(continues), CS=collection set, F=free, OA=open archive, CA=closed archive, TAMS=top-at-mark-start (previous, next)
|   0|0x0000000080000000, 0x0000000080100000, 0x0000000080100000|100%|HS|  |TAMS 0x0000000080100000, 0x0000000080100000| Complete 
|   1|0x0000000080100000, 0x0000000080200000, 0x0000000080200000|100%|HC|  |TAMS 0x0000000080200000, 0x0000000080200000| Complete 
|   2|0x0000000080200000, 0x0000000080300000, 0x0000000080300000|100%|HC|  |TAMS 0x0000000080300000, 0x0000000080300000| Complete 
|   3|0x0000000080300000, 0x0000000080400000, 0x0000000080400000|100%|HC|  |TAMS 0x0000000080400000, 0x0000000080400000| Complete 
|   4|0x0000000080400000, 0x0000000080500000, 0x0000000080500000|100%| O|  |TAMS 0x0000000080500000, 0x0000000080500000| Untracked 
|   5|0x0000000080500000, 0x0000000080600000, 0x0000000080600000|100%| O|  |TAMS 0x0000000080600000, 0x0000000080600000| Untracked 
|   6|0x0000000080600000, 0x0000000080700000, 0x0000000080700000|100%| O|  |TAMS 0x0000000080700000, 0x0000000080700000| Untracked 
|   7|0x0000000080700000, 0x0000000080800000, 0x0000000080800000|100%| O|  |TAMS 0x0000000080800000, 0x0000000080800000| Untracked 
|   8|0x0000000080800000, 0x0000000080900000, 0x0000000080900000|100%| O|  |TAMS 0x0000000080900000, 0x0000000080900000| Untracked 
|   9|0x0000000080900000, 0x0000000080a00000, 0x0000000080a00000|100%| O|  |TAMS 0x0000000080a00000, 0x0000000080a00000| Untracked 
|  10|0x0000000080a00000, 0x0000000080b00000, 0x0000000080b00000|100%| O|  |TAMS 0x0000000080b00000, 0x0000000080b00000| Untracked 
|  11|0x0000000080b00000, 0x0000000080c00000, 0x0000000080c00000|100%|HS|  |TAMS 0x0000000080c00000, 0x0000000080c00000| Complete 
|  12|0x0000000080c00000, 0x0000000080d00000, 0x0000000080d00000|100%| O|  |TAMS 0x0000000080d00000, 0x0000000080d00000| Untracked 
|  13|0x0000000080d00000, 0x0000000080e00000, 0x0000000080e00000|100%| O|  |TAMS 0x0000000080e00000, 0x0000000080e00000| Untracked 
|  14|0x0000000080e00000, 0x0000000080f00000, 0x0000000080f00000|100%| O|  |TAMS 0x0000000080f00000, 0x0000000080f00000| Untracked 
|  15|0x0000000080f00000, 0x0000000081000000, 0x0000000081000000|100%| O|  |TAMS 0x0000000081000000, 0x0000000081000000| Untracked 
|  16|0x0000000081000000, 0x0000000081100000, 0x0000000081100000|100%| O|  |TAMS 0x0000000081100000, 0x0000000081100000| Untracked 
|  17|0x0000000081100000, 0x0000000081200000, 0x0000000081200000|100%| O|  |TAMS 0x0000000081200000, 0x0000000081200000| Untracked 
|  18|0x0000000081200000, 0x0000000081300000, 0x0000000081300000|100%| O|  |TAMS 0x0000000081300000, 0x0000000081300000| Untracked 
|  19|0x0000000081300000, 0x00000000813c2a00, 0x0000000081400000| 76%| O|  |TAMS 0x00000000813c2a00, 0x00000000813c2a00| Untracked 
|  20|0x0000000081400000, 0x0000000081500000, 0x0000000081500000|100%| O|  |TAMS 0x0000000081500000, 0x0000000081500000| Untracked 
|  21|0x0000000081500000, 0x0000000081600000, 0x0000000081600000|100%| O|  |TAMS 0x0000000081600000, 0x0000000081600000| Untracked 
|  22|0x0000000081600000, 0x0000000081700000, 0x0000000081700000|100%| O|  |TAMS 0x0000000081700000, 0x0000000081700000| Untracked 
|  23|0x0000000081700000, 0x0000000081800000, 0x0000000081800000|100%| O|  |TAMS 0x0000000081800000, 0x0000000081800000| Untracked 
|  24|0x0000000081800000, 0x0000000081900000, 0x0000000081900000|100%| O|  |TAMS 0x0000000081900000, 0x0000000081900000| Untracked 
|  25|0x0000000081900000, 0x0000000081a00000, 0x0000000081a00000|100%| O|  |TAMS 0x0000000081a00000, 0x0000000081a00000| Untracked 
|  26|0x0000000081a00000, 0x0000000081b00000, 0x0000000081b00000|100%| O|  |TAMS 0x0000000081b00000, 0x0000000081b00000| Untracked 
|  27|0x0000000081b00000, 0x0000000081c00000, 0x0000000081c00000|100%| O|  |TAMS 0x0000000081c00000, 0x0000000081c00000| Untracked 
|  28|0x0000000081c00000, 0x0000000081d00000, 0x0000000081d00000|100%| O|  |TAMS 0x0000000081d00000, 0x0000000081d00000| Untracked 
|  29|0x0000000081d00000, 0x0000000081e00000, 0x0000000081e00000|100%| O|  |TAMS 0x0000000081e00000, 0x0000000081e00000| Untracked 
|  30|0x0000000081e00000, 0x0000000081f00000, 0x0000000081f00000|100%| O|  |TAMS 0x0000000081f00000, 0x0000000081f00000| Untracked 
|  31|0x0000000081f00000, 0x0000000082000000, 0x0000000082000000|100%| O|  |TAMS 0x0000000082000000, 0x0000000082000000| Untracked 
|  32|0x0000000082000000, 0x0000000082100000, 0x0000000082100000|100%| O|  |TAMS 0x0000000082100000, 0x0000000082100000| Untracked 
|  33|0x0000000082100000, 0x0000000082200000, 0x0000000082200000|100%| O|  |TAMS 0x0000000082100000, 0x0000000082200000| Untracked 
|  34|0x0000000082200000, 0x0000000082300000, 0x0000000082300000|100%| O|  |TAMS 0x0000000082300000, 0x0000000082300000| Untracked 
|  35|0x0000000082300000, 0x0000000082400000, 0x0000000082400000|100%| O|  |TAMS 0x0000000082400000, 0x0000000082400000| Untracked 
|  36|0x0000000082400000, 0x0000000082500000, 0x0000000082500000|100%| O|  |TAMS 0x0000000082400000, 0x0000000082500000| Untracked 
|  37|0x0000000082500000, 0x0000000082600000, 0x0000000082600000|100%| O|  |TAMS 0x0000000082600000, 0x0000000082600000| Untracked 
|  38|0x0000000082600000, 0x0000000082700000, 0x0000000082700000|100%| O|  |TAMS 0x0000000082600000, 0x0000000082700000| Untracked 
|  39|0x0000000082700000, 0x0000000082800000, 0x0000000082800000|100%| O|  |TAMS 0x0000000082800000, 0x0000000082800000| Untracked 
|  40|0x0000000082800000, 0x0000000082900000, 0x0000000082900000|100%| O|  |TAMS 0x0000000082900000, 0x0000000082900000| Untracked 
|  41|0x0000000082900000, 0x0000000082a00000, 0x0000000082a00000|100%| O|  |TAMS 0x0000000082a00000, 0x0000000082a00000| Untracked 
|  42|0x0000000082a00000, 0x0000000082b00000, 0x0000000082b00000|100%| O|  |TAMS 0x0000000082b00000, 0x0000000082b00000| Untracked 
|  43|0x0000000082b00000, 0x0000000082c00000, 0x0000000082c00000|100%| O|  |TAMS 0x0000000082c00000, 0x0000000082c00000| Untracked 
|  44|0x0000000082c00000, 0x0000000082d00000, 0x0000000082d00000|100%| O|  |TAMS 0x0000000082c00000, 0x0000000082d00000| Untracked 
|  45|0x0000000082d00000, 0x0000000082e00000, 0x0000000082e00000|100%| O|  |TAMS 0x0000000082e00000, 0x0000000082e00000| Untracked 
|  46|0x0000000082e00000, 0x0000000082f00000, 0x0000000082f00000|100%| O|  |TAMS 0x0000000082f00000, 0x0000000082f00000| Untracked 
|  47|0x0000000082f00000, 0x0000000083000000, 0x0000000083000000|100%| O|  |TAMS 0x0000000083000000, 0x0000000083000000| Untracked 
|  48|0x0000000083000000, 0x0000000083100000, 0x0000000083100000|100%| O|  |TAMS 0x0000000083000000, 0x0000000083100000| Untracked 
|  49|0x0000000083100000, 0x0000000083200000, 0x0000000083200000|100%| O|  |TAMS 0x0000000083100000, 0x0000000083200000| Untracked 
|  50|0x0000000083200000, 0x0000000083300000, 0x0000000083300000|100%| O|  |TAMS 0x0000000083300000, 0x0000000083300000| Untracked 
|  51|0x0000000083300000, 0x0000000083400000, 0x0000000083400000|100%| O|  |TAMS 0x0000000083400000, 0x0000000083400000| Untracked 
|  52|0x0000000083400000, 0x0000000083500000, 0x0000000083500000|100%| O|  |TAMS 0x0000000083500000, 0x0000000083500000| Untracked 
|  53|0x0000000083500000, 0x0000000083600000, 0x0000000083600000|100%| O|  |TAMS 0x0000000083600000, 0x0000000083600000| Untracked 
|  54|0x0000000083600000, 0x0000000083700000, 0x0000000083700000|100%| O|  |TAMS 0x0000000083700000, 0x0000000083700000| Untracked 
|  55|0x0000000083700000, 0x0000000083800000, 0x0000000083800000|100%| O|  |TAMS 0x0000000083800000, 0x0000000083800000| Untracked 
|  56|0x0000000083800000, 0x0000000083900000, 0x0000000083900000|100%| O|  |TAMS 0x0000000083900000, 0x0000000083900000| Untracked 
|  57|0x0000000083900000, 0x0000000083a00000, 0x0000000083a00000|100%| O|  |TAMS 0x0000000083900000, 0x0000000083a00000| Untracked 
|  58|0x0000000083a00000, 0x0000000083b00000, 0x0000000083b00000|100%| O|  |TAMS 0x0000000083a00000, 0x0000000083b00000| Untracked 
|  59|0x0000000083b00000, 0x0000000083c00000, 0x0000000083c00000|100%| O|  |TAMS 0x0000000083c00000, 0x0000000083c00000| Untracked 
|  60|0x0000000083c00000, 0x0000000083d00000, 0x0000000083d00000|100%| O|  |TAMS 0x0000000083d00000, 0x0000000083d00000| Untracked 
|  61|0x0000000083d00000, 0x0000000083e00000, 0x0000000083e00000|100%| O|  |TAMS 0x0000000083d00000, 0x0000000083e00000| Untracked 
|  62|0x0000000083e00000, 0x0000000083f00000, 0x0000000083f00000|100%| O|  |TAMS 0x0000000083e00000, 0x0000000083f00000| Untracked 
|  63|0x0000000083f00000, 0x0000000084000000, 0x0000000084000000|100%| O|  |TAMS 0x0000000083f00000, 0x0000000084000000| Untracked 
|  64|0x0000000084000000, 0x0000000084100000, 0x0000000084100000|100%|HS|  |TAMS 0x0000000084000000, 0x0000000084100000| Complete 
|  65|0x0000000084100000, 0x0000000084200000, 0x0000000084200000|100%|HS|  |TAMS 0x0000000084100000, 0x0000000084200000| Complete 
|  66|0x0000000084200000, 0x0000000084300000, 0x0000000084300000|100%| O|  |TAMS 0x0000000084200000, 0x0000000084300000| Untracked 
|  67|0x0000000084300000, 0x0000000084400000, 0x0000000084400000|100%| O|  |TAMS 0x0000000084400000, 0x0000000084400000| Untracked 
|  68|0x0000000084400000, 0x0000000084500000, 0x0000000084500000|100%| O|  |TAMS 0x0000000084500000, 0x0000000084500000| Untracked 
|  69|0x0000000084500000, 0x0000000084600000, 0x0000000084600000|100%| O|  |TAMS 0x0000000084600000, 0x0000000084600000| Untracked 
|  70|0x0000000084600000, 0x0000000084700000, 0x0000000084700000|100%| O|  |TAMS 0x0000000084700000, 0x0000000084700000| Untracked 
|  71|0x0000000084700000, 0x0000000084800000, 0x0000000084800000|100%| O|  |TAMS 0x0000000084800000, 0x0000000084800000| Untracked 
|  72|0x0000000084800000, 0x0000000084900000, 0x0000000084900000|100%| O|  |TAMS 0x0000000084900000, 0x0000000084900000| Untracked 
|  73|0x0000000084900000, 0x0000000084a00000, 0x0000000084a00000|100%| O|  |TAMS 0x0000000084a00000, 0x0000000084a00000| Untracked 
|  74|0x0000000084a00000, 0x0000000084b00000, 0x0000000084b00000|100%|HS|  |TAMS 0x0000000084b00000, 0x0000000084b00000| Complete 
|  75|0x0000000084b00000, 0x0000000084c00000, 0x0000000084c00000|100%|HC|  |TAMS 0x0000000084c00000, 0x0000000084c00000| Complete 
|  76|0x0000000084c00000, 0x0000000084d00000, 0x0000000084d00000|100%| O|  |TAMS 0x0000000084c00000, 0x0000000084d00000| Untracked 
|  77|0x0000000084d00000, 0x0000000084e00000, 0x0000000084e00000|100%| O|  |TAMS 0x0000000084e00000, 0x0000000084e00000| Untracked 
|  78|0x0000000084e00000, 0x0000000084f00000, 0x0000000084f00000|100%| O|  |TAMS 0x0000000084e00000, 0x0000000084f00000| Untracked 
|  79|0x0000000084f00000, 0x0000000085000000, 0x0000000085000000|100%| O|  |TAMS 0x0000000084f00000, 0x0000000085000000| Untracked 
|  80|0x0000000085000000, 0x0000000085100000, 0x0000000085100000|100%| O|  |TAMS 0x0000000085100000, 0x0000000085100000| Untracked 
|  81|0x0000000085100000, 0x0000000085200000, 0x0000000085200000|100%| O|  |TAMS 0x0000000085200000, 0x0000000085200000| Untracked 
|  82|0x0000000085200000, 0x0000000085300000, 0x0000000085300000|100%| O|  |TAMS 0x0000000085300000, 0x0000000085300000| Untracked 
|  83|0x0000000085300000, 0x0000000085400000, 0x0000000085400000|100%| O|  |TAMS 0x0000000085400000, 0x0000000085400000| Untracked 
|  84|0x0000000085400000, 0x0000000085500000, 0x0000000085500000|100%| O|  |TAMS 0x0000000085500000, 0x0000000085500000| Untracked 
|  85|0x0000000085500000, 0x0000000085600000, 0x0000000085600000|100%| O|  |TAMS 0x0000000085600000, 0x0000000085600000| Untracked 
|  86|0x0000000085600000, 0x0000000085700000, 0x0000000085700000|100%| O|  |TAMS 0x0000000085700000, 0x0000000085700000| Untracked 
|  87|0x0000000085700000, 0x0000000085800000, 0x0000000085800000|100%| O|  |TAMS 0x0000000085800000, 0x0000000085800000| Untracked 
|  88|0x0000000085800000, 0x0000000085900000, 0x0000000085900000|100%| O|  |TAMS 0x0000000085900000, 0x0000000085900000| Untracked 
|  89|0x0000000085900000, 0x0000000085a00000, 0x0000000085a00000|100%| O|  |TAMS 0x0000000085a00000, 0x0000000085a00000| Untracked 
|  90|0x0000000085a00000, 0x0000000085b00000, 0x0000000085b00000|100%| O|  |TAMS 0x0000000085b00000, 0x0000000085b00000| Untracked 
|  91|0x0000000085b00000, 0x0000000085c00000, 0x0000000085c00000|100%| O|  |TAMS 0x0000000085c00000, 0x0000000085c00000| Untracked 
|  92|0x0000000085c00000, 0x0000000085d00000, 0x0000000085d00000|100%| O|  |TAMS 0x0000000085d00000, 0x0000000085d00000| Untracked 
|  93|0x0000000085d00000, 0x0000000085e00000, 0x0000000085e00000|100%| O|  |TAMS 0x0000000085e00000, 0x0000000085e00000| Untracked 
|  94|0x0000000085e00000, 0x0000000085f00000, 0x0000000085f00000|100%| O|  |TAMS 0x0000000085f00000, 0x0000000085f00000| Untracked 
|  95|0x0000000085f00000, 0x0000000086000000, 0x0000000086000000|100%| O|  |TAMS 0x0000000085f00000, 0x0000000086000000| Untracked 
|  96|0x0000000086000000, 0x0000000086100000, 0x0000000086100000|100%| O|  |TAMS 0x0000000086000000, 0x0000000086100000| Untracked 
|  97|0x0000000086100000, 0x0000000086200000, 0x0000000086200000|100%| O|  |TAMS 0x0000000086100000, 0x0000000086200000| Untracked 
|  98|0x0000000086200000, 0x0000000086300000, 0x0000000086300000|100%| O|  |TAMS 0x0000000086200000, 0x0000000086300000| Untracked 
|  99|0x0000000086300000, 0x0000000086400000, 0x0000000086400000|100%| O|  |TAMS 0x0000000086300000, 0x0000000086400000| Untracked 
| 100|0x0000000086400000, 0x0000000086500000, 0x0000000086500000|100%| O|  |TAMS 0x0000000086400000, 0x0000000086500000| Untracked 
| 101|0x0000000086500000, 0x0000000086600000, 0x0000000086600000|100%| O|  |TAMS 0x0000000086500000, 0x0000000086600000| Untracked 
| 102|0x0000000086600000, 0x0000000086700000, 0x0000000086700000|100%| O|  |TAMS 0x0000000086600000, 0x0000000086700000| Untracked 
| 103|0x0000000086700000, 0x0000000086800000, 0x0000000086800000|100%| O|  |TAMS 0x0000000086800000, 0x0000000086800000| Untracked 
| 104|0x0000000086800000, 0x0000000086900000, 0x0000000086900000|100%|HS|  |TAMS 0x0000000086900000, 0x0000000086900000| Complete 
| 105|0x0000000086900000, 0x0000000086a00000, 0x0000000086a00000|100%|HC|  |TAMS 0x0000000086a00000, 0x0000000086a00000| Complete 
| 106|0x0000000086a00000, 0x0000000086b00000, 0x0000000086b00000|100%|HC|  |TAMS 0x0000000086b00000, 0x0000000086b00000| Complete 
| 107|0x0000000086b00000, 0x0000000086c00000, 0x0000000086c00000|100%|HC|  |TAMS 0x0000000086c00000, 0x0000000086c00000| Complete 
| 108|0x0000000086c00000, 0x0000000086d00000, 0x0000000086d00000|100%| O|  |TAMS 0x0000000086d00000, 0x0000000086d00000| Untracked 
| 109|0x0000000086d00000, 0x0000000086e00000, 0x0000000086e00000|100%| O|  |TAMS 0x0000000086e00000, 0x0000000086e00000| Untracked 
| 110|0x0000000086e00000, 0x0000000086f00000, 0x0000000086f00000|100%| O|  |TAMS 0x0000000086f00000, 0x0000000086f00000| Untracked 
| 111|0x0000000086f00000, 0x0000000087000000, 0x0000000087000000|100%| O|  |TAMS 0x0000000087000000, 0x0000000087000000| Untracked 
| 112|0x0000000087000000, 0x0000000087100000, 0x0000000087100000|100%| O|  |TAMS 0x0000000087100000, 0x0000000087100000| Untracked 
| 113|0x0000000087100000, 0x0000000087200000, 0x0000000087200000|100%| O|  |TAMS 0x0000000087100000, 0x0000000087200000| Untracked 
| 114|0x0000000087200000, 0x0000000087300000, 0x0000000087300000|100%| O|  |TAMS 0x0000000087300000, 0x0000000087300000| Untracked 
| 115|0x0000000087300000, 0x0000000087400000, 0x0000000087400000|100%| O|  |TAMS 0x0000000087300000, 0x0000000087400000| Untracked 
| 116|0x0000000087400000, 0x0000000087500000, 0x0000000087500000|100%| O|  |TAMS 0x0000000087500000, 0x0000000087500000| Untracked 
| 117|0x0000000087500000, 0x0000000087600000, 0x0000000087600000|100%| O|  |TAMS 0x0000000087600000, 0x0000000087600000| Untracked 
| 118|0x0000000087600000, 0x0000000087700000, 0x0000000087700000|100%| O|  |TAMS 0x0000000087600000, 0x0000000087700000| Untracked 
| 119|0x0000000087700000, 0x0000000087800000, 0x0000000087800000|100%| O|  |TAMS 0x0000000087700000, 0x0000000087800000| Untracked 
| 120|0x0000000087800000, 0x0000000087900000, 0x0000000087900000|100%| O|  |TAMS 0x0000000087900000, 0x0000000087900000| Untracked 
| 121|0x0000000087900000, 0x0000000087a00000, 0x0000000087a00000|100%| O|  |TAMS 0x0000000087900000, 0x0000000087a00000| Untracked 
| 122|0x0000000087a00000, 0x0000000087b00000, 0x0000000087b00000|100%| O|  |TAMS 0x0000000087b00000, 0x0000000087b00000| Untracked 
| 123|0x0000000087b00000, 0x0000000087c00000, 0x0000000087c00000|100%| O|  |TAMS 0x0000000087c00000, 0x0000000087c00000| Untracked 
| 124|0x0000000087c00000, 0x0000000087d00000, 0x0000000087d00000|100%| O|  |TAMS 0x0000000087c00000, 0x0000000087d00000| Untracked 
| 125|0x0000000087d00000, 0x0000000087e00000, 0x0000000087e00000|100%| O|  |TAMS 0x0000000087d00000, 0x0000000087e00000| Untracked 
| 126|0x0000000087e00000, 0x0000000087f00000, 0x0000000087f00000|100%| O|  |TAMS 0x0000000087e00000, 0x0000000087f00000| Untracked 
| 127|0x0000000087f00000, 0x0000000088000000, 0x0000000088000000|100%| O|  |TAMS 0x0000000088000000, 0x0000000088000000| Untracked 
| 128|0x0000000088000000, 0x0000000088100000, 0x0000000088100000|100%| O|  |TAMS 0x0000000088000000, 0x0000000088100000| Untracked 
| 129|0x0000000088100000, 0x0000000088200000, 0x0000000088200000|100%| O|  |TAMS 0x0000000088200000, 0x0000000088200000| Untracked 
| 130|0x0000000088200000, 0x0000000088300000, 0x0000000088300000|100%| O|  |TAMS 0x0000000088300000, 0x0000000088300000| Untracked 
| 131|0x0000000088300000, 0x0000000088400000, 0x0000000088400000|100%| O|  |TAMS 0x0000000088400000, 0x0000000088400000| Untracked 
| 132|0x0000000088400000, 0x0000000088500000, 0x0000000088500000|100%| O|  |TAMS 0x0000000088500000, 0x0000000088500000| Untracked 
| 133|0x0000000088500000, 0x0000000088600000, 0x0000000088600000|100%| O|  |TAMS 0x0000000088600000, 0x0000000088600000| Untracked 
| 134|0x0000000088600000, 0x0000000088700000, 0x0000000088700000|100%| O|  |TAMS 0x0000000088700000, 0x0000000088700000| Untracked 
| 135|0x0000000088700000, 0x0000000088800000, 0x0000000088800000|100%| O|  |TAMS 0x0000000088800000, 0x0000000088800000| Untracked 
| 136|0x0000000088800000, 0x0000000088900000, 0x0000000088900000|100%| O|  |TAMS 0x0000000088900000, 0x0000000088900000| Untracked 
| 137|0x0000000088900000, 0x0000000088a00000, 0x0000000088a00000|100%| O|  |TAMS 0x0000000088900000, 0x0000000088a00000| Untracked 
| 138|0x0000000088a00000, 0x0000000088b00000, 0x0000000088b00000|100%| O|  |TAMS 0x0000000088b00000, 0x0000000088b00000| Untracked 
| 139|0x0000000088b00000, 0x0000000088c00000, 0x0000000088c00000|100%| O|  |TAMS 0x0000000088b00000, 0x0000000088c00000| Untracked 
| 140|0x0000000088c00000, 0x0000000088d00000, 0x0000000088d00000|100%| O|  |TAMS 0x0000000088d00000, 0x0000000088d00000| Untracked 
| 141|0x0000000088d00000, 0x0000000088e00000, 0x0000000088e00000|100%| O|  |TAMS 0x0000000088e00000, 0x0000000088e00000| Untracked 
| 142|0x0000000088e00000, 0x0000000088f00000, 0x0000000088f00000|100%| O|  |TAMS 0x0000000088e00000, 0x0000000088f00000| Untracked 
| 143|0x0000000088f00000, 0x0000000089000000, 0x0000000089000000|100%| O|  |TAMS 0x0000000088f00000, 0x0000000089000000| Untracked 
| 144|0x0000000089000000, 0x0000000089100000, 0x0000000089100000|100%| O|  |TAMS 0x0000000089100000, 0x0000000089100000| Untracked 
| 145|0x0000000089100000, 0x0000000089200000, 0x0000000089200000|100%| O|  |TAMS 0x0000000089200000, 0x0000000089200000| Untracked 
| 146|0x0000000089200000, 0x0000000089300000, 0x0000000089300000|100%| O|  |TAMS 0x0000000089300000, 0x0000000089300000| Untracked 
| 147|0x0000000089300000, 0x0000000089400000, 0x0000000089400000|100%| O|  |TAMS 0x0000000089400000, 0x0000000089400000| Untracked 
| 148|0x0000000089400000, 0x0000000089500000, 0x0000000089500000|100%|HS|  |TAMS 0x0000000089500000, 0x0000000089500000| Complete 
| 149|0x0000000089500000, 0x0000000089600000, 0x0000000089600000|100%|HC|  |TAMS 0x0000000089600000, 0x0000000089600000| Complete 
| 150|0x0000000089600000, 0x0000000089700000, 0x0000000089700000|100%|HS|  |TAMS 0x0000000089700000, 0x0000000089700000| Complete 
| 151|0x0000000089700000, 0x0000000089800000, 0x0000000089800000|100%|HC|  |TAMS 0x0000000089800000, 0x0000000089800000| Complete 
| 152|0x0000000089800000, 0x0000000089900000, 0x0000000089900000|100%|HC|  |TAMS 0x0000000089900000, 0x0000000089900000| Complete 
| 153|0x0000000089900000, 0x0000000089a00000, 0x0000000089a00000|100%|HC|  |TAMS 0x0000000089a00000, 0x0000000089a00000| Complete 
| 154|0x0000000089a00000, 0x0000000089b00000, 0x0000000089b00000|100%| O|  |TAMS 0x0000000089b00000, 0x0000000089b00000| Untracked 
| 155|0x0000000089b00000, 0x0000000089c00000, 0x0000000089c00000|100%| O|  |TAMS 0x0000000089c00000, 0x0000000089c00000| Untracked 
| 156|0x0000000089c00000, 0x0000000089d00000, 0x0000000089d00000|100%| O|  |TAMS 0x0000000089d00000, 0x0000000089d00000| Untracked 
| 157|0x0000000089d00000, 0x0000000089e00000, 0x0000000089e00000|100%| O|  |TAMS 0x0000000089e00000, 0x0000000089e00000| Untracked 
| 158|0x0000000089e00000, 0x0000000089f00000, 0x0000000089f00000|100%| O|  |TAMS 0x0000000089f00000, 0x0000000089f00000| Untracked 
| 159|0x0000000089f00000, 0x000000008a000000, 0x000000008a000000|100%| O|  |TAMS 0x000000008a000000, 0x000000008a000000| Untracked 
| 160|0x000000008a000000, 0x000000008a100000, 0x000000008a100000|100%| O|  |TAMS 0x000000008a100000, 0x000000008a100000| Untracked 
| 161|0x000000008a100000, 0x000000008a200000, 0x000000008a200000|100%| O|  |TAMS 0x000000008a200000, 0x000000008a200000| Untracked 
| 162|0x000000008a200000, 0x000000008a300000, 0x000000008a300000|100%| O|  |TAMS 0x000000008a200000, 0x000000008a300000| Untracked 
| 163|0x000000008a300000, 0x000000008a400000, 0x000000008a400000|100%| O|  |TAMS 0x000000008a300000, 0x000000008a400000| Untracked 
| 164|0x000000008a400000, 0x000000008a500000, 0x000000008a500000|100%| O|  |TAMS 0x000000008a400000, 0x000000008a500000| Untracked 
| 165|0x000000008a500000, 0x000000008a600000, 0x000000008a600000|100%| O|  |TAMS 0x000000008a500000, 0x000000008a600000| Untracked 
| 166|0x000000008a600000, 0x000000008a700000, 0x000000008a700000|100%| O|  |TAMS 0x000000008a600000, 0x000000008a700000| Untracked 
| 167|0x000000008a700000, 0x000000008a800000, 0x000000008a800000|100%| O|  |TAMS 0x000000008a700000, 0x000000008a800000| Untracked 
| 168|0x000000008a800000, 0x000000008a900000, 0x000000008a900000|100%| O|  |TAMS 0x000000008a800000, 0x000000008a900000| Untracked 
| 169|0x000000008a900000, 0x000000008aa00000, 0x000000008aa00000|100%| O|  |TAMS 0x000000008a900000, 0x000000008aa00000| Untracked 
| 170|0x000000008aa00000, 0x000000008ab00000, 0x000000008ab00000|100%| O|  |TAMS 0x000000008aa00000, 0x000000008ab00000| Untracked 
| 171|0x000000008ab00000, 0x000000008ac00000, 0x000000008ac00000|100%| O|  |TAMS 0x000000008ab00000, 0x000000008ac00000| Untracked 
| 172|0x000000008ac00000, 0x000000008ad00000, 0x000000008ad00000|100%| O|  |TAMS 0x000000008ac00000, 0x000000008ad00000| Untracked 
| 173|0x000000008ad00000, 0x000000008ae00000, 0x000000008ae00000|100%| O|  |TAMS 0x000000008ad00000, 0x000000008ae00000| Untracked 
| 174|0x000000008ae00000, 0x000000008af00000, 0x000000008af00000|100%| O|  |TAMS 0x000000008ae00000, 0x000000008af00000| Untracked 
| 175|0x000000008af00000, 0x000000008b000000, 0x000000008b000000|100%| O|  |TAMS 0x000000008af00000, 0x000000008b000000| Untracked 
| 176|0x000000008b000000, 0x000000008b100000, 0x000000008b100000|100%| O|  |TAMS 0x000000008b000000, 0x000000008b100000| Untracked 
| 177|0x000000008b100000, 0x000000008b200000, 0x000000008b200000|100%| O|  |TAMS 0x000000008b100000, 0x000000008b200000| Untracked 
| 178|0x000000008b200000, 0x000000008b300000, 0x000000008b300000|100%| O|  |TAMS 0x000000008b200000, 0x000000008b300000| Untracked 
| 179|0x000000008b300000, 0x000000008b400000, 0x000000008b400000|100%| O|  |TAMS 0x000000008b300000, 0x000000008b400000| Untracked 
| 180|0x000000008b400000, 0x000000008b500000, 0x000000008b500000|100%| O|  |TAMS 0x000000008b400000, 0x000000008b500000| Untracked 
| 181|0x000000008b500000, 0x000000008b600000, 0x000000008b600000|100%| O|  |TAMS 0x000000008b500000, 0x000000008b600000| Untracked 
| 182|0x000000008b600000, 0x000000008b700000, 0x000000008b700000|100%| O|  |TAMS 0x000000008b600000, 0x000000008b700000| Untracked 
| 183|0x000000008b700000, 0x000000008b800000, 0x000000008b800000|100%| O|  |TAMS 0x000000008b700000, 0x000000008b800000| Untracked 
| 184|0x000000008b800000, 0x000000008b900000, 0x000000008b900000|100%| O|  |TAMS 0x000000008b800000, 0x000000008b900000| Untracked 
| 185|0x000000008b900000, 0x000000008ba00000, 0x000000008ba00000|100%| O|  |TAMS 0x000000008b900000, 0x000000008ba00000| Untracked 
| 186|0x000000008ba00000, 0x000000008bb00000, 0x000000008bb00000|100%|HS|  |TAMS 0x000000008ba00000, 0x000000008bb00000| Complete 
| 187|0x000000008bb00000, 0x000000008bc00000, 0x000000008bc00000|100%|HS|  |TAMS 0x000000008bb00000, 0x000000008bc00000| Complete 
| 188|0x000000008bc00000, 0x000000008bd00000, 0x000000008bd00000|100%|HS|  |TAMS 0x000000008bc00000, 0x000000008bd00000| Complete 
| 189|0x000000008bd00000, 0x000000008be00000, 0x000000008be00000|100%|HS|  |TAMS 0x000000008bd00000, 0x000000008be00000| Complete 
| 190|0x000000008be00000, 0x000000008bf00000, 0x000000008bf00000|100%| O|  |TAMS 0x000000008be00000, 0x000000008bf00000| Untracked 
| 191|0x000000008bf00000, 0x000000008c000000, 0x000000008c000000|100%| O|  |TAMS 0x000000008bf00000, 0x000000008c000000| Untracked 
| 192|0x000000008c000000, 0x000000008c100000, 0x000000008c100000|100%| O|  |TAMS 0x000000008c000000, 0x000000008c100000| Untracked 
| 193|0x000000008c100000, 0x000000008c200000, 0x000000008c200000|100%| O|  |TAMS 0x000000008c100000, 0x000000008c200000| Untracked 
| 194|0x000000008c200000, 0x000000008c300000, 0x000000008c300000|100%| O|  |TAMS 0x000000008c200000, 0x000000008c300000| Untracked 
| 195|0x000000008c300000, 0x000000008c400000, 0x000000008c400000|100%| O|  |TAMS 0x000000008c300000, 0x000000008c400000| Untracked 
| 196|0x000000008c400000, 0x000000008c500000, 0x000000008c500000|100%| O|  |TAMS 0x000000008c400000, 0x000000008c500000| Untracked 
| 197|0x000000008c500000, 0x000000008c600000, 0x000000008c600000|100%| O|  |TAMS 0x000000008c500000, 0x000000008c600000| Untracked 
| 198|0x000000008c600000, 0x000000008c700000, 0x000000008c700000|100%| O|  |TAMS 0x000000008c600000, 0x000000008c700000| Untracked 
| 199|0x000000008c700000, 0x000000008c800000, 0x000000008c800000|100%| O|  |TAMS 0x000000008c700000, 0x000000008c800000| Untracked 
| 200|0x000000008c800000, 0x000000008c900000, 0x000000008c900000|100%| O|  |TAMS 0x000000008c800000, 0x000000008c900000| Untracked 
| 201|0x000000008c900000, 0x000000008ca00000, 0x000000008ca00000|100%| O|  |TAMS 0x000000008c900000, 0x000000008ca00000| Untracked 
| 202|0x000000008ca00000, 0x000000008cb00000, 0x000000008cb00000|100%| O|  |TAMS 0x000000008ca00000, 0x000000008cb00000| Untracked 
| 203|0x000000008cb00000, 0x000000008cc00000, 0x000000008cc00000|100%| O|  |TAMS 0x000000008cb00000, 0x000000008cc00000| Untracked 
| 204|0x000000008cc00000, 0x000000008cd00000, 0x000000008cd00000|100%|HS|  |TAMS 0x000000008cc00000, 0x000000008cd00000| Complete 
| 205|0x000000008cd00000, 0x000000008ce00000, 0x000000008ce00000|100%|HS|  |TAMS 0x000000008cd00000, 0x000000008ce00000| Complete 
| 206|0x000000008ce00000, 0x000000008cf00000, 0x000000008cf00000|100%| O|  |TAMS 0x000000008ce00000, 0x000000008cf00000| Untracked 
| 207|0x000000008cf00000, 0x000000008d000000, 0x000000008d000000|100%|HS|  |TAMS 0x000000008cf00000, 0x000000008d000000| Complete 
| 208|0x000000008d000000, 0x000000008d100000, 0x000000008d100000|100%|HS|  |TAMS 0x000000008d000000, 0x000000008d100000| Complete 
| 209|0x000000008d100000, 0x000000008d200000, 0x000000008d200000|100%| O|  |TAMS 0x000000008d100000, 0x000000008d200000| Untracked 
| 210|0x000000008d200000, 0x000000008d300000, 0x000000008d300000|100%|HS|  |TAMS 0x000000008d200000, 0x000000008d300000| Complete 
| 211|0x000000008d300000, 0x000000008d400000, 0x000000008d400000|100%| O|  |TAMS 0x000000008d300000, 0x000000008d400000| Untracked 
| 212|0x000000008d400000, 0x000000008d500000, 0x000000008d500000|100%| O|  |TAMS 0x000000008d400000, 0x000000008d500000| Untracked 
| 213|0x000000008d500000, 0x000000008d600000, 0x000000008d600000|100%| O|  |TAMS 0x000000008d500000, 0x000000008d600000| Untracked 
| 214|0x000000008d600000, 0x000000008d700000, 0x000000008d700000|100%| O|  |TAMS 0x000000008d600000, 0x000000008d700000| Untracked 
| 215|0x000000008d700000, 0x000000008d800000, 0x000000008d800000|100%| O|  |TAMS 0x000000008d700000, 0x000000008d800000| Untracked 
| 216|0x000000008d800000, 0x000000008d900000, 0x000000008d900000|100%| O|  |TAMS 0x000000008d800000, 0x000000008d900000| Untracked 
| 217|0x000000008d900000, 0x000000008da00000, 0x000000008da00000|100%| O|  |TAMS 0x000000008d900000, 0x000000008da00000| Untracked 
| 218|0x000000008da00000, 0x000000008db00000, 0x000000008db00000|100%| O|  |TAMS 0x000000008da00000, 0x000000008db00000| Untracked 
| 219|0x000000008db00000, 0x000000008dc00000, 0x000000008dc00000|100%| O|  |TAMS 0x000000008db00000, 0x000000008dc00000| Untracked 
| 220|0x000000008dc00000, 0x000000008dd00000, 0x000000008dd00000|100%| O|  |TAMS 0x000000008dc00000, 0x000000008dd00000| Untracked 
| 221|0x000000008dd00000, 0x000000008de00000, 0x000000008de00000|100%| O|  |TAMS 0x000000008dd00000, 0x000000008de00000| Untracked 
| 222|0x000000008de00000, 0x000000008df00000, 0x000000008df00000|100%| O|  |TAMS 0x000000008de00000, 0x000000008df00000| Untracked 
| 223|0x000000008df00000, 0x000000008e000000, 0x000000008e000000|100%| O|  |TAMS 0x000000008df00000, 0x000000008e000000| Untracked 
| 224|0x000000008e000000, 0x000000008e100000, 0x000000008e100000|100%| O|  |TAMS 0x000000008e000000, 0x000000008e100000| Untracked 
| 225|0x000000008e100000, 0x000000008e200000, 0x000000008e200000|100%| O|  |TAMS 0x000000008e100000, 0x000000008e200000| Untracked 
| 226|0x000000008e200000, 0x000000008e300000, 0x000000008e300000|100%| O|  |TAMS 0x000000008e200000, 0x000000008e300000| Untracked 
| 227|0x000000008e300000, 0x000000008e400000, 0x000000008e400000|100%| O|  |TAMS 0x000000008e300000, 0x000000008e400000| Untracked 
| 228|0x000000008e400000, 0x000000008e500000, 0x000000008e500000|100%| O|  |TAMS 0x000000008e400000, 0x000000008e500000| Untracked 
| 229|0x000000008e500000, 0x000000008e600000, 0x000000008e600000|100%| O|  |TAMS 0x000000008e500000, 0x000000008e600000| Untracked 
| 230|0x000000008e600000, 0x000000008e700000, 0x000000008e700000|100%| O|  |TAMS 0x000000008e600000, 0x000000008e700000| Untracked 
| 231|0x000000008e700000, 0x000000008e800000, 0x000000008e800000|100%| O|  |TAMS 0x000000008e700000, 0x000000008e800000| Untracked 
| 232|0x000000008e800000, 0x000000008e900000, 0x000000008e900000|100%| O|  |TAMS 0x000000008e800000, 0x000000008e900000| Untracked 
| 233|0x000000008e900000, 0x000000008ea00000, 0x000000008ea00000|100%| O|  |TAMS 0x000000008e900000, 0x000000008ea00000| Untracked 
| 234|0x000000008ea00000, 0x000000008eb00000, 0x000000008eb00000|100%| O|  |TAMS 0x000000008ea00000, 0x000000008eb00000| Untracked 
| 235|0x000000008eb00000, 0x000000008ec00000, 0x000000008ec00000|100%| O|  |TAMS 0x000000008eb00000, 0x000000008ec00000| Untracked 
| 236|0x000000008ec00000, 0x000000008ed00000, 0x000000008ed00000|100%| O|  |TAMS 0x000000008ec00000, 0x000000008ed00000| Untracked 
| 237|0x000000008ed00000, 0x000000008ee00000, 0x000000008ee00000|100%| O|  |TAMS 0x000000008ed00000, 0x000000008ee00000| Untracked 
| 238|0x000000008ee00000, 0x000000008ef00000, 0x000000008ef00000|100%| O|  |TAMS 0x000000008ee00000, 0x000000008ef00000| Untracked 
| 239|0x000000008ef00000, 0x000000008f000000, 0x000000008f000000|100%| O|  |TAMS 0x000000008ef00000, 0x000000008f000000| Untracked 
| 240|0x000000008f000000, 0x000000008f100000, 0x000000008f100000|100%| O|  |TAMS 0x000000008f000000, 0x000000008f100000| Untracked 
| 241|0x000000008f100000, 0x000000008f200000, 0x000000008f200000|100%| O|  |TAMS 0x000000008f100000, 0x000000008f200000| Untracked 
| 242|0x000000008f200000, 0x000000008f300000, 0x000000008f300000|100%| O|  |TAMS 0x000000008f200000, 0x000000008f300000| Untracked 
| 243|0x000000008f300000, 0x000000008f400000, 0x000000008f400000|100%| O|  |TAMS 0x000000008f300000, 0x000000008f400000| Untracked 
| 244|0x000000008f400000, 0x000000008f500000, 0x000000008f500000|100%| O|  |TAMS 0x000000008f400000, 0x000000008f500000| Untracked 
| 245|0x000000008f500000, 0x000000008f600000, 0x000000008f600000|100%| O|  |TAMS 0x000000008f500000, 0x000000008f600000| Untracked 
| 246|0x000000008f600000, 0x000000008f700000, 0x000000008f700000|100%| O|  |TAMS 0x000000008f600000, 0x000000008f700000| Untracked 
| 247|0x000000008f700000, 0x000000008f800000, 0x000000008f800000|100%| O|  |TAMS 0x000000008f700000, 0x000000008f800000| Untracked 
| 248|0x000000008f800000, 0x000000008f900000, 0x000000008f900000|100%| O|  |TAMS 0x000000008f800000, 0x000000008f900000| Untracked 
| 249|0x000000008f900000, 0x000000008fa00000, 0x000000008fa00000|100%| O|  |TAMS 0x000000008f900000, 0x000000008fa00000| Untracked 
| 250|0x000000008fa00000, 0x000000008fb00000, 0x000000008fb00000|100%| O|  |TAMS 0x000000008fa00000, 0x000000008fb00000| Untracked 
| 251|0x000000008fb00000, 0x000000008fc00000, 0x000000008fc00000|100%| O|  |TAMS 0x000000008fb00000, 0x000000008fc00000| Untracked 
| 252|0x000000008fc00000, 0x000000008fd00000, 0x000000008fd00000|100%| O|  |TAMS 0x000000008fc00000, 0x000000008fd00000| Untracked 
| 253|0x000000008fd00000, 0x000000008fe00000, 0x000000008fe00000|100%|HS|  |TAMS 0x000000008fd00000, 0x000000008fe00000| Complete 
| 254|0x000000008fe00000, 0x000000008ff00000, 0x000000008ff00000|100%| O|  |TAMS 0x000000008fe00000, 0x000000008ff00000| Untracked 
| 255|0x000000008ff00000, 0x0000000090000000, 0x0000000090000000|100%| O|  |TAMS 0x000000008ff00000, 0x0000000090000000| Untracked 
| 256|0x0000000090000000, 0x0000000090100000, 0x0000000090100000|100%| O|  |TAMS 0x0000000090000000, 0x0000000090100000| Untracked 
| 257|0x0000000090100000, 0x0000000090200000, 0x0000000090200000|100%| O|  |TAMS 0x0000000090100000, 0x0000000090200000| Untracked 
| 258|0x0000000090200000, 0x0000000090300000, 0x0000000090300000|100%| O|  |TAMS 0x0000000090200000, 0x0000000090300000| Untracked 
| 259|0x0000000090300000, 0x0000000090400000, 0x0000000090400000|100%| O|  |TAMS 0x0000000090300000, 0x0000000090400000| Untracked 
| 260|0x0000000090400000, 0x0000000090500000, 0x0000000090500000|100%| O|  |TAMS 0x0000000090400000, 0x0000000090500000| Untracked 
| 261|0x0000000090500000, 0x0000000090600000, 0x0000000090600000|100%| O|  |TAMS 0x0000000090500000, 0x0000000090600000| Untracked 
| 262|0x0000000090600000, 0x0000000090700000, 0x0000000090700000|100%| O|  |TAMS 0x0000000090600000, 0x0000000090700000| Untracked 
| 263|0x0000000090700000, 0x0000000090800000, 0x0000000090800000|100%| O|  |TAMS 0x0000000090700000, 0x0000000090800000| Untracked 
| 264|0x0000000090800000, 0x0000000090900000, 0x0000000090900000|100%| O|  |TAMS 0x0000000090800000, 0x0000000090900000| Untracked 
| 265|0x0000000090900000, 0x0000000090a00000, 0x0000000090a00000|100%| O|  |TAMS 0x0000000090900000, 0x0000000090a00000| Untracked 
| 266|0x0000000090a00000, 0x0000000090b00000, 0x0000000090b00000|100%| O|  |TAMS 0x0000000090a00000, 0x0000000090b00000| Untracked 
| 267|0x0000000090b00000, 0x0000000090c00000, 0x0000000090c00000|100%| O|  |TAMS 0x0000000090b00000, 0x0000000090c00000| Untracked 
| 268|0x0000000090c00000, 0x0000000090d00000, 0x0000000090d00000|100%| O|  |TAMS 0x0000000090c00000, 0x0000000090d00000| Untracked 
| 269|0x0000000090d00000, 0x0000000090e00000, 0x0000000090e00000|100%| O|  |TAMS 0x0000000090d00000, 0x0000000090e00000| Untracked 
| 270|0x0000000090e00000, 0x0000000090f00000, 0x0000000090f00000|100%| O|  |TAMS 0x0000000090e00000, 0x0000000090f00000| Untracked 
| 271|0x0000000090f00000, 0x0000000091000000, 0x0000000091000000|100%| O|  |TAMS 0x0000000090f00000, 0x0000000091000000| Untracked 
| 272|0x0000000091000000, 0x0000000091100000, 0x0000000091100000|100%| O|  |TAMS 0x0000000091000000, 0x0000000091100000| Untracked 
| 273|0x0000000091100000, 0x0000000091200000, 0x0000000091200000|100%| O|  |TAMS 0x0000000091100000, 0x0000000091200000| Untracked 
| 274|0x0000000091200000, 0x0000000091300000, 0x0000000091300000|100%| O|  |TAMS 0x0000000091200000, 0x0000000091300000| Untracked 
| 275|0x0000000091300000, 0x0000000091400000, 0x0000000091400000|100%| O|  |TAMS 0x0000000091300000, 0x0000000091400000| Untracked 
| 276|0x0000000091400000, 0x0000000091500000, 0x0000000091500000|100%| O|  |TAMS 0x0000000091400000, 0x0000000091500000| Untracked 
| 277|0x0000000091500000, 0x0000000091600000, 0x0000000091600000|100%| O|  |TAMS 0x0000000091500000, 0x0000000091600000| Untracked 
| 278|0x0000000091600000, 0x0000000091700000, 0x0000000091700000|100%| O|  |TAMS 0x0000000091600000, 0x0000000091700000| Untracked 
| 279|0x0000000091700000, 0x0000000091800000, 0x0000000091800000|100%| O|  |TAMS 0x0000000091700000, 0x0000000091800000| Untracked 
| 280|0x0000000091800000, 0x0000000091900000, 0x0000000091900000|100%| O|  |TAMS 0x0000000091800000, 0x0000000091900000| Untracked 
| 281|0x0000000091900000, 0x0000000091a00000, 0x0000000091a00000|100%| O|  |TAMS 0x0000000091900000, 0x0000000091a00000| Untracked 
| 282|0x0000000091a00000, 0x0000000091b00000, 0x0000000091b00000|100%| O|  |TAMS 0x0000000091a00000, 0x0000000091b00000| Untracked 
| 283|0x0000000091b00000, 0x0000000091c00000, 0x0000000091c00000|100%|HS|  |TAMS 0x0000000091b00000, 0x0000000091c00000| Complete 
| 284|0x0000000091c00000, 0x0000000091d00000, 0x0000000091d00000|100%| O|  |TAMS 0x0000000091c00000, 0x0000000091d00000| Untracked 
| 285|0x0000000091d00000, 0x0000000091e00000, 0x0000000091e00000|100%| O|  |TAMS 0x0000000091d00000, 0x0000000091e00000| Untracked 
| 286|0x0000000091e00000, 0x0000000091f00000, 0x0000000091f00000|100%| O|  |TAMS 0x0000000091e00000, 0x0000000091f00000| Untracked 
| 287|0x0000000091f00000, 0x0000000092000000, 0x0000000092000000|100%| O|  |TAMS 0x0000000091f00000, 0x0000000092000000| Untracked 
| 288|0x0000000092000000, 0x0000000092100000, 0x0000000092100000|100%|HS|  |TAMS 0x0000000092000000, 0x0000000092100000| Complete 
| 289|0x0000000092100000, 0x0000000092200000, 0x0000000092200000|100%| O|  |TAMS 0x0000000092100000, 0x0000000092200000| Untracked 
| 290|0x0000000092200000, 0x0000000092300000, 0x0000000092300000|100%| O|  |TAMS 0x0000000092200000, 0x0000000092300000| Untracked 
| 291|0x0000000092300000, 0x0000000092400000, 0x0000000092400000|100%| O|  |TAMS 0x0000000092300000, 0x0000000092400000| Untracked 
| 292|0x0000000092400000, 0x0000000092500000, 0x0000000092500000|100%| O|  |TAMS 0x0000000092400000, 0x0000000092500000| Untracked 
| 293|0x0000000092500000, 0x0000000092600000, 0x0000000092600000|100%| O|  |TAMS 0x0000000092500000, 0x0000000092600000| Untracked 
| 294|0x0000000092600000, 0x0000000092700000, 0x0000000092700000|100%| O|  |TAMS 0x0000000092600000, 0x0000000092700000| Untracked 
| 295|0x0000000092700000, 0x0000000092800000, 0x0000000092800000|100%| O|  |TAMS 0x0000000092700000, 0x0000000092800000| Untracked 
| 296|0x0000000092800000, 0x0000000092900000, 0x0000000092900000|100%| O|  |TAMS 0x0000000092800000, 0x0000000092900000| Untracked 
| 297|0x0000000092900000, 0x0000000092a00000, 0x0000000092a00000|100%|HS|  |TAMS 0x0000000092900000, 0x0000000092a00000| Complete 
| 298|0x0000000092a00000, 0x0000000092b00000, 0x0000000092b00000|100%| O|  |TAMS 0x0000000092a00000, 0x0000000092b00000| Untracked 
| 299|0x0000000092b00000, 0x0000000092c00000, 0x0000000092c00000|100%|HS|  |TAMS 0x0000000092b00000, 0x0000000092c00000| Complete 
| 300|0x0000000092c00000, 0x0000000092d00000, 0x0000000092d00000|100%|HC|  |TAMS 0x0000000092c00000, 0x0000000092d00000| Complete 
| 301|0x0000000092d00000, 0x0000000092e00000, 0x0000000092e00000|100%| O|  |TAMS 0x0000000092d00000, 0x0000000092e00000| Untracked 
| 302|0x0000000092e00000, 0x0000000092f00000, 0x0000000092f00000|100%| O|  |TAMS 0x0000000092e00000, 0x0000000092f00000| Untracked 
| 303|0x0000000092f00000, 0x0000000093000000, 0x0000000093000000|100%| O|  |TAMS 0x0000000092f00000, 0x0000000093000000| Untracked 
| 304|0x0000000093000000, 0x0000000093100000, 0x0000000093100000|100%|HS|  |TAMS 0x0000000093000000, 0x0000000093100000| Complete 
| 305|0x0000000093100000, 0x0000000093200000, 0x0000000093200000|100%| O|  |TAMS 0x0000000093100000, 0x0000000093200000| Untracked 
| 306|0x0000000093200000, 0x0000000093300000, 0x0000000093300000|100%| O|  |TAMS 0x0000000093200000, 0x0000000093300000| Untracked 
| 307|0x0000000093300000, 0x0000000093400000, 0x0000000093400000|100%| O|  |TAMS 0x0000000093300000, 0x0000000093400000| Untracked 
| 308|0x0000000093400000, 0x0000000093500000, 0x0000000093500000|100%| O|  |TAMS 0x0000000093400000, 0x0000000093500000| Untracked 
| 309|0x0000000093500000, 0x0000000093600000, 0x0000000093600000|100%| O|  |TAMS 0x0000000093500000, 0x0000000093600000| Untracked 
| 310|0x0000000093600000, 0x0000000093700000, 0x0000000093700000|100%| O|  |TAMS 0x0000000093600000, 0x0000000093700000| Untracked 
| 311|0x0000000093700000, 0x0000000093800000, 0x0000000093800000|100%| O|  |TAMS 0x0000000093700000, 0x0000000093800000| Untracked 
| 312|0x0000000093800000, 0x0000000093900000, 0x0000000093900000|100%| O|  |TAMS 0x0000000093800000, 0x0000000093900000| Untracked 
| 313|0x0000000093900000, 0x0000000093a00000, 0x0000000093a00000|100%| O|  |TAMS 0x0000000093900000, 0x0000000093a00000| Untracked 
| 314|0x0000000093a00000, 0x0000000093b00000, 0x0000000093b00000|100%| O|  |TAMS 0x0000000093a00000, 0x0000000093b00000| Untracked 
| 315|0x0000000093b00000, 0x0000000093c00000, 0x0000000093c00000|100%| O|  |TAMS 0x0000000093b00000, 0x0000000093c00000| Untracked 
| 316|0x0000000093c00000, 0x0000000093d00000, 0x0000000093d00000|100%| O|  |TAMS 0x0000000093c00000, 0x0000000093d00000| Untracked 
| 317|0x0000000093d00000, 0x0000000093e00000, 0x0000000093e00000|100%| O|  |TAMS 0x0000000093d00000, 0x0000000093e00000| Untracked 
| 318|0x0000000093e00000, 0x0000000093f00000, 0x0000000093f00000|100%| O|  |TAMS 0x0000000093e00000, 0x0000000093f00000| Untracked 
| 319|0x0000000093f00000, 0x0000000094000000, 0x0000000094000000|100%| O|  |TAMS 0x0000000093f00000, 0x0000000094000000| Untracked 
| 320|0x0000000094000000, 0x0000000094100000, 0x0000000094100000|100%| O|  |TAMS 0x0000000094000000, 0x0000000094100000| Untracked 
| 321|0x0000000094100000, 0x0000000094200000, 0x0000000094200000|100%| O|  |TAMS 0x0000000094100000, 0x0000000094200000| Untracked 
| 322|0x0000000094200000, 0x0000000094300000, 0x0000000094300000|100%| O|  |TAMS 0x0000000094200000, 0x0000000094300000| Untracked 
| 323|0x0000000094300000, 0x0000000094400000, 0x0000000094400000|100%| O|  |TAMS 0x0000000094300000, 0x0000000094400000| Untracked 
| 324|0x0000000094400000, 0x0000000094500000, 0x0000000094500000|100%| O|  |TAMS 0x0000000094400000, 0x0000000094500000| Untracked 
| 325|0x0000000094500000, 0x0000000094600000, 0x0000000094600000|100%| O|  |TAMS 0x0000000094500000, 0x0000000094600000| Untracked 
| 326|0x0000000094600000, 0x0000000094700000, 0x0000000094700000|100%| O|  |TAMS 0x0000000094600000, 0x0000000094700000| Untracked 
| 327|0x0000000094700000, 0x0000000094800000, 0x0000000094800000|100%| O|  |TAMS 0x0000000094700000, 0x0000000094800000| Untracked 
| 328|0x0000000094800000, 0x0000000094900000, 0x0000000094900000|100%| O|  |TAMS 0x0000000094800000, 0x0000000094900000| Untracked 
| 329|0x0000000094900000, 0x0000000094a00000, 0x0000000094a00000|100%| O|  |TAMS 0x0000000094900000, 0x0000000094a00000| Untracked 
| 330|0x0000000094a00000, 0x0000000094b00000, 0x0000000094b00000|100%| O|  |TAMS 0x0000000094a00000, 0x0000000094b00000| Untracked 
| 331|0x0000000094b00000, 0x0000000094c00000, 0x0000000094c00000|100%| O|  |TAMS 0x0000000094b00000, 0x0000000094c00000| Untracked 
| 332|0x0000000094c00000, 0x0000000094d00000, 0x0000000094d00000|100%| O|  |TAMS 0x0000000094c00000, 0x0000000094d00000| Untracked 
| 333|0x0000000094d00000, 0x0000000094e00000, 0x0000000094e00000|100%| O|  |TAMS 0x0000000094d00000, 0x0000000094e00000| Untracked 
| 334|0x0000000094e00000, 0x0000000094f00000, 0x0000000094f00000|100%| O|  |TAMS 0x0000000094e00000, 0x0000000094f00000| Untracked 
| 335|0x0000000094f00000, 0x0000000095000000, 0x0000000095000000|100%| O|  |TAMS 0x0000000094f00000, 0x0000000095000000| Untracked 
| 336|0x0000000095000000, 0x0000000095100000, 0x0000000095100000|100%| O|  |TAMS 0x0000000095000000, 0x0000000095100000| Untracked 
| 337|0x0000000095100000, 0x0000000095200000, 0x0000000095200000|100%| O|  |TAMS 0x0000000095100000, 0x0000000095200000| Untracked 
| 338|0x0000000095200000, 0x0000000095300000, 0x0000000095300000|100%| O|  |TAMS 0x0000000095200000, 0x0000000095300000| Untracked 
| 339|0x0000000095300000, 0x0000000095400000, 0x0000000095400000|100%| O|  |TAMS 0x0000000095300000, 0x0000000095400000| Untracked 
| 340|0x0000000095400000, 0x0000000095500000, 0x0000000095500000|100%| O|  |TAMS 0x0000000095400000, 0x0000000095500000| Untracked 
| 341|0x0000000095500000, 0x0000000095600000, 0x0000000095600000|100%| O|  |TAMS 0x0000000095500000, 0x0000000095600000| Untracked 
| 342|0x0000000095600000, 0x0000000095700000, 0x0000000095700000|100%| O|  |TAMS 0x0000000095600000, 0x0000000095700000| Untracked 
| 343|0x0000000095700000, 0x0000000095800000, 0x0000000095800000|100%| O|  |TAMS 0x0000000095700000, 0x0000000095800000| Untracked 
| 344|0x0000000095800000, 0x0000000095900000, 0x0000000095900000|100%| O|  |TAMS 0x0000000095800000, 0x0000000095900000| Untracked 
| 345|0x0000000095900000, 0x0000000095a00000, 0x0000000095a00000|100%| O|  |TAMS 0x0000000095900000, 0x0000000095a00000| Untracked 
| 346|0x0000000095a00000, 0x0000000095b00000, 0x0000000095b00000|100%| O|  |TAMS 0x0000000095a00000, 0x0000000095b00000| Untracked 
| 347|0x0000000095b00000, 0x0000000095c00000, 0x0000000095c00000|100%| O|  |TAMS 0x0000000095b00000, 0x0000000095c00000| Untracked 
| 348|0x0000000095c00000, 0x0000000095d00000, 0x0000000095d00000|100%|HS|  |TAMS 0x0000000095c00000, 0x0000000095d00000| Complete 
| 349|0x0000000095d00000, 0x0000000095e00000, 0x0000000095e00000|100%|HS|  |TAMS 0x0000000095d00000, 0x0000000095e00000| Complete 
| 350|0x0000000095e00000, 0x0000000095f00000, 0x0000000095f00000|100%| O|  |TAMS 0x0000000095e00000, 0x0000000095f00000| Untracked 
| 351|0x0000000095f00000, 0x0000000096000000, 0x0000000096000000|100%| O|  |TAMS 0x0000000095f00000, 0x0000000096000000| Untracked 
| 352|0x0000000096000000, 0x0000000096100000, 0x0000000096100000|100%| O|  |TAMS 0x0000000096000000, 0x0000000096100000| Untracked 
| 353|0x0000000096100000, 0x0000000096200000, 0x0000000096200000|100%| O|  |TAMS 0x0000000096100000, 0x0000000096200000| Untracked 
| 354|0x0000000096200000, 0x0000000096300000, 0x0000000096300000|100%| O|  |TAMS 0x0000000096200000, 0x0000000096300000| Untracked 
| 355|0x0000000096300000, 0x0000000096400000, 0x0000000096400000|100%| O|  |TAMS 0x0000000096300000, 0x0000000096400000| Untracked 
| 356|0x0000000096400000, 0x0000000096500000, 0x0000000096500000|100%| O|  |TAMS 0x0000000096400000, 0x0000000096500000| Untracked 
| 357|0x0000000096500000, 0x0000000096600000, 0x0000000096600000|100%| O|  |TAMS 0x0000000096500000, 0x0000000096600000| Untracked 
| 358|0x0000000096600000, 0x0000000096700000, 0x0000000096700000|100%| O|  |TAMS 0x0000000096600000, 0x0000000096700000| Untracked 
| 359|0x0000000096700000, 0x0000000096800000, 0x0000000096800000|100%| O|  |TAMS 0x0000000096700000, 0x0000000096800000| Untracked 
| 360|0x0000000096800000, 0x0000000096900000, 0x0000000096900000|100%| O|  |TAMS 0x0000000096800000, 0x0000000096900000| Untracked 
| 361|0x0000000096900000, 0x0000000096a00000, 0x0000000096a00000|100%| O|  |TAMS 0x0000000096900000, 0x0000000096a00000| Untracked 
| 362|0x0000000096a00000, 0x0000000096b00000, 0x0000000096b00000|100%| O|  |TAMS 0x0000000096a00000, 0x0000000096b00000| Untracked 
| 363|0x0000000096b00000, 0x0000000096c00000, 0x0000000096c00000|100%| O|  |TAMS 0x0000000096b00000, 0x0000000096c00000| Untracked 
| 364|0x0000000096c00000, 0x0000000096d00000, 0x0000000096d00000|100%| O|  |TAMS 0x0000000096c00000, 0x0000000096d00000| Untracked 
| 365|0x0000000096d00000, 0x0000000096e00000, 0x0000000096e00000|100%| O|  |TAMS 0x0000000096d00000, 0x0000000096e00000| Untracked 
| 366|0x0000000096e00000, 0x0000000096f00000, 0x0000000096f00000|100%| O|  |TAMS 0x0000000096e00000, 0x0000000096f00000| Untracked 
| 367|0x0000000096f00000, 0x0000000097000000, 0x0000000097000000|100%| O|  |TAMS 0x0000000096f00000, 0x0000000097000000| Untracked 
| 368|0x0000000097000000, 0x0000000097100000, 0x0000000097100000|100%| O|  |TAMS 0x0000000097000000, 0x0000000097100000| Untracked 
| 369|0x0000000097100000, 0x0000000097200000, 0x0000000097200000|100%| O|  |TAMS 0x0000000097100000, 0x0000000097200000| Untracked 
| 370|0x0000000097200000, 0x0000000097300000, 0x0000000097300000|100%| O|  |TAMS 0x0000000097200000, 0x0000000097300000| Untracked 
| 371|0x0000000097300000, 0x0000000097400000, 0x0000000097400000|100%| O|  |TAMS 0x0000000097300000, 0x0000000097400000| Untracked 
| 372|0x0000000097400000, 0x0000000097500000, 0x0000000097500000|100%| O|  |TAMS 0x0000000097400000, 0x0000000097500000| Untracked 
| 373|0x0000000097500000, 0x0000000097600000, 0x0000000097600000|100%| O|  |TAMS 0x0000000097500000, 0x0000000097600000| Untracked 
| 374|0x0000000097600000, 0x0000000097700000, 0x0000000097700000|100%| O|  |TAMS 0x0000000097600000, 0x0000000097700000| Untracked 
| 375|0x0000000097700000, 0x0000000097800000, 0x0000000097800000|100%| O|  |TAMS 0x0000000097700000, 0x0000000097800000| Untracked 
| 376|0x0000000097800000, 0x0000000097900000, 0x0000000097900000|100%| O|  |TAMS 0x0000000097800000, 0x0000000097900000| Untracked 
| 377|0x0000000097900000, 0x0000000097a00000, 0x0000000097a00000|100%| O|  |TAMS 0x0000000097900000, 0x0000000097a00000| Untracked 
| 378|0x0000000097a00000, 0x0000000097b00000, 0x0000000097b00000|100%| O|  |TAMS 0x0000000097a00000, 0x0000000097b00000| Untracked 
| 379|0x0000000097b00000, 0x0000000097c00000, 0x0000000097c00000|100%| O|  |TAMS 0x0000000097b00000, 0x0000000097c00000| Untracked 
| 380|0x0000000097c00000, 0x0000000097d00000, 0x0000000097d00000|100%| O|  |TAMS 0x0000000097c00000, 0x0000000097d00000| Untracked 
| 381|0x0000000097d00000, 0x0000000097e00000, 0x0000000097e00000|100%| O|  |TAMS 0x0000000097d00000, 0x0000000097e00000| Untracked 
| 382|0x0000000097e00000, 0x0000000097f00000, 0x0000000097f00000|100%| O|  |TAMS 0x0000000097e00000, 0x0000000097f00000| Untracked 
| 383|0x0000000097f00000, 0x0000000098000000, 0x0000000098000000|100%| O|  |TAMS 0x0000000097f00000, 0x0000000098000000| Untracked 
| 384|0x0000000098000000, 0x0000000098100000, 0x0000000098100000|100%| O|  |TAMS 0x0000000098000000, 0x0000000098100000| Untracked 
| 385|0x0000000098100000, 0x0000000098200000, 0x0000000098200000|100%| O|  |TAMS 0x0000000098100000, 0x0000000098200000| Untracked 
| 386|0x0000000098200000, 0x0000000098300000, 0x0000000098300000|100%| O|  |TAMS 0x0000000098200000, 0x0000000098300000| Untracked 
| 387|0x0000000098300000, 0x0000000098400000, 0x0000000098400000|100%| O|  |TAMS 0x0000000098300000, 0x0000000098400000| Untracked 
| 388|0x0000000098400000, 0x0000000098500000, 0x0000000098500000|100%| O|  |TAMS 0x0000000098400000, 0x0000000098500000| Untracked 
| 389|0x0000000098500000, 0x0000000098600000, 0x0000000098600000|100%| O|  |TAMS 0x0000000098500000, 0x0000000098600000| Untracked 
| 390|0x0000000098600000, 0x0000000098700000, 0x0000000098700000|100%| O|  |TAMS 0x0000000098600000, 0x0000000098700000| Untracked 
| 391|0x0000000098700000, 0x0000000098800000, 0x0000000098800000|100%|HS|  |TAMS 0x0000000098700000, 0x0000000098800000| Complete 
| 392|0x0000000098800000, 0x0000000098900000, 0x0000000098900000|100%|HS|  |TAMS 0x0000000098800000, 0x0000000098900000| Complete 
| 393|0x0000000098900000, 0x0000000098a00000, 0x0000000098a00000|100%| O|  |TAMS 0x0000000098900000, 0x0000000098a00000| Untracked 
| 394|0x0000000098a00000, 0x0000000098b00000, 0x0000000098b00000|100%| O|  |TAMS 0x0000000098a00000, 0x0000000098b00000| Untracked 
| 395|0x0000000098b00000, 0x0000000098c00000, 0x0000000098c00000|100%| O|  |TAMS 0x0000000098b00000, 0x0000000098c00000| Untracked 
| 396|0x0000000098c00000, 0x0000000098d00000, 0x0000000098d00000|100%| O|  |TAMS 0x0000000098c00000, 0x0000000098d00000| Untracked 
| 397|0x0000000098d00000, 0x0000000098e00000, 0x0000000098e00000|100%| O|  |TAMS 0x0000000098d00000, 0x0000000098e00000| Untracked 
| 398|0x0000000098e00000, 0x0000000098f00000, 0x0000000098f00000|100%| O|  |TAMS 0x0000000098e00000, 0x0000000098f00000| Untracked 
| 399|0x0000000098f00000, 0x0000000099000000, 0x0000000099000000|100%| O|  |TAMS 0x0000000098f00000, 0x0000000099000000| Untracked 
| 400|0x0000000099000000, 0x0000000099100000, 0x0000000099100000|100%| O|  |TAMS 0x0000000099000000, 0x0000000099100000| Untracked 
| 401|0x0000000099100000, 0x0000000099200000, 0x0000000099200000|100%| O|  |TAMS 0x0000000099100000, 0x0000000099200000| Untracked 
| 402|0x0000000099200000, 0x0000000099300000, 0x0000000099300000|100%| O|  |TAMS 0x0000000099200000, 0x0000000099300000| Untracked 
| 403|0x0000000099300000, 0x0000000099400000, 0x0000000099400000|100%| O|  |TAMS 0x0000000099300000, 0x0000000099400000| Untracked 
| 404|0x0000000099400000, 0x0000000099500000, 0x0000000099500000|100%| O|  |TAMS 0x0000000099400000, 0x0000000099500000| Untracked 
| 405|0x0000000099500000, 0x0000000099600000, 0x0000000099600000|100%| O|  |TAMS 0x0000000099500000, 0x0000000099600000| Untracked 
| 406|0x0000000099600000, 0x0000000099700000, 0x0000000099700000|100%| O|  |TAMS 0x0000000099600000, 0x0000000099700000| Untracked 
| 407|0x0000000099700000, 0x0000000099800000, 0x0000000099800000|100%| O|  |TAMS 0x0000000099700000, 0x0000000099800000| Untracked 
| 408|0x0000000099800000, 0x0000000099900000, 0x0000000099900000|100%| O|  |TAMS 0x0000000099800000, 0x0000000099900000| Untracked 
| 409|0x0000000099900000, 0x0000000099a00000, 0x0000000099a00000|100%| O|  |TAMS 0x0000000099900000, 0x0000000099a00000| Untracked 
| 410|0x0000000099a00000, 0x0000000099b00000, 0x0000000099b00000|100%| O|  |TAMS 0x0000000099a00000, 0x0000000099b00000| Untracked 
| 411|0x0000000099b00000, 0x0000000099c00000, 0x0000000099c00000|100%| O|  |TAMS 0x0000000099b00000, 0x0000000099c00000| Untracked 
| 412|0x0000000099c00000, 0x0000000099d00000, 0x0000000099d00000|100%| O|  |TAMS 0x0000000099c00000, 0x0000000099d00000| Untracked 
| 413|0x0000000099d00000, 0x0000000099e00000, 0x0000000099e00000|100%| O|  |TAMS 0x0000000099d00000, 0x0000000099e00000| Untracked 
| 414|0x0000000099e00000, 0x0000000099f00000, 0x0000000099f00000|100%| O|  |TAMS 0x0000000099e00000, 0x0000000099f00000| Untracked 
| 415|0x0000000099f00000, 0x000000009a000000, 0x000000009a000000|100%| O|  |TAMS 0x0000000099f00000, 0x000000009a000000| Untracked 
| 416|0x000000009a000000, 0x000000009a100000, 0x000000009a100000|100%| O|  |TAMS 0x000000009a000000, 0x000000009a100000| Untracked 
| 417|0x000000009a100000, 0x000000009a200000, 0x000000009a200000|100%| O|  |TAMS 0x000000009a100000, 0x000000009a200000| Untracked 
| 418|0x000000009a200000, 0x000000009a300000, 0x000000009a300000|100%| O|  |TAMS 0x000000009a200000, 0x000000009a300000| Untracked 
| 419|0x000000009a300000, 0x000000009a400000, 0x000000009a400000|100%| O|  |TAMS 0x000000009a300000, 0x000000009a400000| Untracked 
| 420|0x000000009a400000, 0x000000009a500000, 0x000000009a500000|100%| O|  |TAMS 0x000000009a400000, 0x000000009a500000| Untracked 
| 421|0x000000009a500000, 0x000000009a600000, 0x000000009a600000|100%| O|  |TAMS 0x000000009a500000, 0x000000009a600000| Untracked 
| 422|0x000000009a600000, 0x000000009a700000, 0x000000009a700000|100%| O|  |TAMS 0x000000009a600000, 0x000000009a700000| Untracked 
| 423|0x000000009a700000, 0x000000009a800000, 0x000000009a800000|100%| O|  |TAMS 0x000000009a700000, 0x000000009a800000| Untracked 
| 424|0x000000009a800000, 0x000000009a900000, 0x000000009a900000|100%| O|  |TAMS 0x000000009a800000, 0x000000009a900000| Untracked 
| 425|0x000000009a900000, 0x000000009aa00000, 0x000000009aa00000|100%| O|  |TAMS 0x000000009a900000, 0x000000009aa00000| Untracked 
| 426|0x000000009aa00000, 0x000000009ab00000, 0x000000009ab00000|100%| O|  |TAMS 0x000000009aa00000, 0x000000009ab00000| Untracked 
| 427|0x000000009ab00000, 0x000000009ac00000, 0x000000009ac00000|100%| O|  |TAMS 0x000000009ab00000, 0x000000009ac00000| Untracked 
| 428|0x000000009ac00000, 0x000000009ad00000, 0x000000009ad00000|100%| O|  |TAMS 0x000000009ac00000, 0x000000009ad00000| Untracked 
| 429|0x000000009ad00000, 0x000000009ae00000, 0x000000009ae00000|100%| O|  |TAMS 0x000000009ad00000, 0x000000009ae00000| Untracked 
| 430|0x000000009ae00000, 0x000000009af00000, 0x000000009af00000|100%| O|  |TAMS 0x000000009ae00000, 0x000000009af00000| Untracked 
| 431|0x000000009af00000, 0x000000009b000000, 0x000000009b000000|100%| O|  |TAMS 0x000000009af00000, 0x000000009b000000| Untracked 
| 432|0x000000009b000000, 0x000000009b100000, 0x000000009b100000|100%| O|  |TAMS 0x000000009b000000, 0x000000009b100000| Untracked 
| 433|0x000000009b100000, 0x000000009b200000, 0x000000009b200000|100%| O|  |TAMS 0x000000009b100000, 0x000000009b200000| Untracked 
| 434|0x000000009b200000, 0x000000009b300000, 0x000000009b300000|100%| O|  |TAMS 0x000000009b200000, 0x000000009b300000| Untracked 
| 435|0x000000009b300000, 0x000000009b400000, 0x000000009b400000|100%| O|  |TAMS 0x000000009b300000, 0x000000009b400000| Untracked 
| 436|0x000000009b400000, 0x000000009b500000, 0x000000009b500000|100%| O|  |TAMS 0x000000009b400000, 0x000000009b500000| Untracked 
| 437|0x000000009b500000, 0x000000009b600000, 0x000000009b600000|100%| O|  |TAMS 0x000000009b500000, 0x000000009b600000| Untracked 
| 438|0x000000009b600000, 0x000000009b700000, 0x000000009b700000|100%| O|  |TAMS 0x000000009b600000, 0x000000009b700000| Untracked 
| 439|0x000000009b700000, 0x000000009b800000, 0x000000009b800000|100%| O|  |TAMS 0x000000009b700000, 0x000000009b800000| Untracked 
| 440|0x000000009b800000, 0x000000009b900000, 0x000000009b900000|100%| O|  |TAMS 0x000000009b800000, 0x000000009b900000| Untracked 
| 441|0x000000009b900000, 0x000000009ba00000, 0x000000009ba00000|100%| O|  |TAMS 0x000000009b900000, 0x000000009ba00000| Untracked 
| 442|0x000000009ba00000, 0x000000009bb00000, 0x000000009bb00000|100%| O|  |TAMS 0x000000009ba00000, 0x000000009bb00000| Untracked 
| 443|0x000000009bb00000, 0x000000009bc00000, 0x000000009bc00000|100%| O|  |TAMS 0x000000009bb00000, 0x000000009bc00000| Untracked 
| 444|0x000000009bc00000, 0x000000009bd00000, 0x000000009bd00000|100%| O|  |TAMS 0x000000009bc00000, 0x000000009bd00000| Untracked 
| 445|0x000000009bd00000, 0x000000009be00000, 0x000000009be00000|100%| O|  |TAMS 0x000000009bd00000, 0x000000009be00000| Untracked 
| 446|0x000000009be00000, 0x000000009bf00000, 0x000000009bf00000|100%| O|  |TAMS 0x000000009be00000, 0x000000009bf00000| Untracked 
| 447|0x000000009bf00000, 0x000000009c000000, 0x000000009c000000|100%| O|  |TAMS 0x000000009bf00000, 0x000000009c000000| Untracked 
| 448|0x000000009c000000, 0x000000009c100000, 0x000000009c100000|100%|HS|  |TAMS 0x000000009c000000, 0x000000009c100000| Complete 
| 449|0x000000009c100000, 0x000000009c200000, 0x000000009c200000|100%|HC|  |TAMS 0x000000009c100000, 0x000000009c200000| Complete 
| 450|0x000000009c200000, 0x000000009c300000, 0x000000009c300000|100%| O|  |TAMS 0x000000009c200000, 0x000000009c300000| Untracked 
| 451|0x000000009c300000, 0x000000009c400000, 0x000000009c400000|100%| O|  |TAMS 0x000000009c300000, 0x000000009c400000| Untracked 
| 452|0x000000009c400000, 0x000000009c500000, 0x000000009c500000|100%| O|  |TAMS 0x000000009c400000, 0x000000009c500000| Untracked 
| 453|0x000000009c500000, 0x000000009c600000, 0x000000009c600000|100%| O|  |TAMS 0x000000009c500000, 0x000000009c600000| Untracked 
| 454|0x000000009c600000, 0x000000009c700000, 0x000000009c700000|100%| O|  |TAMS 0x000000009c600000, 0x000000009c700000| Untracked 
| 455|0x000000009c700000, 0x000000009c800000, 0x000000009c800000|100%| O|  |TAMS 0x000000009c700000, 0x000000009c800000| Untracked 
| 456|0x000000009c800000, 0x000000009c900000, 0x000000009c900000|100%| O|  |TAMS 0x000000009c800000, 0x000000009c900000| Untracked 
| 457|0x000000009c900000, 0x000000009ca00000, 0x000000009ca00000|100%| O|  |TAMS 0x000000009c900000, 0x000000009ca00000| Untracked 
| 458|0x000000009ca00000, 0x000000009cb00000, 0x000000009cb00000|100%| O|  |TAMS 0x000000009ca00000, 0x000000009cb00000| Untracked 
| 459|0x000000009cb00000, 0x000000009cc00000, 0x000000009cc00000|100%| O|  |TAMS 0x000000009cb00000, 0x000000009cc00000| Untracked 
| 460|0x000000009cc00000, 0x000000009cd00000, 0x000000009cd00000|100%| O|  |TAMS 0x000000009cc00000, 0x000000009cd00000| Untracked 
| 461|0x000000009cd00000, 0x000000009ce00000, 0x000000009ce00000|100%| O|  |TAMS 0x000000009cd00000, 0x000000009ce00000| Untracked 
| 462|0x000000009ce00000, 0x000000009cf00000, 0x000000009cf00000|100%| O|  |TAMS 0x000000009ce00000, 0x000000009cf00000| Untracked 
| 463|0x000000009cf00000, 0x000000009d000000, 0x000000009d000000|100%| O|  |TAMS 0x000000009cf00000, 0x000000009d000000| Untracked 
| 464|0x000000009d000000, 0x000000009d100000, 0x000000009d100000|100%| O|  |TAMS 0x000000009d000000, 0x000000009d100000| Untracked 
| 465|0x000000009d100000, 0x000000009d200000, 0x000000009d200000|100%| O|  |TAMS 0x000000009d100000, 0x000000009d200000| Untracked 
| 466|0x000000009d200000, 0x000000009d300000, 0x000000009d300000|100%| O|  |TAMS 0x000000009d200000, 0x000000009d300000| Untracked 
| 467|0x000000009d300000, 0x000000009d400000, 0x000000009d400000|100%| O|  |TAMS 0x000000009d300000, 0x000000009d400000| Untracked 
| 468|0x000000009d400000, 0x000000009d500000, 0x000000009d500000|100%| O|  |TAMS 0x000000009d400000, 0x000000009d500000| Untracked 
| 469|0x000000009d500000, 0x000000009d600000, 0x000000009d600000|100%| O|  |TAMS 0x000000009d500000, 0x000000009d600000| Untracked 
| 470|0x000000009d600000, 0x000000009d700000, 0x000000009d700000|100%| O|  |TAMS 0x000000009d600000, 0x000000009d700000| Untracked 
| 471|0x000000009d700000, 0x000000009d800000, 0x000000009d800000|100%| O|  |TAMS 0x000000009d700000, 0x000000009d800000| Untracked 
| 472|0x000000009d800000, 0x000000009d900000, 0x000000009d900000|100%| O|  |TAMS 0x000000009d800000, 0x000000009d900000| Untracked 
| 473|0x000000009d900000, 0x000000009da00000, 0x000000009da00000|100%| O|  |TAMS 0x000000009d900000, 0x000000009da00000| Untracked 
| 474|0x000000009da00000, 0x000000009db00000, 0x000000009db00000|100%| O|  |TAMS 0x000000009da00000, 0x000000009db00000| Untracked 
| 475|0x000000009db00000, 0x000000009dc00000, 0x000000009dc00000|100%| O|  |TAMS 0x000000009db00000, 0x000000009dc00000| Untracked 
| 476|0x000000009dc00000, 0x000000009dd00000, 0x000000009dd00000|100%| O|  |TAMS 0x000000009dc00000, 0x000000009dd00000| Untracked 
| 477|0x000000009dd00000, 0x000000009de00000, 0x000000009de00000|100%| O|  |TAMS 0x000000009dd00000, 0x000000009de00000| Untracked 
| 478|0x000000009de00000, 0x000000009df00000, 0x000000009df00000|100%| O|  |TAMS 0x000000009de00000, 0x000000009df00000| Untracked 
| 479|0x000000009df00000, 0x000000009e000000, 0x000000009e000000|100%| O|  |TAMS 0x000000009df00000, 0x000000009e000000| Untracked 
| 480|0x000000009e000000, 0x000000009e100000, 0x000000009e100000|100%| O|  |TAMS 0x000000009e000000, 0x000000009e100000| Untracked 
| 481|0x000000009e100000, 0x000000009e200000, 0x000000009e200000|100%| O|  |TAMS 0x000000009e100000, 0x000000009e200000| Untracked 
| 482|0x000000009e200000, 0x000000009e300000, 0x000000009e300000|100%| O|  |TAMS 0x000000009e200000, 0x000000009e300000| Untracked 
| 483|0x000000009e300000, 0x000000009e400000, 0x000000009e400000|100%| O|  |TAMS 0x000000009e300000, 0x000000009e400000| Untracked 
| 484|0x000000009e400000, 0x000000009e500000, 0x000000009e500000|100%| O|  |TAMS 0x000000009e400000, 0x000000009e500000| Untracked 
| 485|0x000000009e500000, 0x000000009e600000, 0x000000009e600000|100%| O|  |TAMS 0x000000009e500000, 0x000000009e600000| Untracked 
| 486|0x000000009e600000, 0x000000009e700000, 0x000000009e700000|100%| O|  |TAMS 0x000000009e600000, 0x000000009e700000| Untracked 
| 487|0x000000009e700000, 0x000000009e800000, 0x000000009e800000|100%| O|  |TAMS 0x000000009e700000, 0x000000009e800000| Untracked 
| 488|0x000000009e800000, 0x000000009e900000, 0x000000009e900000|100%| O|  |TAMS 0x000000009e800000, 0x000000009e900000| Untracked 
| 489|0x000000009e900000, 0x000000009ea00000, 0x000000009ea00000|100%| O|  |TAMS 0x000000009e900000, 0x000000009ea00000| Untracked 
| 490|0x000000009ea00000, 0x000000009eb00000, 0x000000009eb00000|100%| O|  |TAMS 0x000000009ea00000, 0x000000009eb00000| Untracked 
| 491|0x000000009eb00000, 0x000000009ec00000, 0x000000009ec00000|100%| O|  |TAMS 0x000000009eb00000, 0x000000009ec00000| Untracked 
| 492|0x000000009ec00000, 0x000000009ed00000, 0x000000009ed00000|100%| O|  |TAMS 0x000000009ec00000, 0x000000009ed00000| Untracked 
| 493|0x000000009ed00000, 0x000000009ee00000, 0x000000009ee00000|100%| O|  |TAMS 0x000000009ed00000, 0x000000009ee00000| Untracked 
| 494|0x000000009ee00000, 0x000000009ef00000, 0x000000009ef00000|100%| O|  |TAMS 0x000000009ee00000, 0x000000009ef00000| Untracked 
| 495|0x000000009ef00000, 0x000000009f000000, 0x000000009f000000|100%| O|  |TAMS 0x000000009ef00000, 0x000000009f000000| Untracked 
| 496|0x000000009f000000, 0x000000009f100000, 0x000000009f100000|100%| O|  |TAMS 0x000000009f000000, 0x000000009f100000| Untracked 
| 497|0x000000009f100000, 0x000000009f200000, 0x000000009f200000|100%| O|  |TAMS 0x000000009f100000, 0x000000009f200000| Untracked 
| 498|0x000000009f200000, 0x000000009f300000, 0x000000009f300000|100%| O|  |TAMS 0x000000009f200000, 0x000000009f300000| Untracked 
| 499|0x000000009f300000, 0x000000009f400000, 0x000000009f400000|100%| O|  |TAMS 0x000000009f300000, 0x000000009f400000| Untracked 
| 500|0x000000009f400000, 0x000000009f500000, 0x000000009f500000|100%| O|  |TAMS 0x000000009f400000, 0x000000009f500000| Untracked 
| 501|0x000000009f500000, 0x000000009f600000, 0x000000009f600000|100%| O|  |TAMS 0x000000009f500000, 0x000000009f600000| Untracked 
| 502|0x000000009f600000, 0x000000009f700000, 0x000000009f700000|100%| O|  |TAMS 0x000000009f600000, 0x000000009f700000| Untracked 
| 503|0x000000009f700000, 0x000000009f800000, 0x000000009f800000|100%| O|  |TAMS 0x000000009f700000, 0x000000009f800000| Untracked 
| 504|0x000000009f800000, 0x000000009f900000, 0x000000009f900000|100%| O|  |TAMS 0x000000009f800000, 0x000000009f900000| Untracked 
| 505|0x000000009f900000, 0x000000009fa00000, 0x000000009fa00000|100%| O|  |TAMS 0x000000009f900000, 0x000000009fa00000| Untracked 
| 506|0x000000009fa00000, 0x000000009fb00000, 0x000000009fb00000|100%| O|  |TAMS 0x000000009fa00000, 0x000000009fb00000| Untracked 
| 507|0x000000009fb00000, 0x000000009fc00000, 0x000000009fc00000|100%| O|  |TAMS 0x000000009fb00000, 0x000000009fc00000| Untracked 
| 508|0x000000009fc00000, 0x000000009fd00000, 0x000000009fd00000|100%| O|  |TAMS 0x000000009fc00000, 0x000000009fd00000| Untracked 
| 509|0x000000009fd00000, 0x000000009fe00000, 0x000000009fe00000|100%| O|  |TAMS 0x000000009fd00000, 0x000000009fe00000| Untracked 
| 510|0x000000009fe00000, 0x000000009ff00000, 0x000000009ff00000|100%| O|  |TAMS 0x000000009fe00000, 0x000000009ff00000| Untracked 
| 511|0x000000009ff00000, 0x00000000a0000000, 0x00000000a0000000|100%| O|  |TAMS 0x000000009ff00000, 0x00000000a0000000| Untracked 
| 512|0x00000000a0000000, 0x00000000a0100000, 0x00000000a0100000|100%| O|  |TAMS 0x00000000a0000000, 0x00000000a0100000| Untracked 
| 513|0x00000000a0100000, 0x00000000a0200000, 0x00000000a0200000|100%| O|  |TAMS 0x00000000a0100000, 0x00000000a0200000| Untracked 
| 514|0x00000000a0200000, 0x00000000a0300000, 0x00000000a0300000|100%| O|  |TAMS 0x00000000a0200000, 0x00000000a0300000| Untracked 
| 515|0x00000000a0300000, 0x00000000a0400000, 0x00000000a0400000|100%| O|  |TAMS 0x00000000a0300000, 0x00000000a0400000| Untracked 
| 516|0x00000000a0400000, 0x00000000a0500000, 0x00000000a0500000|100%| O|  |TAMS 0x00000000a0400000, 0x00000000a0500000| Untracked 
| 517|0x00000000a0500000, 0x00000000a0600000, 0x00000000a0600000|100%| O|  |TAMS 0x00000000a0500000, 0x00000000a0600000| Untracked 
| 518|0x00000000a0600000, 0x00000000a0700000, 0x00000000a0700000|100%| O|  |TAMS 0x00000000a0600000, 0x00000000a0700000| Untracked 
| 519|0x00000000a0700000, 0x00000000a0800000, 0x00000000a0800000|100%| O|  |TAMS 0x00000000a0700000, 0x00000000a0800000| Untracked 
| 520|0x00000000a0800000, 0x00000000a0900000, 0x00000000a0900000|100%| O|  |TAMS 0x00000000a0800000, 0x00000000a0900000| Untracked 
| 521|0x00000000a0900000, 0x00000000a0a00000, 0x00000000a0a00000|100%| O|  |TAMS 0x00000000a0900000, 0x00000000a0a00000| Untracked 
| 522|0x00000000a0a00000, 0x00000000a0b00000, 0x00000000a0b00000|100%| O|  |TAMS 0x00000000a0a00000, 0x00000000a0b00000| Untracked 
| 523|0x00000000a0b00000, 0x00000000a0c00000, 0x00000000a0c00000|100%| O|  |TAMS 0x00000000a0b00000, 0x00000000a0c00000| Untracked 
| 524|0x00000000a0c00000, 0x00000000a0d00000, 0x00000000a0d00000|100%| O|  |TAMS 0x00000000a0c00000, 0x00000000a0d00000| Untracked 
| 525|0x00000000a0d00000, 0x00000000a0e00000, 0x00000000a0e00000|100%| O|  |TAMS 0x00000000a0d00000, 0x00000000a0e00000| Untracked 
| 526|0x00000000a0e00000, 0x00000000a0f00000, 0x00000000a0f00000|100%| O|  |TAMS 0x00000000a0e00000, 0x00000000a0f00000| Untracked 
| 527|0x00000000a0f00000, 0x00000000a1000000, 0x00000000a1000000|100%| O|  |TAMS 0x00000000a0f00000, 0x00000000a1000000| Untracked 
| 528|0x00000000a1000000, 0x00000000a1100000, 0x00000000a1100000|100%| O|  |TAMS 0x00000000a1000000, 0x00000000a1100000| Untracked 
| 529|0x00000000a1100000, 0x00000000a1200000, 0x00000000a1200000|100%| O|  |TAMS 0x00000000a1100000, 0x00000000a1200000| Untracked 
| 530|0x00000000a1200000, 0x00000000a1300000, 0x00000000a1300000|100%| O|  |TAMS 0x00000000a1200000, 0x00000000a1300000| Untracked 
| 531|0x00000000a1300000, 0x00000000a1400000, 0x00000000a1400000|100%| O|  |TAMS 0x00000000a1300000, 0x00000000a1400000| Untracked 
| 532|0x00000000a1400000, 0x00000000a1500000, 0x00000000a1500000|100%| O|  |TAMS 0x00000000a1400000, 0x00000000a1500000| Untracked 
| 533|0x00000000a1500000, 0x00000000a1600000, 0x00000000a1600000|100%| O|  |TAMS 0x00000000a1500000, 0x00000000a1600000| Untracked 
| 534|0x00000000a1600000, 0x00000000a1700000, 0x00000000a1700000|100%| O|  |TAMS 0x00000000a1600000, 0x00000000a1700000| Untracked 
| 535|0x00000000a1700000, 0x00000000a1800000, 0x00000000a1800000|100%| O|  |TAMS 0x00000000a1700000, 0x00000000a1800000| Untracked 
| 536|0x00000000a1800000, 0x00000000a1900000, 0x00000000a1900000|100%| O|  |TAMS 0x00000000a1800000, 0x00000000a1900000| Untracked 
| 537|0x00000000a1900000, 0x00000000a1a00000, 0x00000000a1a00000|100%| O|  |TAMS 0x00000000a1900000, 0x00000000a1a00000| Untracked 
| 538|0x00000000a1a00000, 0x00000000a1b00000, 0x00000000a1b00000|100%| O|  |TAMS 0x00000000a1a00000, 0x00000000a1b00000| Untracked 
| 539|0x00000000a1b00000, 0x00000000a1c00000, 0x00000000a1c00000|100%| O|  |TAMS 0x00000000a1b00000, 0x00000000a1c00000| Untracked 
| 540|0x00000000a1c00000, 0x00000000a1d00000, 0x00000000a1d00000|100%| O|  |TAMS 0x00000000a1c00000, 0x00000000a1d00000| Untracked 
| 541|0x00000000a1d00000, 0x00000000a1e00000, 0x00000000a1e00000|100%| O|  |TAMS 0x00000000a1d00000, 0x00000000a1e00000| Untracked 
| 542|0x00000000a1e00000, 0x00000000a1f00000, 0x00000000a1f00000|100%| O|  |TAMS 0x00000000a1e00000, 0x00000000a1f00000| Untracked 
| 543|0x00000000a1f00000, 0x00000000a2000000, 0x00000000a2000000|100%| O|  |TAMS 0x00000000a1f00000, 0x00000000a2000000| Untracked 
| 544|0x00000000a2000000, 0x00000000a2100000, 0x00000000a2100000|100%| O|  |TAMS 0x00000000a2000000, 0x00000000a2100000| Untracked 
| 545|0x00000000a2100000, 0x00000000a2200000, 0x00000000a2200000|100%| O|  |TAMS 0x00000000a2100000, 0x00000000a2200000| Untracked 
| 546|0x00000000a2200000, 0x00000000a2300000, 0x00000000a2300000|100%| O|  |TAMS 0x00000000a2200000, 0x00000000a2300000| Untracked 
| 547|0x00000000a2300000, 0x00000000a2400000, 0x00000000a2400000|100%| O|  |TAMS 0x00000000a2300000, 0x00000000a2400000| Untracked 
| 548|0x00000000a2400000, 0x00000000a2500000, 0x00000000a2500000|100%| O|  |TAMS 0x00000000a2400000, 0x00000000a2500000| Untracked 
| 549|0x00000000a2500000, 0x00000000a2600000, 0x00000000a2600000|100%| O|  |TAMS 0x00000000a2500000, 0x00000000a2600000| Untracked 
| 550|0x00000000a2600000, 0x00000000a2700000, 0x00000000a2700000|100%| O|  |TAMS 0x00000000a2600000, 0x00000000a2700000| Untracked 
| 551|0x00000000a2700000, 0x00000000a2800000, 0x00000000a2800000|100%| O|  |TAMS 0x00000000a2700000, 0x00000000a2800000| Untracked 
| 552|0x00000000a2800000, 0x00000000a2900000, 0x00000000a2900000|100%| O|  |TAMS 0x00000000a2800000, 0x00000000a2900000| Untracked 
| 553|0x00000000a2900000, 0x00000000a2a00000, 0x00000000a2a00000|100%| O|  |TAMS 0x00000000a2900000, 0x00000000a2a00000| Untracked 
| 554|0x00000000a2a00000, 0x00000000a2b00000, 0x00000000a2b00000|100%| O|  |TAMS 0x00000000a2a00000, 0x00000000a2b00000| Untracked 
| 555|0x00000000a2b00000, 0x00000000a2c00000, 0x00000000a2c00000|100%| O|  |TAMS 0x00000000a2b00000, 0x00000000a2c00000| Untracked 
| 556|0x00000000a2c00000, 0x00000000a2d00000, 0x00000000a2d00000|100%| O|  |TAMS 0x00000000a2c00000, 0x00000000a2d00000| Untracked 
| 557|0x00000000a2d00000, 0x00000000a2e00000, 0x00000000a2e00000|100%| O|  |TAMS 0x00000000a2d00000, 0x00000000a2e00000| Untracked 
| 558|0x00000000a2e00000, 0x00000000a2f00000, 0x00000000a2f00000|100%| O|  |TAMS 0x00000000a2e00000, 0x00000000a2f00000| Untracked 
| 559|0x00000000a2f00000, 0x00000000a3000000, 0x00000000a3000000|100%| O|  |TAMS 0x00000000a2f00000, 0x00000000a3000000| Untracked 
| 560|0x00000000a3000000, 0x00000000a3100000, 0x00000000a3100000|100%| O|  |TAMS 0x00000000a3000000, 0x00000000a3100000| Untracked 
| 561|0x00000000a3100000, 0x00000000a3200000, 0x00000000a3200000|100%| O|  |TAMS 0x00000000a3100000, 0x00000000a3200000| Untracked 
| 562|0x00000000a3200000, 0x00000000a3300000, 0x00000000a3300000|100%| O|  |TAMS 0x00000000a3200000, 0x00000000a3300000| Untracked 
| 563|0x00000000a3300000, 0x00000000a3400000, 0x00000000a3400000|100%| O|  |TAMS 0x00000000a3300000, 0x00000000a3400000| Untracked 
| 564|0x00000000a3400000, 0x00000000a3500000, 0x00000000a3500000|100%| O|  |TAMS 0x00000000a3400000, 0x00000000a3480000| Untracked 
| 565|0x00000000a3500000, 0x00000000a3600000, 0x00000000a3600000|100%| O|  |TAMS 0x00000000a3500000, 0x00000000a3500000| Untracked 
| 566|0x00000000a3600000, 0x00000000a3700000, 0x00000000a3700000|100%| O|  |TAMS 0x00000000a3600000, 0x00000000a3600000| Untracked 
| 567|0x00000000a3700000, 0x00000000a3800000, 0x00000000a3800000|100%| O|  |TAMS 0x00000000a3700000, 0x00000000a3700000| Untracked 
| 568|0x00000000a3800000, 0x00000000a3900000, 0x00000000a3900000|100%| O|  |TAMS 0x00000000a3800000, 0x00000000a3800000| Untracked 
| 569|0x00000000a3900000, 0x00000000a3a00000, 0x00000000a3a00000|100%| O|  |TAMS 0x00000000a3900000, 0x00000000a3900000| Untracked 
| 570|0x00000000a3a00000, 0x00000000a3b00000, 0x00000000a3b00000|100%| O|  |TAMS 0x00000000a3a00000, 0x00000000a3a00000| Untracked 
| 571|0x00000000a3b00000, 0x00000000a3c00000, 0x00000000a3c00000|100%| O|  |TAMS 0x00000000a3b00000, 0x00000000a3b00000| Untracked 
| 572|0x00000000a3c00000, 0x00000000a3d00000, 0x00000000a3d00000|100%| O|  |TAMS 0x00000000a3c00000, 0x00000000a3c00000| Untracked 
| 573|0x00000000a3d00000, 0x00000000a3e00000, 0x00000000a3e00000|100%| O|  |TAMS 0x00000000a3d00000, 0x00000000a3d00000| Untracked 
| 574|0x00000000a3e00000, 0x00000000a3f00000, 0x00000000a3f00000|100%| O|  |TAMS 0x00000000a3e00000, 0x00000000a3e00000| Untracked 
| 575|0x00000000a3f00000, 0x00000000a4000000, 0x00000000a4000000|100%| O|  |TAMS 0x00000000a3f00000, 0x00000000a3f00000| Untracked 
| 576|0x00000000a4000000, 0x00000000a4100000, 0x00000000a4100000|100%| O|  |TAMS 0x00000000a4000000, 0x00000000a4000000| Untracked 
| 577|0x00000000a4100000, 0x00000000a4200000, 0x00000000a4200000|100%| O|  |TAMS 0x00000000a4100000, 0x00000000a4100000| Untracked 
| 578|0x00000000a4200000, 0x00000000a4300000, 0x00000000a4300000|100%| O|  |TAMS 0x00000000a4200000, 0x00000000a4200000| Untracked 
| 579|0x00000000a4300000, 0x00000000a4400000, 0x00000000a4400000|100%| O|  |TAMS 0x00000000a4300000, 0x00000000a4300000| Untracked 
| 580|0x00000000a4400000, 0x00000000a4500000, 0x00000000a4500000|100%| O|  |TAMS 0x00000000a4400000, 0x00000000a4400000| Untracked 
| 581|0x00000000a4500000, 0x00000000a4600000, 0x00000000a4600000|100%| O|  |TAMS 0x00000000a4500000, 0x00000000a4500000| Untracked 
| 582|0x00000000a4600000, 0x00000000a4700000, 0x00000000a4700000|100%| O|  |TAMS 0x00000000a4600000, 0x00000000a4600000| Untracked 
| 583|0x00000000a4700000, 0x00000000a4800000, 0x00000000a4800000|100%| O|  |TAMS 0x00000000a4700000, 0x00000000a4700000| Untracked 
| 584|0x00000000a4800000, 0x00000000a48c2600, 0x00000000a4900000| 75%| O|  |TAMS 0x00000000a4800000, 0x00000000a4800000| Untracked 
| 585|0x00000000a4900000, 0x00000000a4900000, 0x00000000a4a00000|  0%| F|  |TAMS 0x00000000a4900000, 0x00000000a4900000| Untracked 
| 586|0x00000000a4a00000, 0x00000000a4a00000, 0x00000000a4b00000|  0%| F|  |TAMS 0x00000000a4a00000, 0x00000000a4a00000| Untracked 
| 587|0x00000000a4b00000, 0x00000000a4b00000, 0x00000000a4c00000|  0%| F|  |TAMS 0x00000000a4b00000, 0x00000000a4b00000| Untracked 
| 588|0x00000000a4c00000, 0x00000000a4c00000, 0x00000000a4d00000|  0%| F|  |TAMS 0x00000000a4c00000, 0x00000000a4c00000| Untracked 
| 589|0x00000000a4d00000, 0x00000000a4d00000, 0x00000000a4e00000|  0%| F|  |TAMS 0x00000000a4d00000, 0x00000000a4d00000| Untracked 
| 590|0x00000000a4e00000, 0x00000000a4e00000, 0x00000000a4f00000|  0%| F|  |TAMS 0x00000000a4e00000, 0x00000000a4e00000| Untracked 
| 591|0x00000000a4f00000, 0x00000000a4f00000, 0x00000000a5000000|  0%| F|  |TAMS 0x00000000a4f00000, 0x00000000a4f00000| Untracked 
| 592|0x00000000a5000000, 0x00000000a5000000, 0x00000000a5100000|  0%| F|  |TAMS 0x00000000a5000000, 0x00000000a5000000| Untracked 
| 593|0x00000000a5100000, 0x00000000a5100000, 0x00000000a5200000|  0%| F|  |TAMS 0x00000000a5100000, 0x00000000a5100000| Untracked 
| 594|0x00000000a5200000, 0x00000000a5200000, 0x00000000a5300000|  0%| F|  |TAMS 0x00000000a5200000, 0x00000000a5200000| Untracked 
| 595|0x00000000a5300000, 0x00000000a5300000, 0x00000000a5400000|  0%| F|  |TAMS 0x00000000a5300000, 0x00000000a5300000| Untracked 
| 596|0x00000000a5400000, 0x00000000a5500000, 0x00000000a5500000|100%|HS|  |TAMS 0x00000000a5400000, 0x00000000a5400000| Complete 
| 597|0x00000000a5500000, 0x00000000a5600000, 0x00000000a5600000|100%|HC|  |TAMS 0x00000000a5500000, 0x00000000a5500000| Complete 
| 598|0x00000000a5600000, 0x00000000a5700000, 0x00000000a5700000|100%|HC|  |TAMS 0x00000000a5600000, 0x00000000a5600000| Complete 
| 599|0x00000000a5700000, 0x00000000a5800000, 0x00000000a5800000|100%|HC|  |TAMS 0x00000000a5700000, 0x00000000a5700000| Complete 
| 600|0x00000000a5800000, 0x00000000a5900000, 0x00000000a5900000|100%|HC|  |TAMS 0x00000000a5800000, 0x00000000a5800000| Complete 
| 601|0x00000000a5900000, 0x00000000a5a00000, 0x00000000a5a00000|100%|HC|  |TAMS 0x00000000a5900000, 0x00000000a5900000| Complete 
| 602|0x00000000a5a00000, 0x00000000a5b00000, 0x00000000a5b00000|100%|HC|  |TAMS 0x00000000a5a00000, 0x00000000a5a00000| Complete 
| 603|0x00000000a5b00000, 0x00000000a5b00000, 0x00000000a5c00000|  0%| F|  |TAMS 0x00000000a5b00000, 0x00000000a5b00000| Untracked 
| 604|0x00000000a5c00000, 0x00000000a5c00000, 0x00000000a5d00000|  0%| F|  |TAMS 0x00000000a5c00000, 0x00000000a5c00000| Untracked 
| 605|0x00000000a5d00000, 0x00000000a5d00000, 0x00000000a5e00000|  0%| F|  |TAMS 0x00000000a5d00000, 0x00000000a5d00000| Untracked 
| 606|0x00000000a5e00000, 0x00000000a5e00000, 0x00000000a5f00000|  0%| F|  |TAMS 0x00000000a5e00000, 0x00000000a5e00000| Untracked 
| 607|0x00000000a5f00000, 0x00000000a5f00000, 0x00000000a6000000|  0%| F|  |TAMS 0x00000000a5f00000, 0x00000000a5f00000| Untracked 
| 608|0x00000000a6000000, 0x00000000a6000000, 0x00000000a6100000|  0%| F|  |TAMS 0x00000000a6000000, 0x00000000a6000000| Untracked 
| 609|0x00000000a6100000, 0x00000000a6100000, 0x00000000a6200000|  0%| F|  |TAMS 0x00000000a6100000, 0x00000000a6100000| Untracked 
| 610|0x00000000a6200000, 0x00000000a6200000, 0x00000000a6300000|  0%| F|  |TAMS 0x00000000a6200000, 0x00000000a6200000| Untracked 
| 611|0x00000000a6300000, 0x00000000a6300000, 0x00000000a6400000|  0%| F|  |TAMS 0x00000000a6300000, 0x00000000a6300000| Untracked 
| 612|0x00000000a6400000, 0x00000000a6400000, 0x00000000a6500000|  0%| F|  |TAMS 0x00000000a6400000, 0x00000000a6400000| Untracked 
| 613|0x00000000a6500000, 0x00000000a6500000, 0x00000000a6600000|  0%| F|  |TAMS 0x00000000a6500000, 0x00000000a6500000| Untracked 
| 614|0x00000000a6600000, 0x00000000a6600000, 0x00000000a6700000|  0%| F|  |TAMS 0x00000000a6600000, 0x00000000a6600000| Untracked 
| 615|0x00000000a6700000, 0x00000000a6700000, 0x00000000a6800000|  0%| F|  |TAMS 0x00000000a6700000, 0x00000000a6700000| Untracked 
| 616|0x00000000a6800000, 0x00000000a6800000, 0x00000000a6900000|  0%| F|  |TAMS 0x00000000a6800000, 0x00000000a6800000| Untracked 
| 617|0x00000000a6900000, 0x00000000a6900000, 0x00000000a6a00000|  0%| F|  |TAMS 0x00000000a6900000, 0x00000000a6900000| Untracked 
| 618|0x00000000a6a00000, 0x00000000a6a00000, 0x00000000a6b00000|  0%| F|  |TAMS 0x00000000a6a00000, 0x00000000a6a00000| Untracked 
| 619|0x00000000a6b00000, 0x00000000a6b00000, 0x00000000a6c00000|  0%| F|  |TAMS 0x00000000a6b00000, 0x00000000a6b00000| Untracked 
| 620|0x00000000a6c00000, 0x00000000a6c00000, 0x00000000a6d00000|  0%| F|  |TAMS 0x00000000a6c00000, 0x00000000a6c00000| Untracked 
| 621|0x00000000a6d00000, 0x00000000a6d00000, 0x00000000a6e00000|  0%| F|  |TAMS 0x00000000a6d00000, 0x00000000a6d00000| Untracked 
| 622|0x00000000a6e00000, 0x00000000a6e00000, 0x00000000a6f00000|  0%| F|  |TAMS 0x00000000a6e00000, 0x00000000a6e00000| Untracked 
| 623|0x00000000a6f00000, 0x00000000a6f00000, 0x00000000a7000000|  0%| F|  |TAMS 0x00000000a6f00000, 0x00000000a6f00000| Untracked 
| 624|0x00000000a7000000, 0x00000000a7000000, 0x00000000a7100000|  0%| F|  |TAMS 0x00000000a7000000, 0x00000000a7000000| Untracked 
| 625|0x00000000a7100000, 0x00000000a7100000, 0x00000000a7200000|  0%| F|  |TAMS 0x00000000a7100000, 0x00000000a7100000| Untracked 
| 626|0x00000000a7200000, 0x00000000a7200000, 0x00000000a7300000|  0%| F|  |TAMS 0x00000000a7200000, 0x00000000a7200000| Untracked 
| 627|0x00000000a7300000, 0x00000000a7300000, 0x00000000a7400000|  0%| F|  |TAMS 0x00000000a7300000, 0x00000000a7300000| Untracked 
| 628|0x00000000a7400000, 0x00000000a7400000, 0x00000000a7500000|  0%| F|  |TAMS 0x00000000a7400000, 0x00000000a7400000| Untracked 
| 629|0x00000000a7500000, 0x00000000a7500000, 0x00000000a7600000|  0%| F|  |TAMS 0x00000000a7500000, 0x00000000a7500000| Untracked 
| 630|0x00000000a7600000, 0x00000000a7600000, 0x00000000a7700000|  0%| F|  |TAMS 0x00000000a7600000, 0x00000000a7600000| Untracked 
| 631|0x00000000a7700000, 0x00000000a7700000, 0x00000000a7800000|  0%| F|  |TAMS 0x00000000a7700000, 0x00000000a7700000| Untracked 
| 632|0x00000000a7800000, 0x00000000a7800000, 0x00000000a7900000|  0%| F|  |TAMS 0x00000000a7800000, 0x00000000a7800000| Untracked 
| 633|0x00000000a7900000, 0x00000000a7900000, 0x00000000a7a00000|  0%| F|  |TAMS 0x00000000a7900000, 0x00000000a7900000| Untracked 
| 634|0x00000000a7a00000, 0x00000000a7a00000, 0x00000000a7b00000|  0%| F|  |TAMS 0x00000000a7a00000, 0x00000000a7a00000| Untracked 
| 635|0x00000000a7b00000, 0x00000000a7b00000, 0x00000000a7c00000|  0%| F|  |TAMS 0x00000000a7b00000, 0x00000000a7b00000| Untracked 
| 636|0x00000000a7c00000, 0x00000000a7c00000, 0x00000000a7d00000|  0%| F|  |TAMS 0x00000000a7c00000, 0x00000000a7c00000| Untracked 
| 637|0x00000000a7d00000, 0x00000000a7d00000, 0x00000000a7e00000|  0%| F|  |TAMS 0x00000000a7d00000, 0x00000000a7d00000| Untracked 
| 638|0x00000000a7e00000, 0x00000000a7e00000, 0x00000000a7f00000|  0%| F|  |TAMS 0x00000000a7e00000, 0x00000000a7e00000| Untracked 
| 639|0x00000000a7f00000, 0x00000000a7f00000, 0x00000000a8000000|  0%| F|  |TAMS 0x00000000a7f00000, 0x00000000a7f00000| Untracked 
| 640|0x00000000a8000000, 0x00000000a8000000, 0x00000000a8100000|  0%| F|  |TAMS 0x00000000a8000000, 0x00000000a8000000| Untracked 
| 641|0x00000000a8100000, 0x00000000a8100000, 0x00000000a8200000|  0%| F|  |TAMS 0x00000000a8100000, 0x00000000a8100000| Untracked 
| 642|0x00000000a8200000, 0x00000000a8200000, 0x00000000a8300000|  0%| F|  |TAMS 0x00000000a8200000, 0x00000000a8200000| Untracked 
| 643|0x00000000a8300000, 0x00000000a8300000, 0x00000000a8400000|  0%| F|  |TAMS 0x00000000a8300000, 0x00000000a8300000| Untracked 
| 644|0x00000000a8400000, 0x00000000a8400000, 0x00000000a8500000|  0%| F|  |TAMS 0x00000000a8400000, 0x00000000a8400000| Untracked 
| 645|0x00000000a8500000, 0x00000000a8500000, 0x00000000a8600000|  0%| F|  |TAMS 0x00000000a8500000, 0x00000000a8500000| Untracked 
| 646|0x00000000a8600000, 0x00000000a8600000, 0x00000000a8700000|  0%| F|  |TAMS 0x00000000a8600000, 0x00000000a8600000| Untracked 
| 647|0x00000000a8700000, 0x00000000a8700000, 0x00000000a8800000|  0%| F|  |TAMS 0x00000000a8700000, 0x00000000a8700000| Untracked 
| 648|0x00000000a8800000, 0x00000000a8800000, 0x00000000a8900000|  0%| F|  |TAMS 0x00000000a8800000, 0x00000000a8800000| Untracked 
| 649|0x00000000a8900000, 0x00000000a8900000, 0x00000000a8a00000|  0%| F|  |TAMS 0x00000000a8900000, 0x00000000a8900000| Untracked 
| 650|0x00000000a8a00000, 0x00000000a8a00000, 0x00000000a8b00000|  0%| F|  |TAMS 0x00000000a8a00000, 0x00000000a8a00000| Untracked 
| 651|0x00000000a8b00000, 0x00000000a8b00000, 0x00000000a8c00000|  0%| F|  |TAMS 0x00000000a8b00000, 0x00000000a8b00000| Untracked 
| 652|0x00000000a8c00000, 0x00000000a8c00000, 0x00000000a8d00000|  0%| F|  |TAMS 0x00000000a8c00000, 0x00000000a8c00000| Untracked 
| 653|0x00000000a8d00000, 0x00000000a8d00000, 0x00000000a8e00000|  0%| F|  |TAMS 0x00000000a8d00000, 0x00000000a8d00000| Untracked 
| 654|0x00000000a8e00000, 0x00000000a8e00000, 0x00000000a8f00000|  0%| F|  |TAMS 0x00000000a8e00000, 0x00000000a8e00000| Untracked 
| 655|0x00000000a8f00000, 0x00000000a8f00000, 0x00000000a9000000|  0%| F|  |TAMS 0x00000000a8f00000, 0x00000000a8f00000| Untracked 
| 656|0x00000000a9000000, 0x00000000a9000000, 0x00000000a9100000|  0%| F|  |TAMS 0x00000000a9000000, 0x00000000a9000000| Untracked 
| 657|0x00000000a9100000, 0x00000000a9100000, 0x00000000a9200000|  0%| F|  |TAMS 0x00000000a9100000, 0x00000000a9100000| Untracked 
| 658|0x00000000a9200000, 0x00000000a9200000, 0x00000000a9300000|  0%| F|  |TAMS 0x00000000a9200000, 0x00000000a9200000| Untracked 
| 659|0x00000000a9300000, 0x00000000a9300000, 0x00000000a9400000|  0%| F|  |TAMS 0x00000000a9300000, 0x00000000a9300000| Untracked 
| 660|0x00000000a9400000, 0x00000000a9400000, 0x00000000a9500000|  0%| F|  |TAMS 0x00000000a9400000, 0x00000000a9400000| Untracked 
| 661|0x00000000a9500000, 0x00000000a9500000, 0x00000000a9600000|  0%| F|  |TAMS 0x00000000a9500000, 0x00000000a9500000| Untracked 
| 662|0x00000000a9600000, 0x00000000a9600000, 0x00000000a9700000|  0%| F|  |TAMS 0x00000000a9600000, 0x00000000a9600000| Untracked 
| 663|0x00000000a9700000, 0x00000000a9700000, 0x00000000a9800000|  0%| F|  |TAMS 0x00000000a9700000, 0x00000000a9700000| Untracked 
| 664|0x00000000a9800000, 0x00000000a9800000, 0x00000000a9900000|  0%| F|  |TAMS 0x00000000a9800000, 0x00000000a9800000| Untracked 
| 665|0x00000000a9900000, 0x00000000a9900000, 0x00000000a9a00000|  0%| F|  |TAMS 0x00000000a9900000, 0x00000000a9900000| Untracked 
| 666|0x00000000a9a00000, 0x00000000a9a00000, 0x00000000a9b00000|  0%| F|  |TAMS 0x00000000a9a00000, 0x00000000a9a00000| Untracked 
| 667|0x00000000a9b00000, 0x00000000a9b00000, 0x00000000a9c00000|  0%| F|  |TAMS 0x00000000a9b00000, 0x00000000a9b00000| Untracked 
| 668|0x00000000a9c00000, 0x00000000a9c00000, 0x00000000a9d00000|  0%| F|  |TAMS 0x00000000a9c00000, 0x00000000a9c00000| Untracked 
| 669|0x00000000a9d00000, 0x00000000a9d00000, 0x00000000a9e00000|  0%| F|  |TAMS 0x00000000a9d00000, 0x00000000a9d00000| Untracked 
| 670|0x00000000a9e00000, 0x00000000a9e00000, 0x00000000a9f00000|  0%| F|  |TAMS 0x00000000a9e00000, 0x00000000a9e00000| Untracked 
| 671|0x00000000a9f00000, 0x00000000a9f00000, 0x00000000aa000000|  0%| F|  |TAMS 0x00000000a9f00000, 0x00000000a9f00000| Untracked 
| 672|0x00000000aa000000, 0x00000000aa000000, 0x00000000aa100000|  0%| F|  |TAMS 0x00000000aa000000, 0x00000000aa000000| Untracked 
| 673|0x00000000aa100000, 0x00000000aa100000, 0x00000000aa200000|  0%| F|  |TAMS 0x00000000aa100000, 0x00000000aa100000| Untracked 
| 674|0x00000000aa200000, 0x00000000aa200000, 0x00000000aa300000|  0%| F|  |TAMS 0x00000000aa200000, 0x00000000aa200000| Untracked 
| 675|0x00000000aa300000, 0x00000000aa300000, 0x00000000aa400000|  0%| F|  |TAMS 0x00000000aa300000, 0x00000000aa300000| Untracked 
| 676|0x00000000aa400000, 0x00000000aa400000, 0x00000000aa500000|  0%| F|  |TAMS 0x00000000aa400000, 0x00000000aa400000| Untracked 
| 677|0x00000000aa500000, 0x00000000aa500000, 0x00000000aa600000|  0%| F|  |TAMS 0x00000000aa500000, 0x00000000aa500000| Untracked 
| 678|0x00000000aa600000, 0x00000000aa600000, 0x00000000aa700000|  0%| F|  |TAMS 0x00000000aa600000, 0x00000000aa600000| Untracked 
| 679|0x00000000aa700000, 0x00000000aa700000, 0x00000000aa800000|  0%| F|  |TAMS 0x00000000aa700000, 0x00000000aa700000| Untracked 
| 680|0x00000000aa800000, 0x00000000aa800000, 0x00000000aa900000|  0%| F|  |TAMS 0x00000000aa800000, 0x00000000aa800000| Untracked 
| 681|0x00000000aa900000, 0x00000000aa900000, 0x00000000aaa00000|  0%| F|  |TAMS 0x00000000aa900000, 0x00000000aa900000| Untracked 
| 682|0x00000000aaa00000, 0x00000000aaa00000, 0x00000000aab00000|  0%| F|  |TAMS 0x00000000aaa00000, 0x00000000aaa00000| Untracked 
| 683|0x00000000aab00000, 0x00000000aab00000, 0x00000000aac00000|  0%| F|  |TAMS 0x00000000aab00000, 0x00000000aab00000| Untracked 
| 684|0x00000000aac00000, 0x00000000aac00000, 0x00000000aad00000|  0%| F|  |TAMS 0x00000000aac00000, 0x00000000aac00000| Untracked 
| 685|0x00000000aad00000, 0x00000000aad00000, 0x00000000aae00000|  0%| F|  |TAMS 0x00000000aad00000, 0x00000000aad00000| Untracked 
| 686|0x00000000aae00000, 0x00000000aae00000, 0x00000000aaf00000|  0%| F|  |TAMS 0x00000000aae00000, 0x00000000aae00000| Untracked 
| 687|0x00000000aaf00000, 0x00000000aaf00000, 0x00000000ab000000|  0%| F|  |TAMS 0x00000000aaf00000, 0x00000000aaf00000| Untracked 
| 688|0x00000000ab000000, 0x00000000ab000000, 0x00000000ab100000|  0%| F|  |TAMS 0x00000000ab000000, 0x00000000ab000000| Untracked 
| 689|0x00000000ab100000, 0x00000000ab100000, 0x00000000ab200000|  0%| F|  |TAMS 0x00000000ab100000, 0x00000000ab100000| Untracked 
| 690|0x00000000ab200000, 0x00000000ab200000, 0x00000000ab300000|  0%| F|  |TAMS 0x00000000ab200000, 0x00000000ab200000| Untracked 
| 691|0x00000000ab300000, 0x00000000ab300000, 0x00000000ab400000|  0%| F|  |TAMS 0x00000000ab300000, 0x00000000ab300000| Untracked 
| 692|0x00000000ab400000, 0x00000000ab400000, 0x00000000ab500000|  0%| F|  |TAMS 0x00000000ab400000, 0x00000000ab400000| Untracked 
| 693|0x00000000ab500000, 0x00000000ab500000, 0x00000000ab600000|  0%| F|  |TAMS 0x00000000ab500000, 0x00000000ab500000| Untracked 
| 694|0x00000000ab600000, 0x00000000ab600000, 0x00000000ab700000|  0%| F|  |TAMS 0x00000000ab600000, 0x00000000ab600000| Untracked 
| 695|0x00000000ab700000, 0x00000000ab700000, 0x00000000ab800000|  0%| F|  |TAMS 0x00000000ab700000, 0x00000000ab700000| Untracked 
| 696|0x00000000ab800000, 0x00000000ab800000, 0x00000000ab900000|  0%| F|  |TAMS 0x00000000ab800000, 0x00000000ab800000| Untracked 
| 697|0x00000000ab900000, 0x00000000ab900000, 0x00000000aba00000|  0%| F|  |TAMS 0x00000000ab900000, 0x00000000ab900000| Untracked 
| 698|0x00000000aba00000, 0x00000000aba00000, 0x00000000abb00000|  0%| F|  |TAMS 0x00000000aba00000, 0x00000000aba00000| Untracked 
| 699|0x00000000abb00000, 0x00000000abb00000, 0x00000000abc00000|  0%| F|  |TAMS 0x00000000abb00000, 0x00000000abb00000| Untracked 
| 700|0x00000000abc00000, 0x00000000abc00000, 0x00000000abd00000|  0%| F|  |TAMS 0x00000000abc00000, 0x00000000abc00000| Untracked 
| 701|0x00000000abd00000, 0x00000000abd00000, 0x00000000abe00000|  0%| F|  |TAMS 0x00000000abd00000, 0x00000000abd00000| Untracked 
| 702|0x00000000abe00000, 0x00000000abe00000, 0x00000000abf00000|  0%| F|  |TAMS 0x00000000abe00000, 0x00000000abe00000| Untracked 
| 703|0x00000000abf00000, 0x00000000abf00000, 0x00000000ac000000|  0%| F|  |TAMS 0x00000000abf00000, 0x00000000abf00000| Untracked 
| 704|0x00000000ac000000, 0x00000000ac100000, 0x00000000ac100000|100%| S|CS|TAMS 0x00000000ac000000, 0x00000000ac000000| Complete 
| 705|0x00000000ac100000, 0x00000000ac200000, 0x00000000ac200000|100%| S|CS|TAMS 0x00000000ac100000, 0x00000000ac100000| Complete 
| 706|0x00000000ac200000, 0x00000000ac300000, 0x00000000ac300000|100%| S|CS|TAMS 0x00000000ac200000, 0x00000000ac200000| Complete 
| 707|0x00000000ac300000, 0x00000000ac400000, 0x00000000ac400000|100%| S|CS|TAMS 0x00000000ac300000, 0x00000000ac300000| Complete 
| 708|0x00000000ac400000, 0x00000000ac500000, 0x00000000ac500000|100%| S|CS|TAMS 0x00000000ac400000, 0x00000000ac400000| Complete 
| 709|0x00000000ac500000, 0x00000000ac600000, 0x00000000ac600000|100%| S|CS|TAMS 0x00000000ac500000, 0x00000000ac500000| Complete 
| 710|0x00000000ac600000, 0x00000000ac700000, 0x00000000ac700000|100%| S|CS|TAMS 0x00000000ac600000, 0x00000000ac600000| Complete 
| 711|0x00000000ac700000, 0x00000000ac800000, 0x00000000ac800000|100%| S|CS|TAMS 0x00000000ac700000, 0x00000000ac700000| Complete 
| 712|0x00000000ac800000, 0x00000000ac900000, 0x00000000ac900000|100%| S|CS|TAMS 0x00000000ac800000, 0x00000000ac800000| Complete 
| 713|0x00000000ac900000, 0x00000000aca00000, 0x00000000aca00000|100%| S|CS|TAMS 0x00000000ac900000, 0x00000000ac900000| Complete 
| 714|0x00000000aca00000, 0x00000000acb00000, 0x00000000acb00000|100%| S|CS|TAMS 0x00000000aca00000, 0x00000000aca00000| Complete 
| 715|0x00000000acb00000, 0x00000000acc00000, 0x00000000acc00000|100%| S|CS|TAMS 0x00000000acb00000, 0x00000000acb00000| Complete 
| 716|0x00000000acc00000, 0x00000000acd00000, 0x00000000acd00000|100%| S|CS|TAMS 0x00000000acc00000, 0x00000000acc00000| Complete 
| 717|0x00000000acd00000, 0x00000000ace00000, 0x00000000ace00000|100%| S|CS|TAMS 0x00000000acd00000, 0x00000000acd00000| Complete 
| 718|0x00000000ace00000, 0x00000000acf00000, 0x00000000acf00000|100%| S|CS|TAMS 0x00000000ace00000, 0x00000000ace00000| Complete 
| 719|0x00000000acf00000, 0x00000000acf00000, 0x00000000ad000000|  0%| F|  |TAMS 0x00000000acf00000, 0x00000000acf00000| Untracked 
| 720|0x00000000ad000000, 0x00000000ad000000, 0x00000000ad100000|  0%| F|  |TAMS 0x00000000ad000000, 0x00000000ad000000| Untracked 
| 721|0x00000000ad100000, 0x00000000ad100000, 0x00000000ad200000|  0%| F|  |TAMS 0x00000000ad100000, 0x00000000ad100000| Untracked 
| 722|0x00000000ad200000, 0x00000000ad200000, 0x00000000ad300000|  0%| F|  |TAMS 0x00000000ad200000, 0x00000000ad200000| Untracked 
| 723|0x00000000ad300000, 0x00000000ad300000, 0x00000000ad400000|  0%| F|  |TAMS 0x00000000ad300000, 0x00000000ad300000| Untracked 
| 724|0x00000000ad400000, 0x00000000ad400000, 0x00000000ad500000|  0%| F|  |TAMS 0x00000000ad400000, 0x00000000ad400000| Untracked 
| 725|0x00000000ad500000, 0x00000000ad500000, 0x00000000ad600000|  0%| F|  |TAMS 0x00000000ad500000, 0x00000000ad500000| Untracked 
| 726|0x00000000ad600000, 0x00000000ad600000, 0x00000000ad700000|  0%| F|  |TAMS 0x00000000ad600000, 0x00000000ad600000| Untracked 
| 727|0x00000000ad700000, 0x00000000ad700000, 0x00000000ad800000|  0%| F|  |TAMS 0x00000000ad700000, 0x00000000ad700000| Untracked 
| 728|0x00000000ad800000, 0x00000000ad800000, 0x00000000ad900000|  0%| F|  |TAMS 0x00000000ad800000, 0x00000000ad800000| Untracked 
| 729|0x00000000ad900000, 0x00000000ad900000, 0x00000000ada00000|  0%| F|  |TAMS 0x00000000ad900000, 0x00000000ad900000| Untracked 
| 730|0x00000000ada00000, 0x00000000ada00000, 0x00000000adb00000|  0%| F|  |TAMS 0x00000000ada00000, 0x00000000ada00000| Untracked 
| 731|0x00000000adb00000, 0x00000000adb00000, 0x00000000adc00000|  0%| F|  |TAMS 0x00000000adb00000, 0x00000000adb00000| Untracked 
| 732|0x00000000adc00000, 0x00000000adc00000, 0x00000000add00000|  0%| F|  |TAMS 0x00000000adc00000, 0x00000000adc00000| Untracked 
| 733|0x00000000add00000, 0x00000000add00000, 0x00000000ade00000|  0%| F|  |TAMS 0x00000000add00000, 0x00000000add00000| Untracked 
| 734|0x00000000ade00000, 0x00000000ade00000, 0x00000000adf00000|  0%| F|  |TAMS 0x00000000ade00000, 0x00000000ade00000| Untracked 
| 735|0x00000000adf00000, 0x00000000adf00000, 0x00000000ae000000|  0%| F|  |TAMS 0x00000000adf00000, 0x00000000adf00000| Untracked 
| 736|0x00000000ae000000, 0x00000000ae000000, 0x00000000ae100000|  0%| F|  |TAMS 0x00000000ae000000, 0x00000000ae000000| Untracked 
| 737|0x00000000ae100000, 0x00000000ae100000, 0x00000000ae200000|  0%| F|  |TAMS 0x00000000ae100000, 0x00000000ae100000| Untracked 
| 738|0x00000000ae200000, 0x00000000ae200000, 0x00000000ae300000|  0%| F|  |TAMS 0x00000000ae200000, 0x00000000ae200000| Untracked 
| 739|0x00000000ae300000, 0x00000000ae300000, 0x00000000ae400000|  0%| F|  |TAMS 0x00000000ae300000, 0x00000000ae300000| Untracked 
| 740|0x00000000ae400000, 0x00000000ae400000, 0x00000000ae500000|  0%| F|  |TAMS 0x00000000ae400000, 0x00000000ae400000| Untracked 
| 741|0x00000000ae500000, 0x00000000ae500000, 0x00000000ae600000|  0%| F|  |TAMS 0x00000000ae500000, 0x00000000ae500000| Untracked 
| 742|0x00000000ae600000, 0x00000000ae600000, 0x00000000ae700000|  0%| F|  |TAMS 0x00000000ae600000, 0x00000000ae600000| Untracked 
| 743|0x00000000ae700000, 0x00000000ae700000, 0x00000000ae800000|  0%| F|  |TAMS 0x00000000ae700000, 0x00000000ae700000| Untracked 
| 744|0x00000000ae800000, 0x00000000ae800000, 0x00000000ae900000|  0%| F|  |TAMS 0x00000000ae800000, 0x00000000ae800000| Untracked 
| 745|0x00000000ae900000, 0x00000000ae900000, 0x00000000aea00000|  0%| F|  |TAMS 0x00000000ae900000, 0x00000000ae900000| Untracked 
| 746|0x00000000aea00000, 0x00000000aea00000, 0x00000000aeb00000|  0%| F|  |TAMS 0x00000000aea00000, 0x00000000aea00000| Untracked 
| 747|0x00000000aeb00000, 0x00000000aeb00000, 0x00000000aec00000|  0%| F|  |TAMS 0x00000000aeb00000, 0x00000000aeb00000| Untracked 
| 748|0x00000000aec00000, 0x00000000aec00000, 0x00000000aed00000|  0%| F|  |TAMS 0x00000000aec00000, 0x00000000aec00000| Untracked 
| 749|0x00000000aed00000, 0x00000000aed00000, 0x00000000aee00000|  0%| F|  |TAMS 0x00000000aed00000, 0x00000000aed00000| Untracked 
| 750|0x00000000aee00000, 0x00000000aee00000, 0x00000000aef00000|  0%| F|  |TAMS 0x00000000aee00000, 0x00000000aee00000| Untracked 
| 751|0x00000000aef00000, 0x00000000aef00000, 0x00000000af000000|  0%| F|  |TAMS 0x00000000aef00000, 0x00000000aef00000| Untracked 
| 752|0x00000000af000000, 0x00000000af000000, 0x00000000af100000|  0%| F|  |TAMS 0x00000000af000000, 0x00000000af000000| Untracked 
| 753|0x00000000af100000, 0x00000000af100000, 0x00000000af200000|  0%| F|  |TAMS 0x00000000af100000, 0x00000000af100000| Untracked 
| 754|0x00000000af200000, 0x00000000af200000, 0x00000000af300000|  0%| F|  |TAMS 0x00000000af200000, 0x00000000af200000| Untracked 
| 755|0x00000000af300000, 0x00000000af300000, 0x00000000af400000|  0%| F|  |TAMS 0x00000000af300000, 0x00000000af300000| Untracked 
| 756|0x00000000af400000, 0x00000000af400000, 0x00000000af500000|  0%| F|  |TAMS 0x00000000af400000, 0x00000000af400000| Untracked 
| 757|0x00000000af500000, 0x00000000af500000, 0x00000000af600000|  0%| F|  |TAMS 0x00000000af500000, 0x00000000af500000| Untracked 
| 758|0x00000000af600000, 0x00000000af600000, 0x00000000af700000|  0%| F|  |TAMS 0x00000000af600000, 0x00000000af600000| Untracked 
| 759|0x00000000af700000, 0x00000000af700000, 0x00000000af800000|  0%| F|  |TAMS 0x00000000af700000, 0x00000000af700000| Untracked 
| 760|0x00000000af800000, 0x00000000af800000, 0x00000000af900000|  0%| F|  |TAMS 0x00000000af800000, 0x00000000af800000| Untracked 
| 761|0x00000000af900000, 0x00000000af900000, 0x00000000afa00000|  0%| F|  |TAMS 0x00000000af900000, 0x00000000af900000| Untracked 
| 762|0x00000000afa00000, 0x00000000afa00000, 0x00000000afb00000|  0%| F|  |TAMS 0x00000000afa00000, 0x00000000afa00000| Untracked 
| 763|0x00000000afb00000, 0x00000000afb00000, 0x00000000afc00000|  0%| F|  |TAMS 0x00000000afb00000, 0x00000000afb00000| Untracked 
| 764|0x00000000afc00000, 0x00000000afc00000, 0x00000000afd00000|  0%| F|  |TAMS 0x00000000afc00000, 0x00000000afc00000| Untracked 
| 765|0x00000000afd00000, 0x00000000afd00000, 0x00000000afe00000|  0%| F|  |TAMS 0x00000000afd00000, 0x00000000afd00000| Untracked 
| 766|0x00000000afe00000, 0x00000000afe00000, 0x00000000aff00000|  0%| F|  |TAMS 0x00000000afe00000, 0x00000000afe00000| Untracked 
| 767|0x00000000aff00000, 0x00000000aff00000, 0x00000000b0000000|  0%| F|  |TAMS 0x00000000aff00000, 0x00000000aff00000| Untracked 
| 768|0x00000000b0000000, 0x00000000b0000000, 0x00000000b0100000|  0%| F|  |TAMS 0x00000000b0000000, 0x00000000b0000000| Untracked 
| 769|0x00000000b0100000, 0x00000000b0100000, 0x00000000b0200000|  0%| F|  |TAMS 0x00000000b0100000, 0x00000000b0100000| Untracked 
| 770|0x00000000b0200000, 0x00000000b0200000, 0x00000000b0300000|  0%| F|  |TAMS 0x00000000b0200000, 0x00000000b0200000| Untracked 
| 771|0x00000000b0300000, 0x00000000b0300000, 0x00000000b0400000|  0%| F|  |TAMS 0x00000000b0300000, 0x00000000b0300000| Untracked 
| 772|0x00000000b0400000, 0x00000000b0400000, 0x00000000b0500000|  0%| F|  |TAMS 0x00000000b0400000, 0x00000000b0400000| Untracked 
| 773|0x00000000b0500000, 0x00000000b0500000, 0x00000000b0600000|  0%| F|  |TAMS 0x00000000b0500000, 0x00000000b0500000| Untracked 
| 774|0x00000000b0600000, 0x00000000b0600000, 0x00000000b0700000|  0%| F|  |TAMS 0x00000000b0600000, 0x00000000b0600000| Untracked 
| 775|0x00000000b0700000, 0x00000000b0700000, 0x00000000b0800000|  0%| F|  |TAMS 0x00000000b0700000, 0x00000000b0700000| Untracked 
| 776|0x00000000b0800000, 0x00000000b0800000, 0x00000000b0900000|  0%| F|  |TAMS 0x00000000b0800000, 0x00000000b0800000| Untracked 
| 777|0x00000000b0900000, 0x00000000b0900000, 0x00000000b0a00000|  0%| F|  |TAMS 0x00000000b0900000, 0x00000000b0900000| Untracked 
| 778|0x00000000b0a00000, 0x00000000b0a00000, 0x00000000b0b00000|  0%| F|  |TAMS 0x00000000b0a00000, 0x00000000b0a00000| Untracked 
| 779|0x00000000b0b00000, 0x00000000b0b00000, 0x00000000b0c00000|  0%| F|  |TAMS 0x00000000b0b00000, 0x00000000b0b00000| Untracked 
| 780|0x00000000b0c00000, 0x00000000b0c00000, 0x00000000b0d00000|  0%| F|  |TAMS 0x00000000b0c00000, 0x00000000b0c00000| Untracked 
| 781|0x00000000b0d00000, 0x00000000b0d00000, 0x00000000b0e00000|  0%| F|  |TAMS 0x00000000b0d00000, 0x00000000b0d00000| Untracked 
| 782|0x00000000b0e00000, 0x00000000b0e00000, 0x00000000b0f00000|  0%| F|  |TAMS 0x00000000b0e00000, 0x00000000b0e00000| Untracked 
| 783|0x00000000b0f00000, 0x00000000b0f00000, 0x00000000b1000000|  0%| F|  |TAMS 0x00000000b0f00000, 0x00000000b0f00000| Untracked 
| 784|0x00000000b1000000, 0x00000000b1000000, 0x00000000b1100000|  0%| F|  |TAMS 0x00000000b1000000, 0x00000000b1000000| Untracked 
| 785|0x00000000b1100000, 0x00000000b1100000, 0x00000000b1200000|  0%| F|  |TAMS 0x00000000b1100000, 0x00000000b1100000| Untracked 
| 786|0x00000000b1200000, 0x00000000b1200000, 0x00000000b1300000|  0%| F|  |TAMS 0x00000000b1200000, 0x00000000b1200000| Untracked 
| 787|0x00000000b1300000, 0x00000000b1300000, 0x00000000b1400000|  0%| F|  |TAMS 0x00000000b1300000, 0x00000000b1300000| Untracked 
| 788|0x00000000b1400000, 0x00000000b1400000, 0x00000000b1500000|  0%| F|  |TAMS 0x00000000b1400000, 0x00000000b1400000| Untracked 
| 789|0x00000000b1500000, 0x00000000b1500000, 0x00000000b1600000|  0%| F|  |TAMS 0x00000000b1500000, 0x00000000b1500000| Untracked 
| 790|0x00000000b1600000, 0x00000000b1600000, 0x00000000b1700000|  0%| F|  |TAMS 0x00000000b1600000, 0x00000000b1600000| Untracked 
| 791|0x00000000b1700000, 0x00000000b1700000, 0x00000000b1800000|  0%| F|  |TAMS 0x00000000b1700000, 0x00000000b1700000| Untracked 
| 792|0x00000000b1800000, 0x00000000b1800000, 0x00000000b1900000|  0%| F|  |TAMS 0x00000000b1800000, 0x00000000b1800000| Untracked 
| 793|0x00000000b1900000, 0x00000000b1900000, 0x00000000b1a00000|  0%| F|  |TAMS 0x00000000b1900000, 0x00000000b1900000| Untracked 
| 794|0x00000000b1a00000, 0x00000000b1a00000, 0x00000000b1b00000|  0%| F|  |TAMS 0x00000000b1a00000, 0x00000000b1a00000| Untracked 
| 795|0x00000000b1b00000, 0x00000000b1b00000, 0x00000000b1c00000|  0%| F|  |TAMS 0x00000000b1b00000, 0x00000000b1b00000| Untracked 
| 796|0x00000000b1c00000, 0x00000000b1c00000, 0x00000000b1d00000|  0%| F|  |TAMS 0x00000000b1c00000, 0x00000000b1c00000| Untracked 
| 797|0x00000000b1d00000, 0x00000000b1d00000, 0x00000000b1e00000|  0%| F|  |TAMS 0x00000000b1d00000, 0x00000000b1d00000| Untracked 
| 798|0x00000000b1e00000, 0x00000000b1e00000, 0x00000000b1f00000|  0%| F|  |TAMS 0x00000000b1e00000, 0x00000000b1e00000| Untracked 
| 799|0x00000000b1f00000, 0x00000000b1f00000, 0x00000000b2000000|  0%| F|  |TAMS 0x00000000b1f00000, 0x00000000b1f00000| Untracked 
| 800|0x00000000b2000000, 0x00000000b2000000, 0x00000000b2100000|  0%| F|  |TAMS 0x00000000b2000000, 0x00000000b2000000| Untracked 
| 801|0x00000000b2100000, 0x00000000b2100000, 0x00000000b2200000|  0%| F|  |TAMS 0x00000000b2100000, 0x00000000b2100000| Untracked 
| 802|0x00000000b2200000, 0x00000000b2200000, 0x00000000b2300000|  0%| F|  |TAMS 0x00000000b2200000, 0x00000000b2200000| Untracked 
| 803|0x00000000b2300000, 0x00000000b2300000, 0x00000000b2400000|  0%| F|  |TAMS 0x00000000b2300000, 0x00000000b2300000| Untracked 
| 804|0x00000000b2400000, 0x00000000b2400000, 0x00000000b2500000|  0%| F|  |TAMS 0x00000000b2400000, 0x00000000b2400000| Untracked 
| 805|0x00000000b2500000, 0x00000000b2500000, 0x00000000b2600000|  0%| F|  |TAMS 0x00000000b2500000, 0x00000000b2500000| Untracked 
| 806|0x00000000b2600000, 0x00000000b2600000, 0x00000000b2700000|  0%| F|  |TAMS 0x00000000b2600000, 0x00000000b2600000| Untracked 
| 807|0x00000000b2700000, 0x00000000b2700000, 0x00000000b2800000|  0%| F|  |TAMS 0x00000000b2700000, 0x00000000b2700000| Untracked 
| 808|0x00000000b2800000, 0x00000000b2800000, 0x00000000b2900000|  0%| F|  |TAMS 0x00000000b2800000, 0x00000000b2800000| Untracked 
| 809|0x00000000b2900000, 0x00000000b2900000, 0x00000000b2a00000|  0%| F|  |TAMS 0x00000000b2900000, 0x00000000b2900000| Untracked 
| 810|0x00000000b2a00000, 0x00000000b2a00000, 0x00000000b2b00000|  0%| F|  |TAMS 0x00000000b2a00000, 0x00000000b2a00000| Untracked 
| 811|0x00000000b2b00000, 0x00000000b2b00000, 0x00000000b2c00000|  0%| F|  |TAMS 0x00000000b2b00000, 0x00000000b2b00000| Untracked 
| 812|0x00000000b2c00000, 0x00000000b2c00000, 0x00000000b2d00000|  0%| F|  |TAMS 0x00000000b2c00000, 0x00000000b2c00000| Untracked 
| 813|0x00000000b2d00000, 0x00000000b2d00000, 0x00000000b2e00000|  0%| F|  |TAMS 0x00000000b2d00000, 0x00000000b2d00000| Untracked 
| 814|0x00000000b2e00000, 0x00000000b2e00000, 0x00000000b2f00000|  0%| F|  |TAMS 0x00000000b2e00000, 0x00000000b2e00000| Untracked 
| 815|0x00000000b2f00000, 0x00000000b2f00000, 0x00000000b3000000|  0%| F|  |TAMS 0x00000000b2f00000, 0x00000000b2f00000| Untracked 
| 816|0x00000000b3000000, 0x00000000b3000000, 0x00000000b3100000|  0%| F|  |TAMS 0x00000000b3000000, 0x00000000b3000000| Untracked 
| 817|0x00000000b3100000, 0x00000000b3100000, 0x00000000b3200000|  0%| F|  |TAMS 0x00000000b3100000, 0x00000000b3100000| Untracked 
| 818|0x00000000b3200000, 0x00000000b3200000, 0x00000000b3300000|  0%| F|  |TAMS 0x00000000b3200000, 0x00000000b3200000| Untracked 
| 819|0x00000000b3300000, 0x00000000b3300000, 0x00000000b3400000|  0%| F|  |TAMS 0x00000000b3300000, 0x00000000b3300000| Untracked 
| 820|0x00000000b3400000, 0x00000000b3400000, 0x00000000b3500000|  0%| F|  |TAMS 0x00000000b3400000, 0x00000000b3400000| Untracked 
| 821|0x00000000b3500000, 0x00000000b3500000, 0x00000000b3600000|  0%| F|  |TAMS 0x00000000b3500000, 0x00000000b3500000| Untracked 
| 822|0x00000000b3600000, 0x00000000b3600000, 0x00000000b3700000|  0%| F|  |TAMS 0x00000000b3600000, 0x00000000b3600000| Untracked 
| 823|0x00000000b3700000, 0x00000000b3700000, 0x00000000b3800000|  0%| F|  |TAMS 0x00000000b3700000, 0x00000000b3700000| Untracked 
| 824|0x00000000b3800000, 0x00000000b3800000, 0x00000000b3900000|  0%| F|  |TAMS 0x00000000b3800000, 0x00000000b3800000| Untracked 
| 825|0x00000000b3900000, 0x00000000b3900000, 0x00000000b3a00000|  0%| F|  |TAMS 0x00000000b3900000, 0x00000000b3900000| Untracked 
| 826|0x00000000b3a00000, 0x00000000b3a00000, 0x00000000b3b00000|  0%| F|  |TAMS 0x00000000b3a00000, 0x00000000b3a00000| Untracked 
| 827|0x00000000b3b00000, 0x00000000b3b00000, 0x00000000b3c00000|  0%| F|  |TAMS 0x00000000b3b00000, 0x00000000b3b00000| Untracked 
| 828|0x00000000b3c00000, 0x00000000b3c00000, 0x00000000b3d00000|  0%| F|  |TAMS 0x00000000b3c00000, 0x00000000b3c00000| Untracked 
| 829|0x00000000b3d00000, 0x00000000b3d00000, 0x00000000b3e00000|  0%| F|  |TAMS 0x00000000b3d00000, 0x00000000b3d00000| Untracked 
| 830|0x00000000b3e00000, 0x00000000b3e00000, 0x00000000b3f00000|  0%| F|  |TAMS 0x00000000b3e00000, 0x00000000b3e00000| Untracked 
| 831|0x00000000b3f00000, 0x00000000b3f00000, 0x00000000b4000000|  0%| F|  |TAMS 0x00000000b3f00000, 0x00000000b3f00000| Untracked 
| 832|0x00000000b4000000, 0x00000000b4000000, 0x00000000b4100000|  0%| F|  |TAMS 0x00000000b4000000, 0x00000000b4000000| Untracked 
| 833|0x00000000b4100000, 0x00000000b4100000, 0x00000000b4200000|  0%| F|  |TAMS 0x00000000b4100000, 0x00000000b4100000| Untracked 
| 834|0x00000000b4200000, 0x00000000b4200000, 0x00000000b4300000|  0%| F|  |TAMS 0x00000000b4200000, 0x00000000b4200000| Untracked 
| 835|0x00000000b4300000, 0x00000000b4300000, 0x00000000b4400000|  0%| F|  |TAMS 0x00000000b4300000, 0x00000000b4300000| Untracked 
| 836|0x00000000b4400000, 0x00000000b4400000, 0x00000000b4500000|  0%| F|  |TAMS 0x00000000b4400000, 0x00000000b4400000| Untracked 
| 837|0x00000000b4500000, 0x00000000b4500000, 0x00000000b4600000|  0%| F|  |TAMS 0x00000000b4500000, 0x00000000b4500000| Untracked 
| 838|0x00000000b4600000, 0x00000000b4600000, 0x00000000b4700000|  0%| F|  |TAMS 0x00000000b4600000, 0x00000000b4600000| Untracked 
| 839|0x00000000b4700000, 0x00000000b4700000, 0x00000000b4800000|  0%| F|  |TAMS 0x00000000b4700000, 0x00000000b4700000| Untracked 
| 840|0x00000000b4800000, 0x00000000b4800000, 0x00000000b4900000|  0%| F|  |TAMS 0x00000000b4800000, 0x00000000b4800000| Untracked 
| 841|0x00000000b4900000, 0x00000000b4900000, 0x00000000b4a00000|  0%| F|  |TAMS 0x00000000b4900000, 0x00000000b4900000| Untracked 
| 842|0x00000000b4a00000, 0x00000000b4a00000, 0x00000000b4b00000|  0%| F|  |TAMS 0x00000000b4a00000, 0x00000000b4a00000| Untracked 
| 843|0x00000000b4b00000, 0x00000000b4b00000, 0x00000000b4c00000|  0%| F|  |TAMS 0x00000000b4b00000, 0x00000000b4b00000| Untracked 

Card table byte_map: [0x000001b976b90000,0x000001b976f90000] _byte_map_base: 0x000001b976790000

Marking Bits (Prev, Next): (CMBitMap*) 0x000001b95f774b70, (CMBitMap*) 0x000001b95f774bb0
 Prev Bits: [0x000001b977390000, 0x000001b979390000)
 Next Bits: [0x000001b979390000, 0x000001b97b390000)

Polling page: 0x000001b95eec0000

Metaspace:

Usage:
  Non-class:    194.33 MB used.
      Class:     28.63 MB used.
       Both:    222.96 MB used.

Virtual space:
  Non-class space:      256.00 MB reserved,     195.25 MB ( 76%) committed,  4 nodes.
      Class space:      416.00 MB reserved,      29.50 MB (  7%) committed,  1 nodes.
             Both:      672.00 MB reserved,     224.75 MB ( 33%) committed. 

Chunk freelists:
   Non-Class:  12.56 MB
       Class:  2.34 MB
        Both:  14.91 MB

MaxMetaspaceSize: 512.00 MB
CompressedClassSpaceSize: 416.00 MB
Initial GC threshold: 21.00 MB
Current GC threshold: 237.62 MB
CDS: on
MetaspaceReclaimPolicy: balanced
 - commit_granule_bytes: 65536.
 - commit_granule_words: 8192.
 - virtual_space_node_default_size: 8388608.
 - enlarge_chunks_in_place: 1.
 - new_chunks_are_fully_committed: 0.
 - uncommit_free_chunks: 1.
 - use_allocation_guard: 0.
 - handle_deallocations: 1.


Internal statistics:

num_allocs_failed_limit: 21.
num_arena_births: 2844.
num_arena_deaths: 2.
num_vsnodes_births: 5.
num_vsnodes_deaths: 0.
num_space_committed: 3592.
num_space_uncommitted: 0.
num_chunks_returned_to_freelist: 24.
num_chunks_taken_from_freelist: 12411.
num_chunk_merges: 21.
num_chunk_splits: 8612.
num_chunks_enlarged: 5998.
num_inconsistent_stats: 0.

CodeHeap 'non-profiled nmethods': size=120000Kb used=28623Kb max_used=30245Kb free=91376Kb
 bounds [0x000001b96ed00000, 0x000001b970a90000, 0x000001b976230000]
CodeHeap 'profiled nmethods': size=120000Kb used=75980Kb max_used=75980Kb free=44019Kb
 bounds [0x000001b967230000, 0x000001b96bc70000, 0x000001b96e760000]
CodeHeap 'non-nmethods': size=5760Kb used=2705Kb max_used=2744Kb free=3054Kb
 bounds [0x000001b96e760000, 0x000001b96ea30000, 0x000001b96ed00000]
 total_blobs=37784 nmethods=36504 adapters=1188
 compilation: enabled
              stopped_count=0, restarted_count=0
 full_count=0

Compilation events (20 events):
Event: 569.691 Thread 0x000001b97e080140 nmethod 50220 0x000001b96bc5d610 code [0x000001b96bc5d7c0, 0x000001b96bc5d9d8]
Event: 569.691 Thread 0x000001b97e080140 50211       3       com.android.tools.r8.internal.Fd$$Lambda$5545/0x000001b902d247d0::<init> (26 bytes)
Event: 569.691 Thread 0x000001b97e080140 nmethod 50211 0x000001b96bc5db10 code [0x000001b96bc5dcc0, 0x000001b96bc5df98]
Event: 569.691 Thread 0x000001b97e080140 50217       3       com.android.tools.r8.internal.qS::h (4 bytes)
Event: 569.691 Thread 0x000001b97e080140 nmethod 50217 0x000001b96bc5e090 code [0x000001b96bc5e220, 0x000001b96bc5e318]
Event: 569.691 Thread 0x000001b97e080140 50213       3       com.android.tools.r8.internal.IM::a (16 bytes)
Event: 569.692 Thread 0x000001b97e080140 nmethod 50213 0x000001b96bc5e390 code [0x000001b96bc5e540, 0x000001b96bc5e748]
Event: 569.692 Thread 0x000001b97e080140 50221       3       com.android.tools.r8.internal.Uw::<init> (46 bytes)
Event: 569.692 Thread 0x000001b97e080140 nmethod 50221 0x000001b96bc5e810 code [0x000001b96bc5ea00, 0x000001b96bc5f158]
Event: 569.692 Thread 0x000001b97e080140 50033       1       com.android.tools.r8.internal.yw::G2 (3 bytes)
Event: 569.693 Thread 0x000001b97e080140 nmethod 50033 0x000001b970892e90 code [0x000001b970893020, 0x000001b9708930f8]
Event: 569.693 Thread 0x000001b97e080140 50222       3       com.android.tools.r8.ir.regalloc.b$$Lambda$5819/0x000001b902d5b060::test (16 bytes)
Event: 569.694 Thread 0x000001b97e080140 nmethod 50222 0x000001b96bc5f390 code [0x000001b96bc5f560, 0x000001b96bc5f998]
Event: 569.694 Thread 0x000001b97e080140 50224       1       com.android.tools.r8.internal.l7::a (5 bytes)
Event: 569.694 Thread 0x000001b97e080140 nmethod 50224 0x000001b96fe28d10 code [0x000001b96fe28ea0, 0x000001b96fe28f78]
Event: 569.694 Thread 0x000001b97e080140 50226       3       com.android.tools.r8.internal.PW::m (2 bytes)
Event: 569.694 Thread 0x000001b97e080140 nmethod 50226 0x000001b96bc5fb10 code [0x000001b96bc5fca0, 0x000001b96bc5fdb8]
Event: 569.694 Thread 0x000001b97e080140 50228       3       com.android.tools.r8.internal.F8::a (342 bytes)
Event: 569.696 Thread 0x000001b97e080140 nmethod 50228 0x000001b96bc5fe90 code [0x000001b96bc602e0, 0x000001b96bc62b88]
Event: 569.696 Thread 0x000001b97e080140 50223       3       com.android.tools.r8.ir.regalloc.b::a (30 bytes)

GC Heap History (20 events):
Event: 563.446 GC heap after
{Heap after GC invocations=179 (full 0):
 garbage-first heap   total 860160K, used 472625K [0x0000000080000000, 0x0000000100000000)
  region size 1024K, 18 young (18432K), 18 survivors (18432K)
 Metaspace       used 210324K, committed 212096K, reserved 622592K
  class space    used 26018K, committed 26880K, reserved 425984K
}
Event: 564.003 GC heap before
{Heap before GC invocations=179 (full 0):
 garbage-first heap   total 860160K, used 754225K [0x0000000080000000, 0x0000000100000000)
  region size 1024K, 294 young (301056K), 18 survivors (18432K)
 Metaspace       used 210327K, committed 212096K, reserved 622592K
  class space    used 26018K, committed 26880K, reserved 425984K
}
Event: 564.019 GC heap after
{Heap after GC invocations=180 (full 0):
 garbage-first heap   total 860160K, used 473656K [0x0000000080000000, 0x0000000100000000)
  region size 1024K, 19 young (19456K), 19 survivors (19456K)
 Metaspace       used 210327K, committed 212096K, reserved 622592K
  class space    used 26018K, committed 26880K, reserved 425984K
}
Event: 564.570 GC heap before
{Heap before GC invocations=180 (full 0):
 garbage-first heap   total 860160K, used 756280K [0x0000000080000000, 0x0000000100000000)
  region size 1024K, 293 young (300032K), 19 survivors (19456K)
 Metaspace       used 210327K, committed 212096K, reserved 622592K
  class space    used 26018K, committed 26880K, reserved 425984K
}
Event: 564.585 GC heap after
{Heap after GC invocations=181 (full 0):
 garbage-first heap   total 860160K, used 476054K [0x0000000080000000, 0x0000000100000000)
  region size 1024K, 20 young (20480K), 20 survivors (20480K)
 Metaspace       used 210327K, committed 212096K, reserved 622592K
  class space    used 26018K, committed 26880K, reserved 425984K
}
Event: 564.766 GC heap before
{Heap before GC invocations=181 (full 0):
 garbage-first heap   total 860160K, used 756630K [0x0000000080000000, 0x0000000100000000)
  region size 1024K, 290 young (296960K), 20 survivors (20480K)
 Metaspace       used 210349K, committed 212096K, reserved 622592K
  class space    used 26022K, committed 26880K, reserved 425984K
}
Event: 564.783 GC heap after
{Heap after GC invocations=182 (full 0):
 garbage-first heap   total 860160K, used 474357K [0x0000000080000000, 0x0000000100000000)
  region size 1024K, 20 young (20480K), 20 survivors (20480K)
 Metaspace       used 210349K, committed 212096K, reserved 622592K
  class space    used 26022K, committed 26880K, reserved 425984K
}
Event: 566.203 GC heap before
{Heap before GC invocations=182 (full 0):
 garbage-first heap   total 860160K, used 774389K [0x0000000080000000, 0x0000000100000000)
  region size 1024K, 292 young (299008K), 20 survivors (20480K)
 Metaspace       used 211241K, committed 213120K, reserved 622592K
  class space    used 26178K, committed 27072K, reserved 425984K
}
Event: 566.237 GC heap after
{Heap after GC invocations=183 (full 0):
 garbage-first heap   total 860160K, used 493119K [0x0000000080000000, 0x0000000100000000)
  region size 1024K, 36 young (36864K), 36 survivors (36864K)
 Metaspace       used 211241K, committed 213120K, reserved 622592K
  class space    used 26178K, committed 27072K, reserved 425984K
}
Event: 567.502 GC heap before
{Heap before GC invocations=183 (full 0):
 garbage-first heap   total 860160K, used 735807K [0x0000000080000000, 0x0000000100000000)
  region size 1024K, 274 young (280576K), 36 survivors (36864K)
 Metaspace       used 219444K, committed 221248K, reserved 622592K
  class space    used 27551K, committed 28416K, reserved 425984K
}
Event: 567.578 GC heap after
{Heap after GC invocations=184 (full 0):
 garbage-first heap   total 860160K, used 531137K [0x0000000080000000, 0x0000000100000000)
  region size 1024K, 35 young (35840K), 35 survivors (35840K)
 Metaspace       used 219444K, committed 221248K, reserved 622592K
  class space    used 27551K, committed 28416K, reserved 425984K
}
Event: 568.081 GC heap before
{Heap before GC invocations=184 (full 0):
 garbage-first heap   total 860160K, used 724673K [0x0000000080000000, 0x0000000100000000)
  region size 1024K, 225 young (230400K), 35 survivors (35840K)
 Metaspace       used 222769K, committed 224640K, reserved 622592K
  class space    used 28268K, committed 29184K, reserved 425984K
}
Event: 568.852 GC heap after
{Heap after GC invocations=185 (full 0):
 garbage-first heap   total 860160K, used 565981K [0x0000000080000000, 0x0000000100000000)
  region size 1024K, 29 young (29696K), 29 survivors (29696K)
 Metaspace       used 222769K, committed 224640K, reserved 622592K
  class space    used 28268K, committed 29184K, reserved 425984K
}
Event: 568.878 GC heap before
{Heap before GC invocations=185 (full 0):
 garbage-first heap   total 860160K, used 587485K [0x0000000080000000, 0x0000000100000000)
  region size 1024K, 50 young (51200K), 29 survivors (29696K)
 Metaspace       used 222827K, committed 224704K, reserved 622592K
  class space    used 28280K, committed 29184K, reserved 425984K
}
Event: 568.903 GC heap after
{Heap after GC invocations=186 (full 0):
 garbage-first heap   total 860160K, used 574730K [0x0000000080000000, 0x0000000100000000)
  region size 1024K, 7 young (7168K), 7 survivors (7168K)
 Metaspace       used 222827K, committed 224704K, reserved 622592K
  class space    used 28280K, committed 29184K, reserved 425984K
}
Event: 569.222 GC heap before
{Heap before GC invocations=186 (full 0):
 garbage-first heap   total 860160K, used 716042K [0x0000000080000000, 0x0000000100000000)
  region size 1024K, 146 young (149504K), 7 survivors (7168K)
 Metaspace       used 225890K, committed 227712K, reserved 688128K
  class space    used 28881K, committed 29760K, reserved 425984K
}
Event: 569.248 GC heap after
{Heap after GC invocations=187 (full 0):
 garbage-first heap   total 860160K, used 597258K [0x0000000080000000, 0x0000000100000000)
  region size 1024K, 19 young (19456K), 19 survivors (19456K)
 Metaspace       used 225890K, committed 227712K, reserved 688128K
  class space    used 28881K, committed 29760K, reserved 425984K
}
Event: 569.286 GC heap before
{Heap before GC invocations=187 (full 0):
 garbage-first heap   total 860160K, used 607498K [0x0000000080000000, 0x0000000100000000)
  region size 1024K, 31 young (31744K), 19 survivors (19456K)
 Metaspace       used 226336K, committed 228160K, reserved 688128K
  class space    used 28958K, committed 29824K, reserved 425984K
}
Event: 569.330 GC heap after
{Heap after GC invocations=188 (full 0):
 garbage-first heap   total 860160K, used 602299K [0x0000000080000000, 0x0000000100000000)
  region size 1024K, 4 young (4096K), 4 survivors (4096K)
 Metaspace       used 226336K, committed 228160K, reserved 688128K
  class space    used 28958K, committed 29824K, reserved 425984K
}
Event: 569.697 GC heap before
{Heap before GC invocations=188 (full 0):
 garbage-first heap   total 860160K, used 739515K [0x0000000080000000, 0x0000000100000000)
  region size 1024K, 121 young (123904K), 4 survivors (4096K)
 Metaspace       used 228307K, committed 230144K, reserved 688128K
  class space    used 29313K, committed 30208K, reserved 425984K
}

Dll operation events (15 events):
Event: 0.039 Loaded shared library C:\Program Files\Microsoft\jdk-17.0.12.7-hotspot\bin\java.dll
Event: 0.079 Loaded shared library C:\Program Files\Microsoft\jdk-17.0.12.7-hotspot\bin\jsvml.dll
Event: 0.127 Loaded shared library C:\Program Files\Microsoft\jdk-17.0.12.7-hotspot\bin\zip.dll
Event: 0.131 Loaded shared library C:\Program Files\Microsoft\jdk-17.0.12.7-hotspot\bin\instrument.dll
Event: 0.138 Loaded shared library C:\Program Files\Microsoft\jdk-17.0.12.7-hotspot\bin\net.dll
Event: 0.141 Loaded shared library C:\Program Files\Microsoft\jdk-17.0.12.7-hotspot\bin\nio.dll
Event: 0.146 Loaded shared library C:\Program Files\Microsoft\jdk-17.0.12.7-hotspot\bin\zip.dll
Event: 0.437 Loaded shared library C:\Program Files\Microsoft\jdk-17.0.12.7-hotspot\bin\jimage.dll
Event: 0.546 Loaded shared library C:\Program Files\Microsoft\jdk-17.0.12.7-hotspot\bin\verify.dll
Event: 0.730 Loaded shared library C:\Users\arun9\.gradle\native\c067742578af261105cb4f569cf0c3c89f3d7b1fecec35dd04571415982c5e48\windows-amd64\native-platform.dll
Event: 0.774 Loaded shared library C:\Users\arun9\.gradle\native\100fb08df4bc3b14c8652ba06237920a3bd2aa13389f12d3474272988ae205f9\windows-amd64\native-platform-file-events.dll
Event: 7.855 Loaded shared library C:\Program Files\Microsoft\jdk-17.0.12.7-hotspot\bin\management.dll
Event: 7.862 Loaded shared library C:\Program Files\Microsoft\jdk-17.0.12.7-hotspot\bin\management_ext.dll
Event: 8.546 Loaded shared library C:\Program Files\Microsoft\jdk-17.0.12.7-hotspot\bin\extnet.dll
Event: 8.867 Loaded shared library C:\Program Files\Microsoft\jdk-17.0.12.7-hotspot\bin\sunmscapi.dll

Deoptimization events (20 events):
Event: 569.411 Thread 0x000001b91fec0c10 Uncommon trap: trap_request=0xffffffde fr.pc=0x000001b96febfef0 relative=0x0000000000000490
Event: 569.411 Thread 0x000001b91fec0c10 Uncommon trap: reason=class_check action=maybe_recompile pc=0x000001b96febfef0 method=com.android.tools.r8.internal.Mq.a(I)Ljava/lang/Object; @ 9 c2
Event: 569.411 Thread 0x000001b91fec0c10 DEOPT PACKING pc=0x000001b96febfef0 sp=0x000000a1b7df9f60
Event: 569.411 Thread 0x000001b91fec0c10 DEOPT UNPACKING pc=0x000001b96e7b69a3 sp=0x000000a1b7df9e50 mode 2
Event: 569.411 Thread 0x000001b920d70e00 Uncommon trap: trap_request=0xffffff3d fr.pc=0x000001b96f0805d0 relative=0x0000000000000090
Event: 569.411 Thread 0x000001b920d70e00 Uncommon trap: reason=unstable_fused_if action=reinterpret pc=0x000001b96f0805d0 method=java.lang.StrictMath.floorOrCeil(DDDD)D @ 8 c2
Event: 569.412 Thread 0x000001b920d70e00 DEOPT PACKING pc=0x000001b96f0805d0 sp=0x000000a1b7afa420
Event: 569.412 Thread 0x000001b920d70e00 DEOPT UNPACKING pc=0x000001b96e7b69a3 sp=0x000000a1b7afa2e0 mode 2
Event: 569.413 Thread 0x000001b920d70e00 Uncommon trap: trap_request=0xffffff45 fr.pc=0x000001b96f6001a8 relative=0x00000000000000e8
Event: 569.413 Thread 0x000001b920d70e00 Uncommon trap: reason=unstable_if action=reinterpret pc=0x000001b96f6001a8 method=java.lang.StrictMath.floorOrCeil(DDDD)D @ 14 c2
Event: 569.413 Thread 0x000001b920d70e00 DEOPT PACKING pc=0x000001b96f6001a8 sp=0x000000a1b7afa500
Event: 569.413 Thread 0x000001b920d70e00 DEOPT UNPACKING pc=0x000001b96e7b69a3 sp=0x000000a1b7afa368 mode 2
Event: 569.460 Thread 0x000001b91f461df0 DEOPT PACKING pc=0x000001b969051a46 sp=0x000000a1bfbfa050
Event: 569.460 Thread 0x000001b91f461df0 DEOPT UNPACKING pc=0x000001b96e7b7143 sp=0x000000a1bfbf94e8 mode 0
Event: 569.466 Thread 0x000001b92ff71d30 Uncommon trap: trap_request=0xffffff45 fr.pc=0x000001b96ff6f6bc relative=0x000000000000071c
Event: 569.466 Thread 0x000001b92ff71d30 Uncommon trap: reason=unstable_if action=reinterpret pc=0x000001b96ff6f6bc method=com.android.tools.r8.graph.E3.e()V @ 132 c2
Event: 569.466 Thread 0x000001b92ff71d30 DEOPT PACKING pc=0x000001b96ff6f6bc sp=0x000000a1bfef92f0
Event: 569.466 Thread 0x000001b92ff71d30 DEOPT UNPACKING pc=0x000001b96e7b69a3 sp=0x000000a1bfef92e8 mode 2
Event: 569.619 Thread 0x000001b91f462300 DEOPT PACKING pc=0x000001b96b911d3c sp=0x000000a1bfcfa920
Event: 569.619 Thread 0x000001b91f462300 DEOPT UNPACKING pc=0x000001b96e7b7143 sp=0x000000a1bfcf9d78 mode 0

Classes loaded (20 events):
Event: 566.582 Loading class java/util/concurrent/RejectedExecutionException
Event: 566.583 Loading class java/util/concurrent/RejectedExecutionException done
Event: 569.198 Loading class java/util/IdentityHashMap$EntrySet
Event: 569.201 Loading class java/util/IdentityHashMap$EntrySet done
Event: 569.201 Loading class java/util/IdentityHashMap$EntrySpliterator
Event: 569.201 Loading class java/util/IdentityHashMap$IdentityHashMapSpliterator
Event: 569.202 Loading class java/util/IdentityHashMap$IdentityHashMapSpliterator done
Event: 569.202 Loading class java/util/IdentityHashMap$EntrySpliterator done
Event: 569.255 Loading class java/util/SortedSet$1
Event: 569.256 Loading class java/util/SortedSet$1 done
Event: 569.258 Loading class java/util/stream/SliceOps
Event: 569.259 Loading class java/util/stream/SliceOps done
Event: 569.260 Loading class java/util/stream/SliceOps$1
Event: 569.261 Loading class java/util/stream/SliceOps$1 done
Event: 569.265 Loading class java/util/stream/SliceOps$1$1
Event: 569.265 Loading class java/util/stream/SliceOps$1$1 done
Event: 569.281 Loading class java/util/PriorityQueue
Event: 569.281 Loading class java/util/PriorityQueue done
Event: 569.338 Loading class java/util/IdentityHashMap$ValueIterator
Event: 569.339 Loading class java/util/IdentityHashMap$ValueIterator done

Classes unloaded (3 events):
Event: 47.824 Thread 0x000001b97dce34f0 Unloading class 0x000001b901560918 '_BuildScript_$_run_closure2'
Event: 47.824 Thread 0x000001b97dce34f0 Unloading class 0x000001b901560530 '_BuildScript_$_run_closure1'
Event: 47.824 Thread 0x000001b97dce34f0 Unloading class 0x000001b901560000 '_BuildScript_'

Classes redefined (0 events):
No events

Internal exceptions (20 events):
Event: 569.023 Thread 0x000001b91f462300 Exception <a 'java/lang/IncompatibleClassChangeError'{0x00000000aefb75c0}: Found class java.lang.Object, but interface was expected> (0x00000000aefb75c0) 
thrown [s\src\hotspot\share\interpreter\linkResolver.cpp, line 826]
Event: 569.024 Thread 0x000001b920d70e00 Exception <a 'java/lang/IncompatibleClassChangeError'{0x00000000aeeaffc8}: Found class java.lang.Object, but interface was expected> (0x00000000aeeaffc8) 
thrown [s\src\hotspot\share\interpreter\linkResolver.cpp, line 826]
Event: 569.024 Thread 0x000001b920b2dda0 Exception <a 'java/lang/IncompatibleClassChangeError'{0x00000000af9c3190}: Found class java.lang.Object, but interface was expected> (0x00000000af9c3190) 
thrown [s\src\hotspot\share\interpreter\linkResolver.cpp, line 826]
Event: 569.023 Thread 0x000001b93091bc20 Exception <a 'java/lang/IncompatibleClassChangeError'{0x00000000af8e5f10}: Found class java.lang.Object, but interface was expected> (0x00000000af8e5f10) 
thrown [s\src\hotspot\share\interpreter\linkResolver.cpp, line 826]
Event: 569.024 Thread 0x000001b9214f84a0 Exception <a 'java/lang/IncompatibleClassChangeError'{0x00000000b01d4380}: Found class java.lang.Object, but interface was expected> (0x00000000b01d4380) 
thrown [s\src\hotspot\share\interpreter\linkResolver.cpp, line 826]
Event: 569.140 Thread 0x000001b920b2dda0 Exception <a 'java/lang/NoSuchMethodError'{0x00000000ace95580}: 'void java.lang.invoke.DirectMethodHandle$Holder.invokeSpecial(java.lang.Object, java.lang.Object, int, java.lang.Object)'> (0x00000000ace95580) 
thrown [s\src\hotspot\share\interpreter\linkResolver.cpp, line 759]
Event: 569.140 Thread 0x000001b91f462300 Exception <a 'java/lang/NoSuchMethodError'{0x00000000ace1f9f8}: 'void java.lang.invoke.DirectMethodHandle$Holder.invokeSpecial(java.lang.Object, java.lang.Object, int, java.lang.Object)'> (0x00000000ace1f9f8) 
thrown [s\src\hotspot\share\interpreter\linkResolver.cpp, line 759]
Event: 569.140 Thread 0x000001b9214f84a0 Exception <a 'java/lang/NoSuchMethodError'{0x00000000ad137fc8}: 'void java.lang.invoke.DirectMethodHandle$Holder.invokeSpecial(java.lang.Object, java.lang.Object, int, java.lang.Object)'> (0x00000000ad137fc8) 
thrown [s\src\hotspot\share\interpreter\linkResolver.cpp, line 759]
Event: 569.140 Thread 0x000001b920d70e00 Exception <a 'java/lang/NoSuchMethodError'{0x00000000aca03810}: 'void java.lang.invoke.DirectMethodHandle$Holder.invokeSpecial(java.lang.Object, java.lang.Object, int, java.lang.Object)'> (0x00000000aca03810) 
thrown [s\src\hotspot\share\interpreter\linkResolver.cpp, line 759]
Event: 569.140 Thread 0x000001b92ff70e00 Exception <a 'java/lang/NoSuchMethodError'{0x00000000ad0b1b28}: 'void java.lang.invoke.DirectMethodHandle$Holder.invokeSpecial(java.lang.Object, java.lang.Object, int, java.lang.Object)'> (0x00000000ad0b1b28) 
thrown [s\src\hotspot\share\interpreter\linkResolver.cpp, line 759]
Event: 569.359 Thread 0x000001b92ff70e00 Exception <a 'java/lang/NoSuchMethodError'{0x00000000b4a23ab8}: 'int java.lang.invoke.DirectMethodHandle$Holder.invokeSpecial(java.lang.Object, java.lang.Object, java.lang.Object, int, java.lang.Object)'> (0x00000000b4a23ab8) 
thrown [s\src\hotspot\share\interpreter\linkResolver.cpp, line 759]
Event: 569.359 Thread 0x000001b91f461df0 Exception <a 'java/lang/NoSuchMethodError'{0x00000000b47a4038}: 'int java.lang.invoke.DirectMethodHandle$Holder.invokeSpecial(java.lang.Object, java.lang.Object, java.lang.Object, int, java.lang.Object)'> (0x00000000b47a4038) 
thrown [s\src\hotspot\share\interpreter\linkResolver.cpp, line 759]
Event: 569.359 Thread 0x000001b92ff71d30 Exception <a 'java/lang/NoSuchMethodError'{0x00000000b42c6618}: 'int java.lang.invoke.DirectMethodHandle$Holder.invokeSpecial(java.lang.Object, java.lang.Object, java.lang.Object, int, java.lang.Object)'> (0x00000000b42c6618) 
thrown [s\src\hotspot\share\interpreter\linkResolver.cpp, line 759]
Event: 569.359 Thread 0x000001b93091bc20 Exception <a 'java/lang/NoSuchMethodError'{0x00000000b478b288}: 'int java.lang.invoke.DirectMethodHandle$Holder.invokeSpecial(java.lang.Object, java.lang.Object, java.lang.Object, int, java.lang.Object)'> (0x00000000b478b288) 
thrown [s\src\hotspot\share\interpreter\linkResolver.cpp, line 759]
Event: 569.359 Thread 0x000001b91f462300 Exception <a 'java/lang/NoSuchMethodError'{0x00000000b47d0828}: 'int java.lang.invoke.DirectMethodHandle$Holder.invokeSpecial(java.lang.Object, java.lang.Object, java.lang.Object, int, java.lang.Object)'> (0x00000000b47d0828) 
thrown [s\src\hotspot\share\interpreter\linkResolver.cpp, line 759]
Event: 569.359 Thread 0x000001b920b2dda0 Exception <a 'java/lang/NoSuchMethodError'{0x00000000b4b8b938}: 'int java.lang.invoke.DirectMethodHandle$Holder.invokeSpecial(java.lang.Object, java.lang.Object, java.lang.Object, int, java.lang.Object)'> (0x00000000b4b8b938) 
thrown [s\src\hotspot\share\interpreter\linkResolver.cpp, line 759]
Event: 569.359 Thread 0x000001b9214f84a0 Exception <a 'java/lang/NoSuchMethodError'{0x00000000b48cdf50}: 'int java.lang.invoke.DirectMethodHandle$Holder.invokeSpecial(java.lang.Object, java.lang.Object, java.lang.Object, int, java.lang.Object)'> (0x00000000b48cdf50) 
thrown [s\src\hotspot\share\interpreter\linkResolver.cpp, line 759]
Event: 569.359 Thread 0x000001b91fec0c10 Exception <a 'java/lang/NoSuchMethodError'{0x00000000b4aaf5e0}: 'int java.lang.invoke.DirectMethodHandle$Holder.invokeSpecial(java.lang.Object, java.lang.Object, java.lang.Object, int, java.lang.Object)'> (0x00000000b4aaf5e0) 
thrown [s\src\hotspot\share\interpreter\linkResolver.cpp, line 759]
Event: 569.359 Thread 0x000001b920d70e00 Exception <a 'java/lang/NoSuchMethodError'{0x00000000b47d9e68}: 'int java.lang.invoke.DirectMethodHandle$Holder.invokeSpecial(java.lang.Object, java.lang.Object, java.lang.Object, int, java.lang.Object)'> (0x00000000b47d9e68) 
thrown [s\src\hotspot\share\interpreter\linkResolver.cpp, line 759]
Event: 569.462 Thread 0x000001b92149c7b0 Exception <a 'java/lang/NoSuchMethodError'{0x00000000b1ef9590}: 'java.lang.Object java.lang.invoke.DirectMethodHandle$Holder.invokeInterface(java.lang.Object, java.lang.Object, int)'> (0x00000000b1ef9590) 
thrown [s\src\hotspot\share\interpreter\linkResolver.cpp, line 759]

VM Operations (20 events):
Event: 569.330 Executing VM operation: G1TryInitiateConcMark done
Event: 569.437 Executing VM operation: HandshakeAllThreads
Event: 569.437 Executing VM operation: HandshakeAllThreads done
Event: 569.466 Executing VM operation: HandshakeAllThreads
Event: 569.474 Executing VM operation: HandshakeAllThreads done
Event: 569.494 Executing VM operation: HandshakeAllThreads
Event: 569.494 Executing VM operation: HandshakeAllThreads done
Event: 569.514 Executing VM operation: ICBufferFull
Event: 569.518 Executing VM operation: ICBufferFull done
Event: 569.617 Executing VM operation: HandshakeAllThreads
Event: 569.618 Executing VM operation: HandshakeAllThreads done
Event: 569.658 Executing VM operation: ICBufferFull
Event: 569.659 Executing VM operation: ICBufferFull done
Event: 569.659 Executing VM operation: ICBufferFull
Event: 569.661 Executing VM operation: ICBufferFull done
Event: 569.661 Executing VM operation: ICBufferFull
Event: 569.664 Executing VM operation: ICBufferFull done
Event: 569.664 Executing VM operation: ICBufferFull
Event: 569.665 Executing VM operation: ICBufferFull done
Event: 569.693 Executing VM operation: G1CollectForAllocation

Events (20 events):
Event: 566.655 Thread 0x000001b97e089630 flushing nmethod 0x000001b970863890
Event: 566.655 Thread 0x000001b97e089630 flushing nmethod 0x000001b970892e90
Event: 566.656 Thread 0x000001b97e089630 flushing nmethod 0x000001b970a52790
Event: 566.656 Thread 0x000001b97e089630 flushing nmethod 0x000001b970a5dd10
Event: 566.656 Thread 0x000001b97e089630 flushing nmethod 0x000001b970a6c910
Event: 566.659 Thread 0x000001b97e089630 flushing nmethod 0x000001b9675f8810
Event: 566.660 Thread 0x000001b97e089630 flushing nmethod 0x000001b96787cb10
Event: 566.662 Thread 0x000001b97e089630 flushing nmethod 0x000001b967a7c090
Event: 566.683 Thread 0x000001b97e089630 flushing nmethod 0x000001b969b84290
Event: 566.701 Thread 0x000001b97e089630 flushing nmethod 0x000001b96b788990
Event: 569.515 Thread 0x000001b97e089630 flushing nmethod 0x000001b9673f9c90
Event: 569.518 Thread 0x000001b97e089630 flushing nmethod 0x000001b9675da810
Event: 569.518 Thread 0x000001b97e089630 flushing nmethod 0x000001b9675e5410
Event: 569.519 Thread 0x000001b97e089630 flushing nmethod 0x000001b967683610
Event: 569.527 Thread 0x000001b97e089630 flushing nmethod 0x000001b967b7d390
Event: 569.563 Thread 0x000001b97e089630 flushing nmethod 0x000001b9690e4e10
Event: 569.584 Thread 0x000001b97e089630 flushing nmethod 0x000001b969c54590
Event: 569.595 Thread 0x000001b97e089630 flushing nmethod 0x000001b96a144010
Event: 569.600 Thread 0x000001b97e089630 flushing nmethod 0x000001b96a42e390
Event: 569.644 Thread 0x000001b97e089630 flushing nmethod 0x000001b96b6e7810


Dynamic libraries:
0x00007ff6178f0000 - 0x00007ff6178fe000 	C:\Program Files\Microsoft\jdk-17.0.12.7-hotspot\bin\java.exe
0x00007ffffa230000 - 0x00007ffffa447000 	C:\WINDOWS\SYSTEM32\ntdll.dll
0x00007fffc79c0000 - 0x00007fffc79e0000 	C:\Program Files\AVG\Antivirus\aswhook.dll
0x00007ffff9f10000 - 0x00007ffff9fd4000 	C:\WINDOWS\System32\KERNEL32.DLL
0x00007ffff76d0000 - 0x00007ffff7aa3000 	C:\WINDOWS\System32\KERNELBASE.dll
0x00007ffff7320000 - 0x00007ffff7431000 	C:\WINDOWS\System32\ucrtbase.dll
0x00007fffdcf20000 - 0x00007fffdcf37000 	C:\Program Files\Microsoft\jdk-17.0.12.7-hotspot\bin\jli.dll
0x00007fffe1cc0000 - 0x00007fffe1cdd000 	C:\Program Files\Microsoft\jdk-17.0.12.7-hotspot\bin\VCRUNTIME140.dll
0x00007ffff8ea0000 - 0x00007ffff9051000 	C:\WINDOWS\System32\USER32.dll
0x00007fffee710000 - 0x00007fffee9ab000 	C:\WINDOWS\WinSxS\amd64_microsoft.windows.common-controls_6595b64144ccf1df_6.0.22621.5262_none_2712bde373830908\COMCTL32.dll
0x00007ffff7ab0000 - 0x00007ffff7ad6000 	C:\WINDOWS\System32\win32u.dll
0x00007ffffa000000 - 0x00007ffffa029000 	C:\WINDOWS\System32\GDI32.dll
0x00007ffff7ae0000 - 0x00007ffff7c02000 	C:\WINDOWS\System32\gdi32full.dll
0x00007ffff74f0000 - 0x00007ffff758a000 	C:\WINDOWS\System32\msvcp_win.dll
0x00007ffff9450000 - 0x00007ffff94f7000 	C:\WINDOWS\System32\msvcrt.dll
0x00007ffffa1b0000 - 0x00007ffffa1e1000 	C:\WINDOWS\System32\IMM32.DLL
0x00007fffe4900000 - 0x00007fffe490c000 	C:\Program Files\Microsoft\jdk-17.0.12.7-hotspot\bin\vcruntime140_1.dll
0x00007fffc24e0000 - 0x00007fffc256d000 	C:\Program Files\Microsoft\jdk-17.0.12.7-hotspot\bin\msvcp140.dll
0x00007fff2d000000 - 0x00007fff2dc70000 	C:\Program Files\Microsoft\jdk-17.0.12.7-hotspot\bin\server\jvm.dll
0x00007ffff8de0000 - 0x00007ffff8e91000 	C:\WINDOWS\System32\ADVAPI32.dll
0x00007ffff9500000 - 0x00007ffff95a7000 	C:\WINDOWS\System32\sechost.dll
0x00007ffff74c0000 - 0x00007ffff74e8000 	C:\WINDOWS\System32\bcrypt.dll
0x00007ffff9df0000 - 0x00007ffff9f04000 	C:\WINDOWS\System32\RPCRT4.dll
0x00007ffffa130000 - 0x00007ffffa1a1000 	C:\WINDOWS\System32\WS2_32.dll
0x00007ffff71f0000 - 0x00007ffff723d000 	C:\WINDOWS\SYSTEM32\POWRPROF.dll
0x00007ffff1230000 - 0x00007ffff1264000 	C:\WINDOWS\SYSTEM32\WINMM.dll
0x00007ffff0710000 - 0x00007ffff071a000 	C:\WINDOWS\SYSTEM32\VERSION.dll
0x00007ffff71d0000 - 0x00007ffff71e3000 	C:\WINDOWS\SYSTEM32\UMPDC.dll
0x00007ffff6360000 - 0x00007ffff6378000 	C:\WINDOWS\SYSTEM32\kernel.appcore.dll
0x00007fffe1a70000 - 0x00007fffe1a7a000 	C:\Program Files\Microsoft\jdk-17.0.12.7-hotspot\bin\jimage.dll
0x00007fffef8c0000 - 0x00007fffefaf2000 	C:\WINDOWS\SYSTEM32\DBGHELP.DLL
0x00007ffff90b0000 - 0x00007ffff9443000 	C:\WINDOWS\System32\combase.dll
0x00007ffff9d10000 - 0x00007ffff9de7000 	C:\WINDOWS\System32\OLEAUT32.dll
0x00007fffe7380000 - 0x00007fffe73b2000 	C:\WINDOWS\SYSTEM32\dbgcore.DLL
0x00007ffff7cd0000 - 0x00007ffff7d4b000 	C:\WINDOWS\System32\bcryptPrimitives.dll
0x00007fffd23e0000 - 0x00007fffd23ee000 	C:\Program Files\Microsoft\jdk-17.0.12.7-hotspot\bin\instrument.dll
0x00007fffe1a40000 - 0x00007fffe1a65000 	C:\Program Files\Microsoft\jdk-17.0.12.7-hotspot\bin\java.dll
0x00007fff40900000 - 0x00007fff409d7000 	C:\Program Files\Microsoft\jdk-17.0.12.7-hotspot\bin\jsvml.dll
0x00007ffff7ec0000 - 0x00007ffff875d000 	C:\WINDOWS\System32\SHELL32.dll
0x00007ffff7590000 - 0x00007ffff76cf000 	C:\WINDOWS\System32\wintypes.dll
0x00007ffff5260000 - 0x00007ffff5b7d000 	C:\WINDOWS\SYSTEM32\windows.storage.dll
0x00007ffff8cd0000 - 0x00007ffff8ddb000 	C:\WINDOWS\System32\SHCORE.dll
0x00007ffffa030000 - 0x00007ffffa096000 	C:\WINDOWS\System32\shlwapi.dll
0x00007ffff7250000 - 0x00007ffff727b000 	C:\WINDOWS\SYSTEM32\profapi.dll
0x00007fff77d00000 - 0x00007fff77d18000 	C:\Program Files\Microsoft\jdk-17.0.12.7-hotspot\bin\zip.dll
0x00007fff92520000 - 0x00007fff9253a000 	C:\Program Files\Microsoft\jdk-17.0.12.7-hotspot\bin\net.dll
0x00007ffff3d70000 - 0x00007ffff3e9c000 	C:\WINDOWS\SYSTEM32\WINHTTP.dll
0x00007ffff67e0000 - 0x00007ffff684a000 	C:\WINDOWS\system32\mswsock.dll
0x00007fff7a1e0000 - 0x00007fff7a1f6000 	C:\Program Files\Microsoft\jdk-17.0.12.7-hotspot\bin\nio.dll
0x00007fffdcf10000 - 0x00007fffdcf20000 	C:\Program Files\Microsoft\jdk-17.0.12.7-hotspot\bin\verify.dll
0x00007fffa14f0000 - 0x00007fffa1517000 	C:\Users\arun9\.gradle\native\c067742578af261105cb4f569cf0c3c89f3d7b1fecec35dd04571415982c5e48\windows-amd64\native-platform.dll
0x00007fffa13a0000 - 0x00007fffa14e4000 	C:\Users\arun9\.gradle\native\100fb08df4bc3b14c8652ba06237920a3bd2aa13389f12d3474272988ae205f9\windows-amd64\native-platform-file-events.dll
0x00007fffd3b90000 - 0x00007fffd3b9a000 	C:\Program Files\Microsoft\jdk-17.0.12.7-hotspot\bin\management.dll
0x00007fffd2f50000 - 0x00007fffd2f5b000 	C:\Program Files\Microsoft\jdk-17.0.12.7-hotspot\bin\management_ext.dll
0x00007ffff88c0000 - 0x00007ffff88c8000 	C:\WINDOWS\System32\PSAPI.DLL
0x00007ffff6ab0000 - 0x00007ffff6acb000 	C:\WINDOWS\SYSTEM32\CRYPTSP.dll
0x00007ffff62c0000 - 0x00007ffff62f7000 	C:\WINDOWS\system32\rsaenh.dll
0x00007ffff68d0000 - 0x00007ffff68f8000 	C:\WINDOWS\SYSTEM32\USERENV.dll
0x00007ffff6aa0000 - 0x00007ffff6aac000 	C:\WINDOWS\SYSTEM32\CRYPTBASE.dll
0x00007ffff5de0000 - 0x00007ffff5e0d000 	C:\WINDOWS\SYSTEM32\IPHLPAPI.DLL
0x00007ffff8cb0000 - 0x00007ffff8cb9000 	C:\WINDOWS\System32\NSI.dll
0x00007ffff27d0000 - 0x00007ffff27e9000 	C:\WINDOWS\SYSTEM32\dhcpcsvc6.DLL
0x00007ffff22a0000 - 0x00007ffff22bf000 	C:\WINDOWS\SYSTEM32\dhcpcsvc.DLL
0x00007ffff5e50000 - 0x00007ffff5f48000 	C:\WINDOWS\SYSTEM32\DNSAPI.dll
0x00007fffc0ec0000 - 0x00007fffc0ec9000 	C:\Program Files\Microsoft\jdk-17.0.12.7-hotspot\bin\extnet.dll
0x00007fffc2900000 - 0x00007fffc290e000 	C:\Program Files\Microsoft\jdk-17.0.12.7-hotspot\bin\sunmscapi.dll
0x00007ffff7d50000 - 0x00007ffff7eb7000 	C:\WINDOWS\System32\CRYPT32.dll
0x00007ffff6c40000 - 0x00007ffff6c6d000 	C:\WINDOWS\SYSTEM32\ncrypt.dll
0x00007ffff6c00000 - 0x00007ffff6c37000 	C:\WINDOWS\SYSTEM32\NTASN1.dll
0x00007fffdc650000 - 0x00007fffdc658000 	C:\WINDOWS\system32\wshunix.dll
0x00007ffff3000000 - 0x00007ffff300a000 	C:\Windows\System32\rasadhlp.dll
0x00007ffff0950000 - 0x00007ffff09d3000 	C:\WINDOWS\System32\fwpuclnt.dll
0x00007fffcd9d0000 - 0x00007fffcd9e7000 	C:\WINDOWS\system32\napinsp.dll
0x00007fffcd9b0000 - 0x00007fffcd9cb000 	C:\WINDOWS\system32\pnrpnsp.dll
0x00007fffcd1d0000 - 0x00007fffcd1e1000 	C:\WINDOWS\System32\winrnr.dll
0x00007fffcd1b0000 - 0x00007fffcd1cf000 	C:\WINDOWS\system32\wshbth.dll
0x00007fffcd180000 - 0x00007fffcd1a1000 	C:\WINDOWS\system32\nlansp_c.dll
0x00007ffff6470000 - 0x00007ffff64a4000 	C:\WINDOWS\SYSTEM32\ntmarta.dll
0x00007ffff3190000 - 0x00007ffff3227000 	C:\WINDOWS\system32\apphelp.dll

dbghelp: loaded successfully - version: 4.0.5 - missing functions: none
symbol engine: initialized successfully - sym options: 0x614 - pdb path: .;C:\Program Files\Microsoft\jdk-17.0.12.7-hotspot\bin;C:\WINDOWS\SYSTEM32;C:\Program Files\AVG\Antivirus;C:\WINDOWS\WinSxS\amd64_microsoft.windows.common-controls_6595b64144ccf1df_6.0.22621.5262_none_2712bde373830908;C:\Program Files\Microsoft\jdk-17.0.12.7-hotspot\bin\server;C:\Users\arun9\.gradle\native\c067742578af261105cb4f569cf0c3c89f3d7b1fecec35dd04571415982c5e48\windows-amd64;C:\Users\arun9\.gradle\native\100fb08df4bc3b14c8652ba06237920a3bd2aa13389f12d3474272988ae205f9\windows-amd64

VM Arguments:
jvm_args: -XX:MaxMetaspaceSize=512m --add-opens=java.base/java.util=ALL-UNNAMED --add-opens=java.base/java.lang=ALL-UNNAMED --add-opens=java.base/java.lang.invoke=ALL-UNNAMED --add-opens=java.prefs/java.util.prefs=ALL-UNNAMED --add-opens=java.base/java.nio.charset=ALL-UNNAMED --add-opens=java.base/java.net=ALL-UNNAMED --add-opens=java.base/java.util.concurrent.atomic=ALL-UNNAMED -Xmx2048m -Dfile.encoding=windows-1252 -Duser.country=US -Duser.language=en -Duser.variant -javaagent:C:\Users\arun9\.gradle\wrapper\dists\gradle-8.8-all\6gdy1pgp427xkqcjbxw3ylt6h\gradle-8.8\lib\agents\gradle-instrumentation-agent-8.8.jar 
java_command: org.gradle.launcher.daemon.bootstrap.GradleDaemon 8.8
java_class_path (initial): C:\Users\arun9\.gradle\wrapper\dists\gradle-8.8-all\6gdy1pgp427xkqcjbxw3ylt6h\gradle-8.8\lib\gradle-launcher-8.8.jar
Launcher Type: SUN_STANDARD

[Global flags]
     intx CICompilerCount                          = 4                                         {product} {ergonomic}
   size_t CompressedClassSpaceSize                 = 436207616                                 {product} {ergonomic}
     uint ConcGCThreads                            = 3                                         {product} {ergonomic}
     uint G1ConcRefinementThreads                  = 10                                        {product} {ergonomic}
   size_t G1HeapRegionSize                         = 1048576                                   {product} {ergonomic}
    uintx GCDrainStackTargetSize                   = 64                                        {product} {ergonomic}
   size_t InitialHeapSize                          = 125829120                                 {product} {ergonomic}
   size_t MarkStackSize                            = 4194304                                   {product} {ergonomic}
   size_t MaxHeapSize                              = 2147483648                                {product} {command line}
   size_t MaxMetaspaceSize                         = 536870912                                 {product} {command line}
   size_t MaxNewSize                               = 1287651328                                {product} {ergonomic}
   size_t MinHeapDeltaBytes                        = 1048576                                   {product} {ergonomic}
   size_t MinHeapSize                              = 8388608                                   {product} {ergonomic}
    uintx NonNMethodCodeHeapSize                   = 5839372                                {pd product} {ergonomic}
    uintx NonProfiledCodeHeapSize                  = 122909434                              {pd product} {ergonomic}
    uintx ProfiledCodeHeapSize                     = 122909434                              {pd product} {ergonomic}
    uintx ReservedCodeCacheSize                    = 251658240                              {pd product} {ergonomic}
     bool SegmentedCodeCache                       = true                                      {product} {ergonomic}
   size_t SoftMaxHeapSize                          = 2147483648                             {manageable} {ergonomic}
     bool UseCompressedClassPointers               = true                           {product lp64_product} {ergonomic}
     bool UseCompressedOops                        = true                           {product lp64_product} {ergonomic}
     bool UseG1GC                                  = true                                      {product} {ergonomic}
     bool UseLargePagesIndividualAllocation        = false                                  {pd product} {ergonomic}

Logging:
Log output configuration:
 #0: stdout all=warning uptime,level,tags
 #1: stderr all=off uptime,level,tags

Environment Variables:
JAVA_HOME=C:\Program Files\Microsoft\jdk-17.0.12.7-hotspot\
CLASSPATH=C:\Users\arun9\ReactProjects\MovieRecommnederApp\MovieApp\android\\gradle\wrapper\gradle-wrapper.jar
PATH=C:\Users\arun9\ReactProjects\MovieRecommnederApp\MovieApp\node_modules\.bin;C:\Users\arun9\ReactProjects\MovieRecommnederApp\MovieApp\node_modules\.bin;C:\Users\arun9\ReactProjects\MovieRecommnederApp\node_modules\.bin;C:\Users\arun9\ReactProjects\node_modules\.bin;C:\Users\arun9\node_modules\.bin;C:\Users\node_modules\.bin;C:\node_modules\.bin;C:\Users\arun9\AppData\Roaming\npm\node_modules\npm\node_modules\@npmcli\run-script\lib\node-gyp-bin;c:\Users\arun9\.vscode\extensions\ms-python.python-2025.4.0-win32-x64\python_files\deactivate\powershell;C:\Users\arun9\ReactProjects\MovieRecommnederApp\venv\Scripts;c:\Users\arun9\.vscode\extensions\ms-python.python-2025.4.0-win32-x64\python_files\deactivate\powershell;C:\Users\arun9\ReactProjects\MovieRecommnederApp\venv\Scripts;C:\Python313\Scripts\;C:\Python313\;C:\Program Files\Microsoft\jdk-17.0.12.7-hotspot\bin;C:\Users\arun9\AppData\Local\Programs\Python\Python312\Scripts\;C:\Users\arun9\AppData\Local\Programs\Python\Python312\;C:\Program Files (x86)\VMware\VMware Workstation\bin\;C:\Program Files\Common Files\Oracle\Java\javapath;C:\Windows\system32;C:\Windows;C:\Windows\System32\Wbem;C:\Windows\System32\WindowsPowerShell\v1.0\;C:\Windows\System32\OpenSSH\;C:\Program Files (x86)\NVIDIA Corporation\PhysX\Common;C:\Program Files\NVIDIA Corporation\NVIDIA NvDLISR;C:\Program Files\Java\jdk-20\bin;C:\Program Files\MySQL\MySQL Server 8.0\bin;C:\WINDOWS\system32;C:\WINDOWS;C:\WINDOWS\System32\Wbem;C:\WINDOWS\System32\WindowsPowerShell\v1.0\;C:\WINDOWS\System32\OpenSSH\;C:\Program Files (x86)\dotnet\;C:\Program Files\Git\cmd;C:\ProgramData\chocolatey\bin;C:\Users\arun9\AppData\Local\Android\Sdk;C:\Users\arun9\AppData\Local\Android\Sdk\platform-tools;C:\Users\arun9\anaconda3\Scripts;C:\Program Files\Redis;C:\Program Files\nodejs\;C:\Program Files\MySQL\MySQL Shell 8.0\bin\;C:\Users\arun9\AppData\Local\Microsoft\WindowsApps;C:\Users\arun9\AppData\Local\Programs\Microsoft VS Code\bin;C:\MinGW\bin;C:\Users\arun9\Downloads\flut
USERNAME=arun9
LANG=en_US.UTF-8
OS=Windows_NT
PROCESSOR_IDENTIFIER=AMD64 Family 23 Model 96 Stepping 1, AuthenticAMD
TMP=C:\Users\arun9\AppData\Local\Temp
TEMP=C:\Users\arun9\AppData\Local\Temp



Periodic native trim disabled


---------------  S Y S T E M  ---------------

OS:
 Windows 11 , 64 bit Build 22621 (10.0.22621.5262)
OS uptime: 2 days 2:43 hours

CPU: total 12 (initial active 12) (12 cores per cpu, 2 threads per core) family 23 model 96 stepping 1 microcode 0x0, cx8, cmov, fxsr, ht, mmx, 3dnowpref, sse, sse2, sse3, ssse3, sse4a, sse4.1, sse4.2, popcnt, lzcnt, tsc, tscinvbit, avx, avx2, aes, clmul, bmi1, bmi2, adx, sha, fma, vzeroupper, clflush, clflushopt
Processor Information for the first 12 processors :
  Max Mhz: 3001, Current Mhz: 3001, Mhz Limit: 3001

Memory: 4k page, system-wide physical 7598M (232M free)
TotalPageFile size 32105M (AvailPageFile size 154M)
current process WorkingSet (physical memory assigned to process): 881M, peak: 1047M
current process commit charge ("private bytes"): 1503M, peak: 1983M

vm_info: OpenJDK 64-Bit Server VM (17.0.12+7-LTS) for windows-amd64 JRE (17.0.12+7-LTS), built on Jul 16 2024 18:11:44 by "MicrosoftCorporation" with unknown MS VC++:1939

END.
