#
# There is insufficient memory for the Java Runtime Environment to continue.
# Native memory allocation (mmap) failed to map 479199232 bytes. Error detail: G1 virtual space
# Possible reasons:
#   The system is out of physical RAM or swap space
#   This process is running with CompressedOops enabled, and the Java Heap may be blocking the growth of the native heap
# Possible solutions:
#   Reduce memory load on the system
#   Increase physical memory or swap space
#   Check if swap backing store is full
#   Decrease Java heap size (-Xmx/-Xms)
#   Decrease number of Java threads
#   Decrease Java thread stack sizes (-Xss)
#   Set larger code cache with -XX:ReservedCodeCacheSize=
#   JVM is running with Unscaled Compressed Oops mode in which the Java heap is
#     placed in the first 4GB address space. The Java Heap base address is the
#     maximum limit for the native heap growth. Please use -XX:HeapBaseMinAddress
#     to set the Java Heap base and to place the Java Heap above 4GB virtual address.
# This output file may be truncated or incomplete.
#
#  Out of Memory Error (os_windows.cpp:3678), pid=2116, tid=26528
#
# JRE version: OpenJDK Runtime Environment Microsoft-9889599 (17.0.12+7) (build 17.0.12+7-LTS)
# Java VM: OpenJDK 64-Bit Server VM Microsoft-9889599 (17.0.12+7-LTS, mixed mode, sharing, tiered, compressed oops, compressed class ptrs, g1 gc, windows-amd64)
# No core dump will be written. Minidumps are not enabled by default on client versions of Windows
#

---------------  S U M M A R Y ------------

Command Line: -XX:MaxMetaspaceSize=512m --add-opens=java.base/java.util=ALL-UNNAMED --add-opens=java.base/java.lang=ALL-UNNAMED --add-opens=java.base/java.lang.invoke=ALL-UNNAMED --add-opens=java.prefs/java.util.prefs=ALL-UNNAMED --add-opens=java.base/java.nio.charset=ALL-UNNAMED --add-opens=java.base/java.net=ALL-UNNAMED --add-opens=java.base/java.util.concurrent.atomic=ALL-UNNAMED -Xmx2048m -Dfile.encoding=windows-1252 -Duser.country=US -Duser.language=en -Duser.variant -javaagent:C:\Users\arun9\.gradle\wrapper\dists\gradle-8.8-all\6gdy1pgp427xkqcjbxw3ylt6h\gradle-8.8\lib\agents\gradle-instrumentation-agent-8.8.jar org.gradle.launcher.daemon.bootstrap.GradleDaemon 8.8

Host: AMD Ryzen 5 4600H with Radeon Graphics         , 12 cores, 7G,  Windows 11 , 64 bit Build 22621 (10.0.22621.5262)
Time: Wed Jul  9 18:58:55 2025 India Standard Time elapsed time: 128.724094 seconds (0d 0h 2m 8s)

---------------  T H R E A D  ---------------

Current thread (0x00000183caa135f0):  VMThread "VM Thread" [stack: 0x000000454fc00000,0x000000454fd00000] [id=26528]

Stack: [0x000000454fc00000,0x000000454fd00000]
Native frames: (J=compiled Java code, j=interpreted, Vv=VM code, C=native code)
V  [jvm.dll+0x686d99]
V  [jvm.dll+0x83daf8]
V  [jvm.dll+0x83f5a3]
V  [jvm.dll+0x83fc13]
V  [jvm.dll+0x2492ef]
V  [jvm.dll+0x683dd9]
V  [jvm.dll+0x6782fa]
V  [jvm.dll+0x30a797]
V  [jvm.dll+0x311d06]
V  [jvm.dll+0x36252e]
V  [jvm.dll+0x36276d]
V  [jvm.dll+0x2e1a9c]
V  [jvm.dll+0x2dfe49]
V  [jvm.dll+0x2df5ac]
V  [jvm.dll+0x3220ab]
V  [jvm.dll+0x84444d]
V  [jvm.dll+0x845183]
V  [jvm.dll+0x8456af]
V  [jvm.dll+0x845a94]
V  [jvm.dll+0x845b5e]
V  [jvm.dll+0x7ed87c]
V  [jvm.dll+0x685c77]
C  [ucrtbase.dll+0x29333]
C  [KERNEL32.DLL+0x1259d]
C  [ntdll.dll+0x5af58]

VM_Operation (0x000000455b8fa010): G1CollectForAllocation, mode: safepoint, requested by thread 0x00000183ee332790


---------------  P R O C E S S  ---------------

Threads class SMR info:
_java_thread_list=0x00000183f6110b00, length=197, elements={
0x00000183ac179dc0, 0x00000183caa164b0, 0x00000183caa17850, 0x00000183caa2f0f0,
0x00000183caa2f9c0, 0x00000183caa326c0, 0x00000183caa333b0, 0x00000183caa33fb0,
0x00000183caa405e0, 0x00000183caa42f00, 0x00000183cab45b60, 0x00000183cac5c1f0,
0x00000183eb06a6e0, 0x00000183eb4e2eb0, 0x00000183eb92f1f0, 0x00000183eb928290,
0x00000183eb931830, 0x00000183eb958c10, 0x00000183eb95aa70, 0x00000183eb959120,
0x00000183eb9572c0, 0x00000183eb958700, 0x00000183eb95a050, 0x00000183eb959630,
0x00000183eb959b40, 0x00000183eb95a560, 0x00000183eb957ce0, 0x00000183eb9581f0,
0x00000183ec5534d0, 0x00000183ec553ef0, 0x00000183ec5525a0, 0x00000183ec556c80,
0x00000183ec554910, 0x00000183ec556260, 0x00000183ec557190, 0x00000183ec550230,
0x00000183ec5539e0, 0x00000183ec552ab0, 0x00000183ec551670, 0x00000183ec552fc0,
0x00000183ec554e20, 0x00000183ec5576a0, 0x00000183ec555840, 0x00000183ec556770,
0x00000183ec555330, 0x00000183ec557bb0, 0x00000183ec550740, 0x00000183ec550c50,
0x00000183ec551b80, 0x00000183ec551160, 0x00000183ed3affd0, 0x00000183ed3ab8f0,
0x00000183ed3acd30, 0x00000183ed3b04e0, 0x00000183ed3ab3e0, 0x00000183ed3afac0,
0x00000183ed3adc60, 0x00000183ed3abe00, 0x00000183ed3b09f0, 0x00000183ed3af5b0,
0x00000183ed3ac820, 0x00000183ed3b0f00, 0x00000183ed3b1410, 0x00000183ed3ad240,
0x00000183ed3ae170, 0x00000183ed3aa4b0, 0x00000183ed3ac310, 0x00000183ed3ad750,
0x00000183ed3ae680, 0x00000183ed3aeb90, 0x00000183ed3af0a0, 0x00000183ed3a9fa0,
0x00000183ed3b1920, 0x00000183ed3aa9c0, 0x00000183ed3aaed0, 0x00000183eadd67b0,
0x00000183eadd6cc0, 0x00000183eadd5d90, 0x00000183eadd8b20, 0x00000183eadd71d0,
0x00000183eadd8610, 0x00000183eadd62a0, 0x00000183eadd76e0, 0x00000183eadd5370,
0x00000183eadd7bf0, 0x00000183eadd8100, 0x00000183edf62c50, 0x00000183edf61300,
0x00000183edf63160, 0x00000183edf63670, 0x00000183edf64ab0, 0x00000183edf645a0,
0x00000183edf659e0, 0x00000183edf64fc0, 0x00000183edf62740, 0x00000183edf5f9b0,
0x00000183edf61810, 0x00000183edf60df0, 0x00000183edf61d20, 0x00000183edf64090,
0x00000183edf63b80, 0x00000183edf5ea80, 0x00000183edf5fec0, 0x00000183edf654d0,
0x00000183edf62230, 0x00000183edf5f4a0, 0x00000183edf5e570, 0x00000183edf65ef0,
0x00000183ec604b10, 0x00000183ec608ce0, 0x00000183ec605020, 0x00000183ec6091f0,
0x00000183ec6087d0, 0x00000183ec6036d0, 0x00000183ec604600, 0x00000183ec605530,
0x00000183ec609700, 0x00000183ec609c10, 0x00000183ec606460, 0x00000183ec60a120,
0x00000183ec607390, 0x00000183ec602cb0, 0x00000183ec60a630, 0x00000183ec606e80,
0x00000183ec6031c0, 0x00000183ec605a40, 0x00000183ec6082c0, 0x00000183ec6078a0,
0x00000183ec603be0, 0x00000183ec605f50, 0x00000183ec606970, 0x00000183ec607db0,
0x00000183ec6040f0, 0x00000183eeb231f0, 0x00000183eeb24120, 0x00000183eeb25560,
0x00000183eeb23700, 0x00000183eeb1fa40, 0x00000183eeb22ce0, 0x00000183eeb227d0,
0x00000183eeb23c10, 0x00000183eeb24630, 0x00000183eeb1ff50, 0x00000183eeb25050,
0x00000183eeb24b40, 0x00000183eeb25a70, 0x00000183eeb25f80, 0x00000183eeb26490,
0x00000183eeb222c0, 0x00000183eeb269a0, 0x00000183eeb20e80, 0x00000183eeb20460,
0x00000183eeb21db0, 0x00000183eeb1f530, 0x00000183eeb26eb0, 0x00000183eeb20970,
0x00000183eeb21390, 0x00000183eeb218a0, 0x00000183ee32fa00, 0x00000183ee32dba0,
0x00000183ee32ff10, 0x00000183ee32ead0, 0x00000183ee32f4f0, 0x00000183ee331350,
0x00000183ee331d70, 0x00000183ee334b00, 0x00000183ee3331b0, 0x00000183ee3336c0,
0x00000183ee32d690, 0x00000183ee330420, 0x00000183ee32efe0, 0x00000183ee332280,
0x00000183ee330930, 0x00000183ee332790, 0x00000183ee330e40, 0x00000183ee331860,
0x00000183ee335010, 0x00000183ee332ca0, 0x00000183ee333bd0, 0x00000183ee3340e0,
0x00000183ee3345f0, 0x00000183ee32e0b0, 0x00000183ee32e5c0, 0x00000183ec070fa0,
0x00000183ec06c3b0, 0x00000183ec06e720, 0x00000183ec06f650, 0x00000183ec06b480,
0x00000183ec06d7f0, 0x00000183ec06af70, 0x00000183ec06a040, 0x00000183ec06dd00,
0x00000183ec0719c0, 0x00000183ec06ec30, 0x00000183ec070a90, 0x00000183ec06a550,
0x00000183f5a414c0
}

Java Threads: ( => current thread )
  0x00000183ac179dc0 JavaThread "main" [_thread_blocked, id=26288, stack(0x000000454f600000,0x000000454f700000)]
  0x00000183caa164b0 JavaThread "Reference Handler" daemon [_thread_blocked, id=23356, stack(0x000000454fd00000,0x000000454fe00000)]
  0x00000183caa17850 JavaThread "Finalizer" daemon [_thread_blocked, id=26028, stack(0x000000454fe00000,0x000000454ff00000)]
  0x00000183caa2f0f0 JavaThread "Signal Dispatcher" daemon [_thread_blocked, id=20676, stack(0x000000454ff00000,0x0000004550000000)]
  0x00000183caa2f9c0 JavaThread "Attach Listener" daemon [_thread_blocked, id=14804, stack(0x0000004550000000,0x0000004550100000)]
  0x00000183caa326c0 JavaThread "Service Thread" daemon [_thread_blocked, id=9268, stack(0x0000004550100000,0x0000004550200000)]
  0x00000183caa333b0 JavaThread "Monitor Deflation Thread" daemon [_thread_blocked, id=736, stack(0x0000004550200000,0x0000004550300000)]
  0x00000183caa33fb0 JavaThread "C2 CompilerThread0" daemon [_thread_blocked, id=20592, stack(0x0000004550300000,0x0000004550400000)]
  0x00000183caa405e0 JavaThread "C1 CompilerThread0" daemon [_thread_blocked, id=20268, stack(0x0000004550400000,0x0000004550500000)]
  0x00000183caa42f00 JavaThread "Sweeper thread" daemon [_thread_blocked, id=16528, stack(0x0000004550500000,0x0000004550600000)]
  0x00000183cab45b60 JavaThread "Common-Cleaner" daemon [_thread_blocked, id=23832, stack(0x0000004550600000,0x0000004550700000)]
  0x00000183cac5c1f0 JavaThread "Notification Thread" daemon [_thread_blocked, id=21248, stack(0x0000004550700000,0x0000004550800000)]
  0x00000183eb06a6e0 JavaThread "Daemon health stats" [_thread_blocked, id=11632, stack(0x0000004550d00000,0x0000004550e00000)]
  0x00000183eb4e2eb0 JavaThread "Incoming local TCP Connector on port 54556" [_thread_in_native, id=22108, stack(0x0000004550e00000,0x0000004550f00000)]
  0x00000183eb92f1f0 JavaThread "Daemon periodic checks" [_thread_blocked, id=22984, stack(0x0000004550f00000,0x0000004551000000)]
  0x00000183eb928290 JavaThread "Daemon" [_thread_blocked, id=14204, stack(0x0000004551000000,0x0000004551100000)]
  0x00000183eb931830 JavaThread "Handler for socket connection from /127.0.0.1:54556 to /127.0.0.1:54558" [_thread_in_native, id=2532, stack(0x0000004551100000,0x0000004551200000)]
  0x00000183eb958c10 JavaThread "Cancel handler" [_thread_blocked, id=12096, stack(0x0000004551200000,0x0000004551300000)]
  0x00000183eb95aa70 JavaThread "Daemon worker" [_thread_blocked, id=25584, stack(0x0000004551300000,0x0000004551400000)]
  0x00000183eb959120 JavaThread "Asynchronous log dispatcher for DefaultDaemonConnection: socket connection from /127.0.0.1:54556 to /127.0.0.1:54558" [_thread_blocked, id=23648, stack(0x0000004551400000,0x0000004551500000)]
  0x00000183eb9572c0 JavaThread "Stdin handler" [_thread_blocked, id=23172, stack(0x0000004551500000,0x0000004551600000)]
  0x00000183eb958700 JavaThread "Daemon client event forwarder" [_thread_blocked, id=25896, stack(0x0000004551600000,0x0000004551700000)]
  0x00000183eb95a050 JavaThread "Cache worker for journal cache (C:\Users\arun9\.gradle\caches\journal-1)" [_thread_blocked, id=4892, stack(0x0000004551c00000,0x0000004551d00000)]
  0x00000183eb959630 JavaThread "File lock request listener" [_thread_in_native, id=19616, stack(0x0000004551d00000,0x0000004551e00000)]
  0x00000183eb959b40 JavaThread "Cache worker for file hash cache (C:\Users\arun9\.gradle\caches\8.8\fileHashes)" [_thread_blocked, id=20128, stack(0x0000004551e00000,0x0000004551f00000)]
  0x00000183eb95a560 JavaThread "Cache worker for file hash cache (C:\Users\arun9\ReactProjects\MovieRecommnederApp\MovieApp\android\.gradle\8.8\fileHashes)" [_thread_blocked, id=6152, stack(0x0000004551f00000,0x0000004552000000)]
  0x00000183eb957ce0 JavaThread "File watcher server" daemon [_thread_blocked, id=26100, stack(0x0000004552000000,0x0000004552100000)]
  0x00000183eb9581f0 JavaThread "File watcher consumer" daemon [_thread_blocked, id=20012, stack(0x0000004552100000,0x0000004552200000)]
  0x00000183ec5534d0 JavaThread "Cache worker for checksums cache (C:\Users\arun9\ReactProjects\MovieRecommnederApp\MovieApp\android\.gradle\8.8\checksums)" [_thread_blocked, id=1968, stack(0x0000004552400000,0x0000004552500000)]
  0x00000183ec553ef0 JavaThread "Cache worker for file content cache (C:\Users\arun9\.gradle\caches\8.8\fileContent)" [_thread_blocked, id=22732, stack(0x0000004552500000,0x0000004552600000)]
  0x00000183ec5525a0 JavaThread "Cache worker for cache directory md-rule (C:\Users\arun9\.gradle\caches\8.8\md-rule)" [_thread_blocked, id=25716, stack(0x0000004552600000,0x0000004552700000)]
  0x00000183ec556c80 JavaThread "Cache worker for cache directory md-supplier (C:\Users\arun9\.gradle\caches\8.8\md-supplier)" [_thread_blocked, id=22492, stack(0x0000004552700000,0x0000004552800000)]
  0x00000183ec554910 JavaThread "jar transforms" [_thread_blocked, id=26592, stack(0x0000004552800000,0x0000004552900000)]
  0x00000183ec556260 JavaThread "Unconstrained build operations" [_thread_blocked, id=22600, stack(0x0000004552900000,0x0000004552a00000)]
  0x00000183ec557190 JavaThread "Unconstrained build operations Thread 2" [_thread_blocked, id=24496, stack(0x0000004552a00000,0x0000004552b00000)]
  0x00000183ec550230 JavaThread "Unconstrained build operations Thread 3" [_thread_blocked, id=23092, stack(0x0000004552b00000,0x0000004552c00000)]
  0x00000183ec5539e0 JavaThread "Unconstrained build operations Thread 4" [_thread_blocked, id=17516, stack(0x0000004552c00000,0x0000004552d00000)]
  0x00000183ec552ab0 JavaThread "Unconstrained build operations Thread 5" [_thread_blocked, id=22724, stack(0x0000004552d00000,0x0000004552e00000)]
  0x00000183ec551670 JavaThread "Unconstrained build operations Thread 6" [_thread_blocked, id=22512, stack(0x0000004552e00000,0x0000004552f00000)]
  0x00000183ec552fc0 JavaThread "Cache worker for Build Output Cleanup Cache (C:\Users\arun9\ReactProjects\MovieRecommnederApp\MovieApp\node_modules\@react-native\gradle-plugin\.gradle\buildOutputCleanup)" [_thread_blocked, id=26540, stack(0x0000004552f00000,0x0000004553000000)]
  0x00000183ec554e20 JavaThread "Unconstrained build operations Thread 7" [_thread_blocked, id=12144, stack(0x0000004553000000,0x0000004553100000)]
  0x00000183ec5576a0 JavaThread "Unconstrained build operations Thread 8" [_thread_blocked, id=1152, stack(0x0000004553100000,0x0000004553200000)]
  0x00000183ec555840 JavaThread "Unconstrained build operations Thread 9" [_thread_blocked, id=20004, stack(0x0000004553200000,0x0000004553300000)]
  0x00000183ec556770 JavaThread "Unconstrained build operations Thread 10" [_thread_blocked, id=14232, stack(0x0000004553300000,0x0000004553400000)]
  0x00000183ec555330 JavaThread "Unconstrained build operations Thread 11" [_thread_blocked, id=20472, stack(0x0000004553400000,0x0000004553500000)]
  0x00000183ec557bb0 JavaThread "Unconstrained build operations Thread 12" [_thread_blocked, id=15204, stack(0x0000004553500000,0x0000004553600000)]
  0x00000183ec550740 JavaThread "Unconstrained build operations Thread 13" [_thread_blocked, id=23688, stack(0x0000004553600000,0x0000004553700000)]
  0x00000183ec550c50 JavaThread "Unconstrained build operations Thread 14" [_thread_blocked, id=16576, stack(0x0000004553700000,0x0000004553800000)]
  0x00000183ec551b80 JavaThread "Unconstrained build operations Thread 15" [_thread_blocked, id=23264, stack(0x0000004553800000,0x0000004553900000)]
  0x00000183ec551160 JavaThread "Unconstrained build operations Thread 16" [_thread_blocked, id=22672, stack(0x0000004553900000,0x0000004553a00000)]
  0x00000183ed3affd0 JavaThread "Unconstrained build operations Thread 17" [_thread_blocked, id=24912, stack(0x0000004553a00000,0x0000004553b00000)]
  0x00000183ed3ab8f0 JavaThread "Unconstrained build operations Thread 18" [_thread_blocked, id=23876, stack(0x0000004553b00000,0x0000004553c00000)]
  0x00000183ed3acd30 JavaThread "Unconstrained build operations Thread 19" [_thread_blocked, id=22276, stack(0x0000004553c00000,0x0000004553d00000)]
  0x00000183ed3b04e0 JavaThread "Unconstrained build operations Thread 20" [_thread_blocked, id=26176, stack(0x0000004553d00000,0x0000004553e00000)]
  0x00000183ed3ab3e0 JavaThread "Unconstrained build operations Thread 21" [_thread_blocked, id=26048, stack(0x0000004553e00000,0x0000004553f00000)]
  0x00000183ed3afac0 JavaThread "Unconstrained build operations Thread 22" [_thread_blocked, id=16792, stack(0x0000004553f00000,0x0000004554000000)]
  0x00000183ed3adc60 JavaThread "Unconstrained build operations Thread 23" [_thread_blocked, id=19256, stack(0x0000004554000000,0x0000004554100000)]
  0x00000183ed3abe00 JavaThread "Unconstrained build operations Thread 24" [_thread_blocked, id=23676, stack(0x0000004554100000,0x0000004554200000)]
  0x00000183ed3b09f0 JavaThread "Unconstrained build operations Thread 25" [_thread_blocked, id=20796, stack(0x0000004554200000,0x0000004554300000)]
  0x00000183ed3af5b0 JavaThread "Unconstrained build operations Thread 26" [_thread_blocked, id=22280, stack(0x0000004554300000,0x0000004554400000)]
  0x00000183ed3ac820 JavaThread "Unconstrained build operations Thread 27" [_thread_blocked, id=19016, stack(0x0000004554400000,0x0000004554500000)]
  0x00000183ed3b0f00 JavaThread "Unconstrained build operations Thread 28" [_thread_blocked, id=22944, stack(0x0000004554500000,0x0000004554600000)]
  0x00000183ed3b1410 JavaThread "Unconstrained build operations Thread 29" [_thread_blocked, id=5016, stack(0x0000004554600000,0x0000004554700000)]
  0x00000183ed3ad240 JavaThread "Unconstrained build operations Thread 30" [_thread_blocked, id=26220, stack(0x0000004554700000,0x0000004554800000)]
  0x00000183ed3ae170 JavaThread "Unconstrained build operations Thread 31" [_thread_blocked, id=23768, stack(0x0000004554800000,0x0000004554900000)]
  0x00000183ed3aa4b0 JavaThread "Unconstrained build operations Thread 32" [_thread_blocked, id=20336, stack(0x0000004554900000,0x0000004554a00000)]
  0x00000183ed3ac310 JavaThread "Unconstrained build operations Thread 33" [_thread_blocked, id=6692, stack(0x0000004554a00000,0x0000004554b00000)]
  0x00000183ed3ad750 JavaThread "Unconstrained build operations Thread 34" [_thread_blocked, id=21552, stack(0x0000004554b00000,0x0000004554c00000)]
  0x00000183ed3ae680 JavaThread "Unconstrained build operations Thread 35" [_thread_blocked, id=7748, stack(0x0000004554c00000,0x0000004554d00000)]
  0x00000183ed3aeb90 JavaThread "Unconstrained build operations Thread 36" [_thread_blocked, id=26376, stack(0x0000004554d00000,0x0000004554e00000)]
  0x00000183ed3af0a0 JavaThread "Unconstrained build operations Thread 37" [_thread_blocked, id=4700, stack(0x0000004554e00000,0x0000004554f00000)]
  0x00000183ed3a9fa0 JavaThread "Unconstrained build operations Thread 38" [_thread_blocked, id=23908, stack(0x0000004554f00000,0x0000004555000000)]
  0x00000183ed3b1920 JavaThread "Unconstrained build operations Thread 39" [_thread_blocked, id=6756, stack(0x0000004555000000,0x0000004555100000)]
  0x00000183ed3aa9c0 JavaThread "Memory manager" [_thread_blocked, id=24808, stack(0x0000004555100000,0x0000004555200000)]
  0x00000183ed3aaed0 JavaThread "build event listener" [_thread_blocked, id=20308, stack(0x0000004555200000,0x0000004555300000)]
  0x00000183eadd67b0 JavaThread "ForkJoinPool.commonPool-worker-1" daemon [_thread_blocked, id=25808, stack(0x0000004555300000,0x0000004555400000)]
  0x00000183eadd6cc0 JavaThread "ForkJoinPool.commonPool-worker-2" daemon [_thread_blocked, id=13148, stack(0x0000004555400000,0x0000004555500000)]
  0x00000183eadd5d90 JavaThread "ForkJoinPool.commonPool-worker-3" daemon [_thread_blocked, id=6408, stack(0x0000004555500000,0x0000004555600000)]
  0x00000183eadd8b20 JavaThread "ForkJoinPool.commonPool-worker-4" daemon [_thread_blocked, id=24296, stack(0x0000004555600000,0x0000004555700000)]
  0x00000183eadd71d0 JavaThread "ForkJoinPool.commonPool-worker-5" daemon [_thread_blocked, id=292, stack(0x0000004555700000,0x0000004555800000)]
  0x00000183eadd8610 JavaThread "ForkJoinPool.commonPool-worker-6" daemon [_thread_blocked, id=1864, stack(0x0000004555800000,0x0000004555900000)]
  0x00000183eadd62a0 JavaThread "ForkJoinPool.commonPool-worker-7" daemon [_thread_blocked, id=26536, stack(0x0000004555900000,0x0000004555a00000)]
  0x00000183eadd76e0 JavaThread "ForkJoinPool.commonPool-worker-8" daemon [_thread_blocked, id=5276, stack(0x0000004555a00000,0x0000004555b00000)]
  0x00000183eadd5370 JavaThread "ForkJoinPool.commonPool-worker-9" daemon [_thread_blocked, id=25876, stack(0x0000004555b00000,0x0000004555c00000)]
  0x00000183eadd7bf0 JavaThread "ForkJoinPool.commonPool-worker-10" daemon [_thread_blocked, id=26504, stack(0x0000004555c00000,0x0000004555d00000)]
  0x00000183eadd8100 JavaThread "ForkJoinPool.commonPool-worker-11" daemon [_thread_blocked, id=9684, stack(0x0000004555d00000,0x0000004555e00000)]
  0x00000183edf62c50 JavaThread "included builds" [_thread_blocked, id=18388, stack(0x0000004556100000,0x0000004556200000)]
  0x00000183edf61300 JavaThread "Execution worker" [_thread_blocked, id=26380, stack(0x0000004556200000,0x0000004556300000)]
  0x00000183edf63160 JavaThread "Execution worker Thread 2" [_thread_blocked, id=12508, stack(0x0000004556300000,0x0000004556400000)]
  0x00000183edf63670 JavaThread "Execution worker Thread 3" [_thread_blocked, id=6856, stack(0x0000004556400000,0x0000004556500000)]
  0x00000183edf64ab0 JavaThread "Execution worker Thread 4" [_thread_blocked, id=23100, stack(0x0000004556500000,0x0000004556600000)]
  0x00000183edf645a0 JavaThread "Execution worker Thread 5" [_thread_blocked, id=25256, stack(0x0000004556600000,0x0000004556700000)]
  0x00000183edf659e0 JavaThread "Execution worker Thread 6" [_thread_blocked, id=2008, stack(0x0000004556700000,0x0000004556800000)]
  0x00000183edf64fc0 JavaThread "Execution worker Thread 7" [_thread_blocked, id=26588, stack(0x0000004556800000,0x0000004556900000)]
  0x00000183edf62740 JavaThread "Execution worker Thread 8" [_thread_blocked, id=6220, stack(0x0000004556900000,0x0000004556a00000)]
  0x00000183edf5f9b0 JavaThread "Execution worker Thread 9" [_thread_blocked, id=19780, stack(0x0000004556a00000,0x0000004556b00000)]
  0x00000183edf61810 JavaThread "Execution worker Thread 10" [_thread_blocked, id=20764, stack(0x0000004556b00000,0x0000004556c00000)]
  0x00000183edf60df0 JavaThread "Execution worker Thread 11" [_thread_blocked, id=11968, stack(0x0000004556c00000,0x0000004556d00000)]
  0x00000183edf61d20 JavaThread "Cache worker for execution history cache (C:\Users\arun9\ReactProjects\MovieRecommnederApp\MovieApp\node_modules\@react-native\gradle-plugin\.gradle\8.8\executionHistory)" [_thread_blocked, id=5340, stack(0x0000004556d00000,0x0000004556e00000)]
  0x00000183edf64090 JavaThread "Unconstrained build operations Thread 40" [_thread_blocked, id=14048, stack(0x0000004556e00000,0x0000004556f00000)]
  0x00000183edf63b80 JavaThread "Unconstrained build operations Thread 41" [_thread_blocked, id=25304, stack(0x0000004556f00000,0x0000004557000000)]
  0x00000183edf5ea80 JavaThread "Unconstrained build operations Thread 42" [_thread_blocked, id=23164, stack(0x0000004557000000,0x0000004557100000)]
  0x00000183edf5fec0 JavaThread "Unconstrained build operations Thread 43" [_thread_blocked, id=2676, stack(0x0000004557100000,0x0000004557200000)]
  0x00000183edf654d0 JavaThread "Unconstrained build operations Thread 44" [_thread_blocked, id=19156, stack(0x0000004557200000,0x0000004557300000)]
  0x00000183edf62230 JavaThread "Unconstrained build operations Thread 45" [_thread_blocked, id=13744, stack(0x0000004557300000,0x0000004557400000)]
  0x00000183edf5f4a0 JavaThread "Unconstrained build operations Thread 46" [_thread_blocked, id=3320, stack(0x0000004557400000,0x0000004557500000)]
  0x00000183edf5e570 JavaThread "Unconstrained build operations Thread 47" [_thread_blocked, id=21612, stack(0x0000004557500000,0x0000004557600000)]
  0x00000183edf65ef0 JavaThread "Unconstrained build operations Thread 48" [_thread_blocked, id=13328, stack(0x0000004557600000,0x0000004557700000)]
  0x00000183ec604b10 JavaThread "Unconstrained build operations Thread 49" [_thread_blocked, id=19904, stack(0x0000004557700000,0x0000004557800000)]
  0x00000183ec608ce0 JavaThread "Unconstrained build operations Thread 50" [_thread_blocked, id=14192, stack(0x0000004557800000,0x0000004557900000)]
  0x00000183ec605020 JavaThread "Unconstrained build operations Thread 51" [_thread_blocked, id=2444, stack(0x0000004557900000,0x0000004557a00000)]
  0x00000183ec6091f0 JavaThread "Unconstrained build operations Thread 52" [_thread_blocked, id=22412, stack(0x0000004557a00000,0x0000004557b00000)]
  0x00000183ec6087d0 JavaThread "Unconstrained build operations Thread 53" [_thread_blocked, id=20132, stack(0x0000004557b00000,0x0000004557c00000)]
  0x00000183ec6036d0 JavaThread "Unconstrained build operations Thread 54" [_thread_blocked, id=9464, stack(0x0000004557c00000,0x0000004557d00000)]
  0x00000183ec604600 JavaThread "Unconstrained build operations Thread 55" [_thread_blocked, id=3340, stack(0x0000004557d00000,0x0000004557e00000)]
  0x00000183ec605530 JavaThread "Unconstrained build operations Thread 56" [_thread_blocked, id=17832, stack(0x0000004557e00000,0x0000004557f00000)]
  0x00000183ec609700 JavaThread "Unconstrained build operations Thread 57" [_thread_blocked, id=22620, stack(0x0000004557f00000,0x0000004558000000)]
  0x00000183ec609c10 JavaThread "Unconstrained build operations Thread 58" [_thread_blocked, id=11140, stack(0x0000004558000000,0x0000004558100000)]
  0x00000183ec606460 JavaThread "Unconstrained build operations Thread 59" [_thread_blocked, id=7720, stack(0x0000004558100000,0x0000004558200000)]
  0x00000183ec60a120 JavaThread "Unconstrained build operations Thread 60" [_thread_blocked, id=13216, stack(0x0000004558200000,0x0000004558300000)]
  0x00000183ec607390 JavaThread "Unconstrained build operations Thread 61" [_thread_blocked, id=188, stack(0x0000004558300000,0x0000004558400000)]
  0x00000183ec602cb0 JavaThread "Unconstrained build operations Thread 62" [_thread_blocked, id=7868, stack(0x0000004558400000,0x0000004558500000)]
  0x00000183ec60a630 JavaThread "Unconstrained build operations Thread 63" [_thread_blocked, id=10880, stack(0x0000004558500000,0x0000004558600000)]
  0x00000183ec606e80 JavaThread "Unconstrained build operations Thread 64" [_thread_blocked, id=1900, stack(0x0000004558600000,0x0000004558700000)]
  0x00000183ec6031c0 JavaThread "Unconstrained build operations Thread 65" [_thread_blocked, id=22120, stack(0x0000004558700000,0x0000004558800000)]
  0x00000183ec605a40 JavaThread "Unconstrained build operations Thread 66" [_thread_blocked, id=21140, stack(0x0000004558800000,0x0000004558900000)]
  0x00000183ec6082c0 JavaThread "Unconstrained build operations Thread 67" [_thread_blocked, id=7388, stack(0x0000004558900000,0x0000004558a00000)]
  0x00000183ec6078a0 JavaThread "Unconstrained build operations Thread 68" [_thread_blocked, id=21668, stack(0x0000004558a00000,0x0000004558b00000)]
  0x00000183ec603be0 JavaThread "Unconstrained build operations Thread 69" [_thread_blocked, id=22092, stack(0x0000004558b00000,0x0000004558c00000)]
  0x00000183ec605f50 JavaThread "Unconstrained build operations Thread 70" [_thread_blocked, id=20408, stack(0x0000004558c00000,0x0000004558d00000)]
  0x00000183ec606970 JavaThread "Unconstrained build operations Thread 71" [_thread_blocked, id=17512, stack(0x0000004558d00000,0x0000004558e00000)]
  0x00000183ec607db0 JavaThread "Unconstrained build operations Thread 72" [_thread_blocked, id=24820, stack(0x0000004558e00000,0x0000004558f00000)]
  0x00000183ec6040f0 JavaThread "Unconstrained build operations Thread 73" [_thread_blocked, id=20044, stack(0x0000004558f00000,0x0000004559000000)]
  0x00000183eeb231f0 JavaThread "Unconstrained build operations Thread 74" [_thread_blocked, id=5128, stack(0x0000004559000000,0x0000004559100000)]
  0x00000183eeb24120 JavaThread "Unconstrained build operations Thread 75" [_thread_blocked, id=20608, stack(0x0000004559100000,0x0000004559200000)]
  0x00000183eeb25560 JavaThread "Unconstrained build operations Thread 76" [_thread_blocked, id=20948, stack(0x0000004559200000,0x0000004559300000)]
  0x00000183eeb23700 JavaThread "Unconstrained build operations Thread 77" [_thread_blocked, id=7280, stack(0x0000004559300000,0x0000004559400000)]
  0x00000183eeb1fa40 JavaThread "Unconstrained build operations Thread 78" [_thread_blocked, id=21688, stack(0x0000004559400000,0x0000004559500000)]
  0x00000183eeb22ce0 JavaThread "Unconstrained build operations Thread 79" [_thread_blocked, id=25920, stack(0x0000004559500000,0x0000004559600000)]
  0x00000183eeb227d0 JavaThread "Unconstrained build operations Thread 80" [_thread_blocked, id=10456, stack(0x0000004559600000,0x0000004559700000)]
  0x00000183eeb23c10 JavaThread "Unconstrained build operations Thread 81" [_thread_blocked, id=10492, stack(0x0000004559700000,0x0000004559800000)]
  0x00000183eeb24630 JavaThread "Unconstrained build operations Thread 82" [_thread_blocked, id=25220, stack(0x0000004559800000,0x0000004559900000)]
  0x00000183eeb1ff50 JavaThread "Unconstrained build operations Thread 83" [_thread_blocked, id=12344, stack(0x0000004559900000,0x0000004559a00000)]
  0x00000183eeb25050 JavaThread "Unconstrained build operations Thread 84" [_thread_blocked, id=23668, stack(0x0000004559a00000,0x0000004559b00000)]
  0x00000183eeb24b40 JavaThread "Unconstrained build operations Thread 85" [_thread_blocked, id=5076, stack(0x0000004559b00000,0x0000004559c00000)]
  0x00000183eeb25a70 JavaThread "Unconstrained build operations Thread 86" [_thread_blocked, id=22704, stack(0x0000004559c00000,0x0000004559d00000)]
  0x00000183eeb25f80 JavaThread "Unconstrained build operations Thread 87" [_thread_blocked, id=9868, stack(0x0000004559d00000,0x0000004559e00000)]
  0x00000183eeb26490 JavaThread "Unconstrained build operations Thread 88" [_thread_blocked, id=14560, stack(0x0000004559e00000,0x0000004559f00000)]
  0x00000183eeb222c0 JavaThread "Unconstrained build operations Thread 89" [_thread_blocked, id=20804, stack(0x0000004559f00000,0x000000455a000000)]
  0x00000183eeb269a0 JavaThread "Unconstrained build operations Thread 90" [_thread_blocked, id=22100, stack(0x000000455a000000,0x000000455a100000)]
  0x00000183eeb20e80 JavaThread "Unconstrained build operations Thread 91" [_thread_blocked, id=9628, stack(0x000000455a100000,0x000000455a200000)]
  0x00000183eeb20460 JavaThread "Unconstrained build operations Thread 92" [_thread_blocked, id=1936, stack(0x000000455a200000,0x000000455a300000)]
  0x00000183eeb21db0 JavaThread "Unconstrained build operations Thread 93" [_thread_blocked, id=6300, stack(0x000000455a300000,0x000000455a400000)]
  0x00000183eeb1f530 JavaThread "Unconstrained build operations Thread 94" [_thread_blocked, id=21160, stack(0x000000455a400000,0x000000455a500000)]
  0x00000183eeb26eb0 JavaThread "Unconstrained build operations Thread 95" [_thread_blocked, id=21580, stack(0x000000455a500000,0x000000455a600000)]
  0x00000183eeb20970 JavaThread "Unconstrained build operations Thread 96" [_thread_blocked, id=21324, stack(0x000000455a600000,0x000000455a700000)]
  0x00000183eeb21390 JavaThread "Unconstrained build operations Thread 97" [_thread_blocked, id=2388, stack(0x000000455a700000,0x000000455a800000)]
  0x00000183eeb218a0 JavaThread "Unconstrained build operations Thread 98" [_thread_blocked, id=6588, stack(0x000000455a800000,0x000000455a900000)]
  0x00000183ee32fa00 JavaThread "Unconstrained build operations Thread 99" [_thread_blocked, id=26152, stack(0x000000455a900000,0x000000455aa00000)]
  0x00000183ee32dba0 JavaThread "Unconstrained build operations Thread 100" [_thread_blocked, id=5272, stack(0x000000455aa00000,0x000000455ab00000)]
  0x00000183ee32ff10 JavaThread "Unconstrained build operations Thread 101" [_thread_blocked, id=22776, stack(0x000000455ab00000,0x000000455ac00000)]
  0x00000183ee32ead0 JavaThread "Unconstrained build operations Thread 102" [_thread_blocked, id=16200, stack(0x000000455ac00000,0x000000455ad00000)]
  0x00000183ee32f4f0 JavaThread "Unconstrained build operations Thread 103" [_thread_blocked, id=16896, stack(0x000000455ad00000,0x000000455ae00000)]
  0x00000183ee331350 JavaThread "Unconstrained build operations Thread 104" [_thread_blocked, id=26336, stack(0x000000455ae00000,0x000000455af00000)]
  0x00000183ee331d70 JavaThread "Unconstrained build operations Thread 105" [_thread_blocked, id=8420, stack(0x000000455af00000,0x000000455b000000)]
  0x00000183ee334b00 JavaThread "Unconstrained build operations Thread 106" [_thread_blocked, id=21808, stack(0x000000455b000000,0x000000455b100000)]
  0x00000183ee3331b0 JavaThread "jar transforms Thread 2" [_thread_blocked, id=22916, stack(0x000000455b100000,0x000000455b200000)]
  0x00000183ee3336c0 JavaThread "Cache worker for Build Output Cleanup Cache (C:\Users\arun9\ReactProjects\MovieRecommnederApp\MovieApp\android\.gradle\buildOutputCleanup)" [_thread_blocked, id=19160, stack(0x000000455b200000,0x000000455b300000)]
  0x00000183ee32d690 JavaThread "jar transforms Thread 3" [_thread_blocked, id=13776, stack(0x000000455b300000,0x000000455b400000)]
  0x00000183ee330420 JavaThread "Unconstrained build operations Thread 107" [_thread_blocked, id=25136, stack(0x000000455b400000,0x000000455b500000)]
  0x00000183ee32efe0 JavaThread "Unconstrained build operations Thread 108" [_thread_blocked, id=24044, stack(0x000000455b500000,0x000000455b600000)]
  0x00000183ee332280 JavaThread "Unconstrained build operations Thread 109" [_thread_blocked, id=26160, stack(0x000000455b600000,0x000000455b700000)]
  0x00000183ee330930 JavaThread "Unconstrained build operations Thread 110" [_thread_blocked, id=13364, stack(0x000000455b700000,0x000000455b800000)]
  0x00000183ee332790 JavaThread "Unconstrained build operations Thread 111" [_thread_blocked, id=1264, stack(0x000000455b800000,0x000000455b900000)]
  0x00000183ee330e40 JavaThread "Unconstrained build operations Thread 112" [_thread_blocked, id=21656, stack(0x000000455b900000,0x000000455ba00000)]
  0x00000183ee331860 JavaThread "Unconstrained build operations Thread 113" [_thread_blocked, id=23680, stack(0x000000455ba00000,0x000000455bb00000)]
  0x00000183ee335010 JavaThread "Unconstrained build operations Thread 114" [_thread_blocked, id=9348, stack(0x000000455bb00000,0x000000455bc00000)]
  0x00000183ee332ca0 JavaThread "Unconstrained build operations Thread 115" [_thread_blocked, id=21780, stack(0x000000455bc00000,0x000000455bd00000)]
  0x00000183ee333bd0 JavaThread "Unconstrained build operations Thread 116" [_thread_blocked, id=21108, stack(0x000000455bd00000,0x000000455be00000)]
  0x00000183ee3340e0 JavaThread "Unconstrained build operations Thread 117" [_thread_blocked, id=20612, stack(0x000000455be00000,0x000000455bf00000)]
  0x00000183ee3345f0 JavaThread "Unconstrained build operations Thread 118" [_thread_blocked, id=22068, stack(0x000000455bf00000,0x000000455c000000)]
  0x00000183ee32e0b0 JavaThread "Unconstrained build operations Thread 119" [_thread_blocked, id=9716, stack(0x000000455c000000,0x000000455c100000)]
  0x00000183ee32e5c0 JavaThread "Unconstrained build operations Thread 120" [_thread_blocked, id=13740, stack(0x000000455c100000,0x000000455c200000)]
  0x00000183ec070fa0 JavaThread "jar transforms Thread 4" [_thread_blocked, id=2516, stack(0x000000455c400000,0x000000455c500000)]
  0x00000183ec06c3b0 JavaThread "jar transforms Thread 5" [_thread_blocked, id=21124, stack(0x000000455c500000,0x000000455c600000)]
  0x00000183ec06e720 JavaThread "jar transforms Thread 6" [_thread_blocked, id=23816, stack(0x000000455c600000,0x000000455c700000)]
  0x00000183ec06f650 JavaThread "build event listener" [_thread_blocked, id=7896, stack(0x000000455c700000,0x000000455c800000)]
  0x00000183ec06b480 JavaThread "jar transforms Thread 7" [_thread_blocked, id=8364, stack(0x000000455c800000,0x000000455c900000)]
  0x00000183ec06d7f0 JavaThread "jar transforms Thread 8" [_thread_blocked, id=16804, stack(0x000000455c900000,0x000000455ca00000)]
  0x00000183ec06af70 JavaThread "jar transforms Thread 9" [_thread_blocked, id=7376, stack(0x000000455ca00000,0x000000455cb00000)]
  0x00000183ec06a040 JavaThread "jar transforms Thread 10" [_thread_blocked, id=19608, stack(0x000000455cb00000,0x000000455cc00000)]
  0x00000183ec06dd00 JavaThread "jar transforms Thread 11" [_thread_blocked, id=4752, stack(0x000000455cc00000,0x000000455cd00000)]
  0x00000183ec0719c0 JavaThread "jar transforms Thread 12" [_thread_blocked, id=21428, stack(0x000000455cd00000,0x000000455ce00000)]
  0x00000183ec06ec30 JavaThread "pool-3-thread-1" [_thread_blocked, id=24144, stack(0x000000454f300000,0x000000454f400000)]
  0x00000183ec070a90 JavaThread "build event listener" [_thread_blocked, id=6176, stack(0x000000454f400000,0x000000454f500000)]
  0x00000183ec06a550 JavaThread "Cache worker for execution history cache (C:\Users\arun9\ReactProjects\MovieRecommnederApp\MovieApp\android\.gradle\8.8\executionHistory)" [_thread_blocked, id=17036, stack(0x000000454f500000,0x000000454f600000)]
  0x00000183f5a414c0 JavaThread "C2 CompilerThread1" daemon [_thread_blocked, id=21524, stack(0x000000455d000000,0x000000455d100000)]

Other Threads:
=>0x00000183caa135f0 VMThread "VM Thread" [stack: 0x000000454fc00000,0x000000454fd00000] [id=26528]
  0x00000183ac17a950 WatcherThread [stack: 0x0000004550800000,0x0000004550900000] [id=8408]
  0x00000183ac1d6db0 GCTaskThread "GC Thread#0" [stack: 0x000000454f700000,0x000000454f800000] [id=24456]
  0x00000183ea4187c0 GCTaskThread "GC Thread#1" [stack: 0x0000004550900000,0x0000004550a00000] [id=14556]
  0x00000183ea6106b0 GCTaskThread "GC Thread#2" [stack: 0x0000004550a00000,0x0000004550b00000] [id=24688]
  0x00000183ea85c6e0 GCTaskThread "GC Thread#3" [stack: 0x0000004550b00000,0x0000004550c00000] [id=10584]
  0x00000183eab723f0 GCTaskThread "GC Thread#4" [stack: 0x0000004550c00000,0x0000004550d00000] [id=24764]
  0x00000183eb683630 GCTaskThread "GC Thread#5" [stack: 0x0000004551700000,0x0000004551800000] [id=22804]
  0x00000183eb8288f0 GCTaskThread "GC Thread#6" [stack: 0x0000004551800000,0x0000004551900000] [id=22932]
  0x00000183eb883870 GCTaskThread "GC Thread#7" [stack: 0x0000004551900000,0x0000004551a00000] [id=25000]
  0x00000183eb94e9e0 GCTaskThread "GC Thread#8" [stack: 0x0000004551a00000,0x0000004551b00000] [id=16800]
  0x00000183eaa44e10 GCTaskThread "GC Thread#9" [stack: 0x0000004551b00000,0x0000004551c00000] [id=25608]
  0x00000183ac1e7b10 ConcurrentGCThread "G1 Main Marker" [stack: 0x000000454f800000,0x000000454f900000] [id=14312]
  0x00000183ac1e92f0 ConcurrentGCThread "G1 Conc#0" [stack: 0x000000454f900000,0x000000454fa00000] [id=14712]
  0x00000183ebd05930 ConcurrentGCThread "G1 Conc#1" [stack: 0x0000004552200000,0x0000004552300000] [id=18480]
  0x00000183ebe1b450 ConcurrentGCThread "G1 Conc#2" [stack: 0x0000004552300000,0x0000004552400000] [id=23836]
  0x00000183ca8cda40 ConcurrentGCThread "G1 Refine#0" [stack: 0x000000454fa00000,0x000000454fb00000] [id=8828]
  0x00000183f522ddc0 ConcurrentGCThread "G1 Refine#1" [stack: 0x0000004555e00000,0x0000004555f00000] [id=7716]
  0x00000183f53956a0 ConcurrentGCThread "G1 Refine#2" [stack: 0x0000004555f00000,0x0000004556000000] [id=12608]
  0x00000183f522d7e0 ConcurrentGCThread "G1 Refine#3" [stack: 0x0000004556000000,0x0000004556100000] [id=3220]
  0x00000183f59a0580 ConcurrentGCThread "G1 Refine#4" [stack: 0x000000455ce00000,0x000000455cf00000] [id=21200]
  0x00000183f54efad0 ConcurrentGCThread "G1 Refine#5" [stack: 0x000000455cf00000,0x000000455d000000] [id=2928]
  0x00000183ca8ce930 ConcurrentGCThread "G1 Service" [stack: 0x000000454fb00000,0x000000454fc00000] [id=24976]

Threads with active compile tasks:
C2 CompilerThread0   128828 20506   !   4       com.android.tools.r8.internal.xc::a (116 bytes)
C1 CompilerThread0   128828 20560       2       com.android.tools.r8.internal.Rx::d (74 bytes)
C2 CompilerThread1   128829 20468       4       com.android.tools.r8.graph.E3::b (716 bytes)

VM state: at safepoint (normal execution)

VM Mutex/Monitor currently owned by a thread:  ([mutex/lock_event])
[0x00000183ac176230] Threads_lock - owner thread: 0x00000183caa135f0
[0x00000183ac175b70] Heap_lock - owner thread: 0x00000183ee332790

Heap address: 0x0000000080000000, size: 2048 MB, Compressed Oops mode: 32-bit

CDS archive(s) mapped at: [0x00000183cb000000-0x00000183cbbb0000-0x00000183cbbb0000), size 12255232, SharedBaseAddress: 0x00000183cb000000, ArchiveRelocationMode: 1.
Compressed class space mapped at: 0x00000183cc000000-0x00000183e6000000, reserved size: 436207616
Narrow klass base: 0x00000183cb000000, Narrow klass shift: 0, Narrow klass range: 0x100000000

GC Precious Log:
 CPUs: 12 total, 12 available
 Memory: 7598M
 Large Page Support: Disabled
 NUMA Support: Disabled
 Compressed Oops: Enabled (32-bit)
 Heap Region Size: 1M
 Heap Min Capacity: 8M
 Heap Initial Capacity: 120M
 Heap Max Capacity: 2G
 Pre-touch: Disabled
 Parallel Workers: 10
 Concurrent Workers: 3
 Concurrent Refinement Workers: 10
 Periodic GC: Disabled

Heap:
 garbage-first heap   total 703488K, used 407040K [0x0000000080000000, 0x0000000100000000)
  region size 1024K, 14 young (14336K), 14 survivors (14336K)
 Metaspace       used 132939K, committed 134528K, reserved 557056K
  class space    used 19053K, committed 19776K, reserved 425984K

Heap Regions: E=young(eden), S=young(survivor), O=old, HS=humongous(starts), HC=humongous(continues), CS=collection set, F=free, OA=open archive, CA=closed archive, TAMS=top-at-mark-start (previous, next)
|   0|0x0000000080000000, 0x0000000080100000, 0x0000000080100000|100%|HS|  |TAMS 0x0000000080100000, 0x0000000080000000| Complete 
|   1|0x0000000080100000, 0x0000000080200000, 0x0000000080200000|100%|HC|  |TAMS 0x0000000080200000, 0x0000000080100000| Complete 
|   2|0x0000000080200000, 0x0000000080300000, 0x0000000080300000|100%|HC|  |TAMS 0x0000000080300000, 0x0000000080200000| Complete 
|   3|0x0000000080300000, 0x0000000080400000, 0x0000000080400000|100%|HC|  |TAMS 0x0000000080400000, 0x0000000080300000| Complete 
|   4|0x0000000080400000, 0x0000000080500000, 0x0000000080500000|100%| O|  |TAMS 0x0000000080500000, 0x0000000080400000| Untracked 
|   5|0x0000000080500000, 0x0000000080600000, 0x0000000080600000|100%| O|  |TAMS 0x0000000080600000, 0x0000000080500000| Untracked 
|   6|0x0000000080600000, 0x0000000080700000, 0x0000000080700000|100%| O|  |TAMS 0x0000000080700000, 0x0000000080600000| Untracked 
|   7|0x0000000080700000, 0x0000000080800000, 0x0000000080800000|100%| O|  |TAMS 0x0000000080800000, 0x0000000080700000| Untracked 
|   8|0x0000000080800000, 0x0000000080900000, 0x0000000080900000|100%| O|  |TAMS 0x0000000080900000, 0x0000000080800000| Untracked 
|   9|0x0000000080900000, 0x0000000080a00000, 0x0000000080a00000|100%| O|  |TAMS 0x0000000080a00000, 0x0000000080900000| Untracked 
|  10|0x0000000080a00000, 0x0000000080b00000, 0x0000000080b00000|100%| O|  |TAMS 0x0000000080b00000, 0x0000000080a00000| Updating 
|  11|0x0000000080b00000, 0x0000000080c00000, 0x0000000080c00000|100%|HS|  |TAMS 0x0000000080c00000, 0x0000000080b00000| Complete 
|  12|0x0000000080c00000, 0x0000000080d00000, 0x0000000080d00000|100%| O|  |TAMS 0x0000000080d00000, 0x0000000080c00000| Untracked 
|  13|0x0000000080d00000, 0x0000000080e00000, 0x0000000080e00000|100%| O|  |TAMS 0x0000000080e00000, 0x0000000080d00000| Untracked 
|  14|0x0000000080e00000, 0x0000000080f00000, 0x0000000080f00000|100%| O|  |TAMS 0x0000000080f00000, 0x0000000080e00000| Untracked 
|  15|0x0000000080f00000, 0x0000000081000000, 0x0000000081000000|100%| O|  |TAMS 0x0000000081000000, 0x0000000080f00000| Untracked 
|  16|0x0000000081000000, 0x0000000081100000, 0x0000000081100000|100%| O|  |TAMS 0x0000000081100000, 0x0000000081000000| Untracked 
|  17|0x0000000081100000, 0x0000000081200000, 0x0000000081200000|100%| O|  |TAMS 0x0000000081200000, 0x0000000081100000| Untracked 
|  18|0x0000000081200000, 0x0000000081300000, 0x0000000081300000|100%| O|  |TAMS 0x0000000081300000, 0x0000000081200000| Untracked 
|  19|0x0000000081300000, 0x0000000081400000, 0x0000000081400000|100%|HS|  |TAMS 0x0000000081400000, 0x0000000081300000| Complete 
|  20|0x0000000081400000, 0x0000000081500000, 0x0000000081500000|100%| O|  |TAMS 0x0000000081500000, 0x0000000081400000| Untracked 
|  21|0x0000000081500000, 0x0000000081600000, 0x0000000081600000|100%| O|  |TAMS 0x0000000081600000, 0x0000000081500000| Untracked 
|  22|0x0000000081600000, 0x0000000081700000, 0x0000000081700000|100%| O|  |TAMS 0x0000000081700000, 0x0000000081600000| Untracked 
|  23|0x0000000081700000, 0x0000000081800000, 0x0000000081800000|100%| O|  |TAMS 0x0000000081800000, 0x0000000081700000| Untracked 
|  24|0x0000000081800000, 0x0000000081900000, 0x0000000081900000|100%|HS|  |TAMS 0x0000000081900000, 0x0000000081800000| Complete 
|  25|0x0000000081900000, 0x0000000081a00000, 0x0000000081a00000|100%| O|  |TAMS 0x0000000081a00000, 0x0000000081900000| Updating 
|  26|0x0000000081a00000, 0x0000000081b00000, 0x0000000081b00000|100%| O|  |TAMS 0x0000000081b00000, 0x0000000081a00000| Updating 
|  27|0x0000000081b00000, 0x0000000081c00000, 0x0000000081c00000|100%| O|  |TAMS 0x0000000081c00000, 0x0000000081b00000| Untracked 
|  28|0x0000000081c00000, 0x0000000081d00000, 0x0000000081d00000|100%| O|  |TAMS 0x0000000081d00000, 0x0000000081c00000| Untracked 
|  29|0x0000000081d00000, 0x0000000081e00000, 0x0000000081e00000|100%| O|  |TAMS 0x0000000081e00000, 0x0000000081d00000| Untracked 
|  30|0x0000000081e00000, 0x0000000081f00000, 0x0000000081f00000|100%| O|  |TAMS 0x0000000081f00000, 0x0000000081e00000| Untracked 
|  31|0x0000000081f00000, 0x0000000082000000, 0x0000000082000000|100%| O|  |TAMS 0x0000000082000000, 0x0000000081f00000| Untracked 
|  32|0x0000000082000000, 0x0000000082100000, 0x0000000082100000|100%| O|  |TAMS 0x0000000082100000, 0x0000000082000000| Untracked 
|  33|0x0000000082100000, 0x0000000082200000, 0x0000000082200000|100%| O|  |TAMS 0x0000000082200000, 0x0000000082100000| Untracked 
|  34|0x0000000082200000, 0x0000000082300000, 0x0000000082300000|100%| O|  |TAMS 0x0000000082300000, 0x0000000082200000| Updating 
|  35|0x0000000082300000, 0x0000000082400000, 0x0000000082400000|100%| O|  |TAMS 0x0000000082400000, 0x0000000082300000| Updating 
|  36|0x0000000082400000, 0x0000000082500000, 0x0000000082500000|100%| O|  |TAMS 0x0000000082500000, 0x0000000082400000| Updating 
|  37|0x0000000082500000, 0x0000000082600000, 0x0000000082600000|100%| O|  |TAMS 0x0000000082600000, 0x0000000082500000| Updating 
|  38|0x0000000082600000, 0x0000000082700000, 0x0000000082700000|100%|HS|  |TAMS 0x0000000082700000, 0x0000000082600000| Complete 
|  39|0x0000000082700000, 0x0000000082800000, 0x0000000082800000|100%|HC|  |TAMS 0x0000000082800000, 0x0000000082700000| Complete 
|  40|0x0000000082800000, 0x0000000082900000, 0x0000000082900000|100%|HS|  |TAMS 0x0000000082900000, 0x0000000082800000| Complete 
|  41|0x0000000082900000, 0x0000000082a00000, 0x0000000082a00000|100%|HC|  |TAMS 0x0000000082a00000, 0x0000000082900000| Complete 
|  42|0x0000000082a00000, 0x0000000082b00000, 0x0000000082b00000|100%| O|  |TAMS 0x0000000082b00000, 0x0000000082a00000| Updating 
|  43|0x0000000082b00000, 0x0000000082c00000, 0x0000000082c00000|100%| O|  |TAMS 0x0000000082c00000, 0x0000000082b00000| Untracked 
|  44|0x0000000082c00000, 0x0000000082d00000, 0x0000000082d00000|100%| O|  |TAMS 0x0000000082d00000, 0x0000000082c00000| Untracked 
|  45|0x0000000082d00000, 0x0000000082e00000, 0x0000000082e00000|100%| O|  |TAMS 0x0000000082e00000, 0x0000000082d00000| Untracked 
|  46|0x0000000082e00000, 0x0000000082f00000, 0x0000000082f00000|100%| O|  |TAMS 0x0000000082f00000, 0x0000000082e00000| Untracked 
|  47|0x0000000082f00000, 0x0000000083000000, 0x0000000083000000|100%| O|  |TAMS 0x0000000083000000, 0x0000000082f00000| Updating 
|  48|0x0000000083000000, 0x0000000083100000, 0x0000000083100000|100%|HS|  |TAMS 0x0000000083100000, 0x0000000083000000| Complete 
|  49|0x0000000083100000, 0x0000000083200000, 0x0000000083200000|100%|HC|  |TAMS 0x0000000083200000, 0x0000000083100000| Complete 
|  50|0x0000000083200000, 0x0000000083300000, 0x0000000083300000|100%|HC|  |TAMS 0x0000000083300000, 0x0000000083200000| Complete 
|  51|0x0000000083300000, 0x0000000083400000, 0x0000000083400000|100%|HC|  |TAMS 0x0000000083400000, 0x0000000083300000| Complete 
|  52|0x0000000083400000, 0x0000000083500000, 0x0000000083500000|100%| O|  |TAMS 0x0000000083500000, 0x0000000083400000| Untracked 
|  53|0x0000000083500000, 0x0000000083600000, 0x0000000083600000|100%|HS|  |TAMS 0x0000000083600000, 0x0000000083500000| Complete 
|  54|0x0000000083600000, 0x0000000083700000, 0x0000000083700000|100%|HS|  |TAMS 0x0000000083700000, 0x0000000083600000| Complete 
|  55|0x0000000083700000, 0x0000000083800000, 0x0000000083800000|100%|HC|  |TAMS 0x0000000083800000, 0x0000000083700000| Complete 
|  56|0x0000000083800000, 0x0000000083900000, 0x0000000083900000|100%|HC|  |TAMS 0x0000000083900000, 0x0000000083800000| Complete 
|  57|0x0000000083900000, 0x0000000083a00000, 0x0000000083a00000|100%|HC|  |TAMS 0x0000000083a00000, 0x0000000083900000| Complete 
|  58|0x0000000083a00000, 0x0000000083b00000, 0x0000000083b00000|100%| O|  |TAMS 0x0000000083b00000, 0x0000000083a00000| Untracked 
|  59|0x0000000083b00000, 0x0000000083c00000, 0x0000000083c00000|100%| O|  |TAMS 0x0000000083c00000, 0x0000000083b00000| Untracked 
|  60|0x0000000083c00000, 0x0000000083d00000, 0x0000000083d00000|100%| O|  |TAMS 0x0000000083d00000, 0x0000000083c00000| Untracked 
|  61|0x0000000083d00000, 0x0000000083e00000, 0x0000000083e00000|100%| O|  |TAMS 0x0000000083e00000, 0x0000000083d00000| Untracked 
|  62|0x0000000083e00000, 0x0000000083f00000, 0x0000000083f00000|100%| O|  |TAMS 0x0000000083f00000, 0x0000000083e00000| Untracked 
|  63|0x0000000083f00000, 0x0000000084000000, 0x0000000084000000|100%| O|  |TAMS 0x0000000084000000, 0x0000000083f00000| Updating 
|  64|0x0000000084000000, 0x0000000084100000, 0x0000000084100000|100%| O|  |TAMS 0x0000000084100000, 0x0000000084000000| Untracked 
|  65|0x0000000084100000, 0x0000000084200000, 0x0000000084200000|100%| O|  |TAMS 0x0000000084200000, 0x0000000084100000| Updating 
|  66|0x0000000084200000, 0x0000000084300000, 0x0000000084300000|100%| O|  |TAMS 0x0000000084300000, 0x0000000084200000| Untracked 
|  67|0x0000000084300000, 0x0000000084400000, 0x0000000084400000|100%| O|  |TAMS 0x0000000084400000, 0x0000000084300000| Updating 
|  68|0x0000000084400000, 0x0000000084500000, 0x0000000084500000|100%| O|  |TAMS 0x0000000084500000, 0x0000000084400000| Updating 
|  69|0x0000000084500000, 0x0000000084600000, 0x0000000084600000|100%| O|  |TAMS 0x0000000084600000, 0x0000000084500000| Untracked 
|  70|0x0000000084600000, 0x0000000084700000, 0x0000000084700000|100%| O|  |TAMS 0x0000000084700000, 0x0000000084600000| Untracked 
|  71|0x0000000084700000, 0x0000000084800000, 0x0000000084800000|100%| O|  |TAMS 0x0000000084800000, 0x0000000084700000| Updating 
|  72|0x0000000084800000, 0x0000000084900000, 0x0000000084900000|100%| O|  |TAMS 0x0000000084900000, 0x0000000084800000| Untracked 
|  73|0x0000000084900000, 0x0000000084a00000, 0x0000000084a00000|100%| O|  |TAMS 0x0000000084a00000, 0x0000000084900000| Updating 
|  74|0x0000000084a00000, 0x0000000084b00000, 0x0000000084b00000|100%| O|  |TAMS 0x0000000084b00000, 0x0000000084a00000| Updating 
|  75|0x0000000084b00000, 0x0000000084c00000, 0x0000000084c00000|100%| O|  |TAMS 0x0000000084c00000, 0x0000000084b00000| Untracked 
|  76|0x0000000084c00000, 0x0000000084d00000, 0x0000000084d00000|100%| O|  |TAMS 0x0000000084d00000, 0x0000000084c00000| Untracked 
|  77|0x0000000084d00000, 0x0000000084e00000, 0x0000000084e00000|100%| O|  |TAMS 0x0000000084e00000, 0x0000000084d00000| Untracked 
|  78|0x0000000084e00000, 0x0000000084f00000, 0x0000000084f00000|100%| O|  |TAMS 0x0000000084f00000, 0x0000000084e00000| Updating 
|  79|0x0000000084f00000, 0x0000000085000000, 0x0000000085000000|100%| O|  |TAMS 0x0000000085000000, 0x0000000084f00000| Untracked 
|  80|0x0000000085000000, 0x0000000085100000, 0x0000000085100000|100%| O|  |TAMS 0x0000000085100000, 0x0000000085000000| Untracked 
|  81|0x0000000085100000, 0x0000000085200000, 0x0000000085200000|100%| O|  |TAMS 0x0000000085200000, 0x0000000085100000| Untracked 
|  82|0x0000000085200000, 0x0000000085300000, 0x0000000085300000|100%| O|  |TAMS 0x0000000085300000, 0x0000000085200000| Updating 
|  83|0x0000000085300000, 0x0000000085400000, 0x0000000085400000|100%| O|  |TAMS 0x0000000085400000, 0x0000000085300000| Updating 
|  84|0x0000000085400000, 0x0000000085500000, 0x0000000085500000|100%| O|  |TAMS 0x0000000085500000, 0x0000000085400000| Untracked 
|  85|0x0000000085500000, 0x0000000085600000, 0x0000000085600000|100%|HS|  |TAMS 0x0000000085600000, 0x0000000085500000| Complete 
|  86|0x0000000085600000, 0x0000000085700000, 0x0000000085700000|100%|HS|  |TAMS 0x0000000085700000, 0x0000000085600000| Complete 
|  87|0x0000000085700000, 0x0000000085800000, 0x0000000085800000|100%| O|  |TAMS 0x0000000085800000, 0x0000000085700000| Untracked 
|  88|0x0000000085800000, 0x0000000085900000, 0x0000000085900000|100%|HS|  |TAMS 0x0000000085900000, 0x0000000085800000| Complete 
|  89|0x0000000085900000, 0x0000000085a00000, 0x0000000085a00000|100%|HS|  |TAMS 0x0000000085a00000, 0x0000000085900000| Complete 
|  90|0x0000000085a00000, 0x0000000085b00000, 0x0000000085b00000|100%| O|  |TAMS 0x0000000085b00000, 0x0000000085a00000| Untracked 
|  91|0x0000000085b00000, 0x0000000085c00000, 0x0000000085c00000|100%| O|  |TAMS 0x0000000085c00000, 0x0000000085b00000| Untracked 
|  92|0x0000000085c00000, 0x0000000085d00000, 0x0000000085d00000|100%| O|  |TAMS 0x0000000085d00000, 0x0000000085c00000| Untracked 
|  93|0x0000000085d00000, 0x0000000085e00000, 0x0000000085e00000|100%| O|  |TAMS 0x0000000085e00000, 0x0000000085d00000| Updating 
|  94|0x0000000085e00000, 0x0000000085f00000, 0x0000000085f00000|100%| O|  |TAMS 0x0000000085f00000, 0x0000000085e00000| Untracked 
|  95|0x0000000085f00000, 0x0000000086000000, 0x0000000086000000|100%| O|  |TAMS 0x0000000086000000, 0x0000000085f00000| Updating 
|  96|0x0000000086000000, 0x0000000086100000, 0x0000000086100000|100%| O|  |TAMS 0x0000000086100000, 0x0000000086000000| Untracked 
|  97|0x0000000086100000, 0x0000000086200000, 0x0000000086200000|100%| O|  |TAMS 0x0000000086200000, 0x0000000086100000| Updating 
|  98|0x0000000086200000, 0x0000000086300000, 0x0000000086300000|100%| O|  |TAMS 0x0000000086300000, 0x0000000086200000| Untracked 
|  99|0x0000000086300000, 0x0000000086400000, 0x0000000086400000|100%| O|  |TAMS 0x0000000086400000, 0x0000000086300000| Untracked 
| 100|0x0000000086400000, 0x0000000086500000, 0x0000000086500000|100%|HS|  |TAMS 0x0000000086500000, 0x0000000086400000| Complete 
| 101|0x0000000086500000, 0x0000000086600000, 0x0000000086600000|100%| O|  |TAMS 0x0000000086600000, 0x0000000086500000| Untracked 
| 102|0x0000000086600000, 0x0000000086700000, 0x0000000086700000|100%| O|  |TAMS 0x0000000086700000, 0x0000000086600000| Untracked 
| 103|0x0000000086700000, 0x0000000086800000, 0x0000000086800000|100%| O|  |TAMS 0x0000000086800000, 0x0000000086700000| Untracked 
| 104|0x0000000086800000, 0x0000000086900000, 0x0000000086900000|100%| O|  |TAMS 0x0000000086900000, 0x0000000086800000| Untracked 
| 105|0x0000000086900000, 0x0000000086a00000, 0x0000000086a00000|100%| O|  |TAMS 0x0000000086a00000, 0x0000000086900000| Untracked 
| 106|0x0000000086a00000, 0x0000000086b00000, 0x0000000086b00000|100%| O|  |TAMS 0x0000000086b00000, 0x0000000086a00000| Untracked 
| 107|0x0000000086b00000, 0x0000000086c00000, 0x0000000086c00000|100%| O|  |TAMS 0x0000000086c00000, 0x0000000086b00000| Untracked 
| 108|0x0000000086c00000, 0x0000000086d00000, 0x0000000086d00000|100%| O|  |TAMS 0x0000000086d00000, 0x0000000086c00000| Untracked 
| 109|0x0000000086d00000, 0x0000000086e00000, 0x0000000086e00000|100%| O|  |TAMS 0x0000000086e00000, 0x0000000086d00000| Untracked 
| 110|0x0000000086e00000, 0x0000000086f00000, 0x0000000086f00000|100%| O|  |TAMS 0x0000000086f00000, 0x0000000086e00000| Updating 
| 111|0x0000000086f00000, 0x0000000087000000, 0x0000000087000000|100%| O|  |TAMS 0x0000000087000000, 0x0000000086f00000| Untracked 
| 112|0x0000000087000000, 0x0000000087100000, 0x0000000087100000|100%| O|  |TAMS 0x0000000087100000, 0x0000000087000000| Updating 
| 113|0x0000000087100000, 0x0000000087200000, 0x0000000087200000|100%| O|  |TAMS 0x0000000087200000, 0x0000000087100000| Untracked 
| 114|0x0000000087200000, 0x0000000087300000, 0x0000000087300000|100%| O|  |TAMS 0x0000000087300000, 0x0000000087200000| Untracked 
| 115|0x0000000087300000, 0x0000000087400000, 0x0000000087400000|100%| O|  |TAMS 0x0000000087400000, 0x0000000087300000| Untracked 
| 116|0x0000000087400000, 0x0000000087500000, 0x0000000087500000|100%| O|  |TAMS 0x0000000087500000, 0x0000000087400000| Untracked 
| 117|0x0000000087500000, 0x0000000087600000, 0x0000000087600000|100%| O|  |TAMS 0x0000000087600000, 0x0000000087500000| Untracked 
| 118|0x0000000087600000, 0x0000000087700000, 0x0000000087700000|100%| O|  |TAMS 0x0000000087700000, 0x0000000087600000| Updating 
| 119|0x0000000087700000, 0x0000000087800000, 0x0000000087800000|100%| O|  |TAMS 0x0000000087800000, 0x0000000087700000| Untracked 
| 120|0x0000000087800000, 0x0000000087900000, 0x0000000087900000|100%| O|  |TAMS 0x0000000087900000, 0x0000000087800000| Untracked 
| 121|0x0000000087900000, 0x0000000087a00000, 0x0000000087a00000|100%| O|  |TAMS 0x0000000087a00000, 0x0000000087900000| Updating 
| 122|0x0000000087a00000, 0x0000000087b00000, 0x0000000087b00000|100%| O|  |TAMS 0x0000000087b00000, 0x0000000087a00000| Updating 
| 123|0x0000000087b00000, 0x0000000087c00000, 0x0000000087c00000|100%| O|  |TAMS 0x0000000087c00000, 0x0000000087b00000| Untracked 
| 124|0x0000000087c00000, 0x0000000087d00000, 0x0000000087d00000|100%| O|  |TAMS 0x0000000087d00000, 0x0000000087c00000| Untracked 
| 125|0x0000000087d00000, 0x0000000087e00000, 0x0000000087e00000|100%| O|  |TAMS 0x0000000087e00000, 0x0000000087d00000| Untracked 
| 126|0x0000000087e00000, 0x0000000087f00000, 0x0000000087f00000|100%| O|  |TAMS 0x0000000087f00000, 0x0000000087e00000| Untracked 
| 127|0x0000000087f00000, 0x0000000088000000, 0x0000000088000000|100%| O|  |TAMS 0x0000000088000000, 0x0000000087f00000| Untracked 
| 128|0x0000000088000000, 0x0000000088100000, 0x0000000088100000|100%| O|  |TAMS 0x0000000088100000, 0x0000000088000000| Untracked 
| 129|0x0000000088100000, 0x0000000088200000, 0x0000000088200000|100%| O|  |TAMS 0x0000000088200000, 0x0000000088100000| Untracked 
| 130|0x0000000088200000, 0x0000000088300000, 0x0000000088300000|100%| O|  |TAMS 0x0000000088300000, 0x0000000088200000| Untracked 
| 131|0x0000000088300000, 0x0000000088400000, 0x0000000088400000|100%| O|  |TAMS 0x0000000088400000, 0x0000000088300000| Updating 
| 132|0x0000000088400000, 0x0000000088500000, 0x0000000088500000|100%|HS|  |TAMS 0x0000000088500000, 0x0000000088400000| Complete 
| 133|0x0000000088500000, 0x0000000088600000, 0x0000000088600000|100%| O|  |TAMS 0x0000000088600000, 0x0000000088500000| Updating 
| 134|0x0000000088600000, 0x0000000088700000, 0x0000000088700000|100%| O|  |TAMS 0x0000000088700000, 0x0000000088600000| Updating 
| 135|0x0000000088700000, 0x0000000088800000, 0x0000000088800000|100%| O|  |TAMS 0x0000000088800000, 0x0000000088700000| Untracked 
| 136|0x0000000088800000, 0x0000000088900000, 0x0000000088900000|100%| O|  |TAMS 0x0000000088900000, 0x0000000088800000| Untracked 
| 137|0x0000000088900000, 0x0000000088a00000, 0x0000000088a00000|100%| O|  |TAMS 0x0000000088a00000, 0x0000000088900000| Updating 
| 138|0x0000000088a00000, 0x0000000088b00000, 0x0000000088b00000|100%| O|  |TAMS 0x0000000088b00000, 0x0000000088a00000| Updating 
| 139|0x0000000088b00000, 0x0000000088c00000, 0x0000000088c00000|100%|HS|  |TAMS 0x0000000088c00000, 0x0000000088b00000| Complete 
| 140|0x0000000088c00000, 0x0000000088d00000, 0x0000000088d00000|100%|HC|  |TAMS 0x0000000088d00000, 0x0000000088c00000| Complete 
| 141|0x0000000088d00000, 0x0000000088e00000, 0x0000000088e00000|100%| O|  |TAMS 0x0000000088e00000, 0x0000000088d00000| Untracked 
| 142|0x0000000088e00000, 0x0000000088f00000, 0x0000000088f00000|100%| O|  |TAMS 0x0000000088f00000, 0x0000000088e00000| Untracked 
| 143|0x0000000088f00000, 0x0000000089000000, 0x0000000089000000|100%| O|  |TAMS 0x0000000089000000, 0x0000000088f00000| Updating 
| 144|0x0000000089000000, 0x0000000089100000, 0x0000000089100000|100%| O|  |TAMS 0x0000000089100000, 0x0000000089000000| Updating 
| 145|0x0000000089100000, 0x0000000089200000, 0x0000000089200000|100%| O|  |TAMS 0x0000000089200000, 0x0000000089100000| Untracked 
| 146|0x0000000089200000, 0x0000000089300000, 0x0000000089300000|100%| O|  |TAMS 0x0000000089300000, 0x0000000089200000| Untracked 
| 147|0x0000000089300000, 0x0000000089400000, 0x0000000089400000|100%| O|  |TAMS 0x0000000089400000, 0x0000000089300000| Untracked 
| 148|0x0000000089400000, 0x0000000089500000, 0x0000000089500000|100%| O|  |TAMS 0x0000000089500000, 0x0000000089400000| Untracked 
| 149|0x0000000089500000, 0x0000000089600000, 0x0000000089600000|100%| O|  |TAMS 0x0000000089600000, 0x0000000089500000| Untracked 
| 150|0x0000000089600000, 0x0000000089700000, 0x0000000089700000|100%| O|  |TAMS 0x0000000089700000, 0x0000000089600000| Untracked 
| 151|0x0000000089700000, 0x0000000089800000, 0x0000000089800000|100%| O|  |TAMS 0x0000000089800000, 0x0000000089700000| Updating 
| 152|0x0000000089800000, 0x0000000089900000, 0x0000000089900000|100%| O|  |TAMS 0x0000000089900000, 0x0000000089800000| Untracked 
| 153|0x0000000089900000, 0x0000000089a00000, 0x0000000089a00000|100%| O|  |TAMS 0x0000000089a00000, 0x0000000089900000| Untracked 
| 154|0x0000000089a00000, 0x0000000089b00000, 0x0000000089b00000|100%| O|  |TAMS 0x0000000089b00000, 0x0000000089a00000| Untracked 
| 155|0x0000000089b00000, 0x0000000089c00000, 0x0000000089c00000|100%| O|  |TAMS 0x0000000089c00000, 0x0000000089b00000| Untracked 
| 156|0x0000000089c00000, 0x0000000089d00000, 0x0000000089d00000|100%| O|  |TAMS 0x0000000089d00000, 0x0000000089c00000| Untracked 
| 157|0x0000000089d00000, 0x0000000089e00000, 0x0000000089e00000|100%| O|  |TAMS 0x0000000089e00000, 0x0000000089d00000| Untracked 
| 158|0x0000000089e00000, 0x0000000089f00000, 0x0000000089f00000|100%| O|  |TAMS 0x0000000089f00000, 0x0000000089e00000| Untracked 
| 159|0x0000000089f00000, 0x000000008a000000, 0x000000008a000000|100%| O|  |TAMS 0x000000008a000000, 0x0000000089f00000| Untracked 
| 160|0x000000008a000000, 0x000000008a100000, 0x000000008a100000|100%| O|  |TAMS 0x000000008a100000, 0x000000008a000000| Untracked 
| 161|0x000000008a100000, 0x000000008a200000, 0x000000008a200000|100%| O|  |TAMS 0x000000008a200000, 0x000000008a100000| Untracked 
| 162|0x000000008a200000, 0x000000008a300000, 0x000000008a300000|100%| O|  |TAMS 0x000000008a300000, 0x000000008a200000| Untracked 
| 163|0x000000008a300000, 0x000000008a400000, 0x000000008a400000|100%| O|  |TAMS 0x000000008a400000, 0x000000008a300000| Untracked 
| 164|0x000000008a400000, 0x000000008a500000, 0x000000008a500000|100%| O|  |TAMS 0x000000008a500000, 0x000000008a400000| Untracked 
| 165|0x000000008a500000, 0x000000008a600000, 0x000000008a600000|100%| O|  |TAMS 0x000000008a600000, 0x000000008a500000| Untracked 
| 166|0x000000008a600000, 0x000000008a700000, 0x000000008a700000|100%| O|  |TAMS 0x000000008a700000, 0x000000008a600000| Untracked 
| 167|0x000000008a700000, 0x000000008a800000, 0x000000008a800000|100%| O|  |TAMS 0x000000008a800000, 0x000000008a700000| Untracked 
| 168|0x000000008a800000, 0x000000008a900000, 0x000000008a900000|100%| O|  |TAMS 0x000000008a900000, 0x000000008a800000| Untracked 
| 169|0x000000008a900000, 0x000000008aa00000, 0x000000008aa00000|100%| O|  |TAMS 0x000000008aa00000, 0x000000008a900000| Untracked 
| 170|0x000000008aa00000, 0x000000008ab00000, 0x000000008ab00000|100%| O|  |TAMS 0x000000008ab00000, 0x000000008aa00000| Untracked 
| 171|0x000000008ab00000, 0x000000008ac00000, 0x000000008ac00000|100%| O|  |TAMS 0x000000008ac00000, 0x000000008ab00000| Untracked 
| 172|0x000000008ac00000, 0x000000008ad00000, 0x000000008ad00000|100%| O|  |TAMS 0x000000008ad00000, 0x000000008ac00000| Updating 
| 173|0x000000008ad00000, 0x000000008ae00000, 0x000000008ae00000|100%| O|  |TAMS 0x000000008ae00000, 0x000000008ad00000| Untracked 
| 174|0x000000008ae00000, 0x000000008af00000, 0x000000008af00000|100%| O|  |TAMS 0x000000008af00000, 0x000000008ae00000| Updating 
| 175|0x000000008af00000, 0x000000008b000000, 0x000000008b000000|100%| O|  |TAMS 0x000000008b000000, 0x000000008af00000| Untracked 
| 176|0x000000008b000000, 0x000000008b100000, 0x000000008b100000|100%| O|  |TAMS 0x000000008b100000, 0x000000008b000000| Untracked 
| 177|0x000000008b100000, 0x000000008b200000, 0x000000008b200000|100%| O|  |TAMS 0x000000008b200000, 0x000000008b100000| Updating 
| 178|0x000000008b200000, 0x000000008b300000, 0x000000008b300000|100%|HS|  |TAMS 0x000000008b300000, 0x000000008b200000| Complete 
| 179|0x000000008b300000, 0x000000008b400000, 0x000000008b400000|100%| O|  |TAMS 0x000000008b400000, 0x000000008b300000| Updating 
| 180|0x000000008b400000, 0x000000008b500000, 0x000000008b500000|100%| O|  |TAMS 0x000000008b500000, 0x000000008b400000| Updating 
| 181|0x000000008b500000, 0x000000008b600000, 0x000000008b600000|100%| O|  |TAMS 0x000000008b600000, 0x000000008b500000| Untracked 
| 182|0x000000008b600000, 0x000000008b700000, 0x000000008b700000|100%| O|  |TAMS 0x000000008b700000, 0x000000008b600000| Untracked 
| 183|0x000000008b700000, 0x000000008b800000, 0x000000008b800000|100%| O|  |TAMS 0x000000008b800000, 0x000000008b700000| Updating 
| 184|0x000000008b800000, 0x000000008b900000, 0x000000008b900000|100%| O|  |TAMS 0x000000008b900000, 0x000000008b800000| Untracked 
| 185|0x000000008b900000, 0x000000008ba00000, 0x000000008ba00000|100%| O|  |TAMS 0x000000008ba00000, 0x000000008b900000| Untracked 
| 186|0x000000008ba00000, 0x000000008bb00000, 0x000000008bb00000|100%| O|  |TAMS 0x000000008bb00000, 0x000000008ba00000| Updating 
| 187|0x000000008bb00000, 0x000000008bc00000, 0x000000008bc00000|100%| O|  |TAMS 0x000000008bc00000, 0x000000008bb00000| Untracked 
| 188|0x000000008bc00000, 0x000000008bd00000, 0x000000008bd00000|100%| O|  |TAMS 0x000000008bd00000, 0x000000008bc00000| Updating 
| 189|0x000000008bd00000, 0x000000008be00000, 0x000000008be00000|100%| O|  |TAMS 0x000000008be00000, 0x000000008bd00000| Untracked 
| 190|0x000000008be00000, 0x000000008bf00000, 0x000000008bf00000|100%| O|  |TAMS 0x000000008bf00000, 0x000000008be00000| Updating 
| 191|0x000000008bf00000, 0x000000008c000000, 0x000000008c000000|100%| O|  |TAMS 0x000000008c000000, 0x000000008bf00000| Untracked 
| 192|0x000000008c000000, 0x000000008c100000, 0x000000008c100000|100%| O|  |TAMS 0x000000008c100000, 0x000000008c000000| Untracked 
| 193|0x000000008c100000, 0x000000008c200000, 0x000000008c200000|100%| O|  |TAMS 0x000000008c200000, 0x000000008c100000| Updating 
| 194|0x000000008c200000, 0x000000008c300000, 0x000000008c300000|100%| O|  |TAMS 0x000000008c300000, 0x000000008c200000| Updating 
| 195|0x000000008c300000, 0x000000008c400000, 0x000000008c400000|100%| O|  |TAMS 0x000000008c400000, 0x000000008c300000| Updating 
| 196|0x000000008c400000, 0x000000008c500000, 0x000000008c500000|100%| O|  |TAMS 0x000000008c500000, 0x000000008c400000| Untracked 
| 197|0x000000008c500000, 0x000000008c600000, 0x000000008c600000|100%|HS|  |TAMS 0x000000008c600000, 0x000000008c500000| Complete 
| 198|0x000000008c600000, 0x000000008c700000, 0x000000008c700000|100%|HS|  |TAMS 0x000000008c700000, 0x000000008c600000| Complete 
| 199|0x000000008c700000, 0x000000008c800000, 0x000000008c800000|100%| O|  |TAMS 0x000000008c800000, 0x000000008c700000| Untracked 
| 200|0x000000008c800000, 0x000000008c900000, 0x000000008c900000|100%| O|  |TAMS 0x000000008c900000, 0x000000008c800000| Untracked 
| 201|0x000000008c900000, 0x000000008ca00000, 0x000000008ca00000|100%| O|  |TAMS 0x000000008ca00000, 0x000000008c900000| Untracked 
| 202|0x000000008ca00000, 0x000000008cb00000, 0x000000008cb00000|100%| O|  |TAMS 0x000000008cb00000, 0x000000008ca00000| Untracked 
| 203|0x000000008cb00000, 0x000000008cc00000, 0x000000008cc00000|100%| O|  |TAMS 0x000000008cc00000, 0x000000008cb00000| Updating 
| 204|0x000000008cc00000, 0x000000008cd00000, 0x000000008cd00000|100%| O|  |TAMS 0x000000008cd00000, 0x000000008cc00000| Updating 
| 205|0x000000008cd00000, 0x000000008ce00000, 0x000000008ce00000|100%| O|  |TAMS 0x000000008ce00000, 0x000000008cd00000| Untracked 
| 206|0x000000008ce00000, 0x000000008cf00000, 0x000000008cf00000|100%| O|  |TAMS 0x000000008cf00000, 0x000000008ce00000| Updating 
| 207|0x000000008cf00000, 0x000000008d000000, 0x000000008d000000|100%| O|  |TAMS 0x000000008d000000, 0x000000008cf00000| Untracked 
| 208|0x000000008d000000, 0x000000008d100000, 0x000000008d100000|100%| O|  |TAMS 0x000000008d100000, 0x000000008d000000| Untracked 
| 209|0x000000008d100000, 0x000000008d200000, 0x000000008d200000|100%| O|  |TAMS 0x000000008d200000, 0x000000008d100000| Updating 
| 210|0x000000008d200000, 0x000000008d300000, 0x000000008d300000|100%| O|  |TAMS 0x000000008d300000, 0x000000008d200000| Untracked 
| 211|0x000000008d300000, 0x000000008d400000, 0x000000008d400000|100%| O|  |TAMS 0x000000008d400000, 0x000000008d300000| Updating 
| 212|0x000000008d400000, 0x000000008d500000, 0x000000008d500000|100%| O|  |TAMS 0x000000008d500000, 0x000000008d400000| Untracked 
| 213|0x000000008d500000, 0x000000008d600000, 0x000000008d600000|100%| O|  |TAMS 0x000000008d600000, 0x000000008d500000| Untracked 
| 214|0x000000008d600000, 0x000000008d700000, 0x000000008d700000|100%| O|  |TAMS 0x000000008d700000, 0x000000008d600000| Untracked 
| 215|0x000000008d700000, 0x000000008d800000, 0x000000008d800000|100%| O|  |TAMS 0x000000008d800000, 0x000000008d700000| Updating 
| 216|0x000000008d800000, 0x000000008d900000, 0x000000008d900000|100%| O|  |TAMS 0x000000008d900000, 0x000000008d800000| Untracked 
| 217|0x000000008d900000, 0x000000008da00000, 0x000000008da00000|100%| O|  |TAMS 0x000000008da00000, 0x000000008d900000| Untracked 
| 218|0x000000008da00000, 0x000000008db00000, 0x000000008db00000|100%| O|  |TAMS 0x000000008db00000, 0x000000008da00000| Untracked 
| 219|0x000000008db00000, 0x000000008dc00000, 0x000000008dc00000|100%| O|  |TAMS 0x000000008dc00000, 0x000000008db00000| Updating 
| 220|0x000000008dc00000, 0x000000008dd00000, 0x000000008dd00000|100%| O|  |TAMS 0x000000008dd00000, 0x000000008dc00000| Untracked 
| 221|0x000000008dd00000, 0x000000008de00000, 0x000000008de00000|100%| O|  |TAMS 0x000000008de00000, 0x000000008dd00000| Updating 
| 222|0x000000008de00000, 0x000000008df00000, 0x000000008df00000|100%| O|  |TAMS 0x000000008df00000, 0x000000008de00000| Updating 
| 223|0x000000008df00000, 0x000000008e000000, 0x000000008e000000|100%| O|  |TAMS 0x000000008e000000, 0x000000008df00000| Untracked 
| 224|0x000000008e000000, 0x000000008e100000, 0x000000008e100000|100%| O|  |TAMS 0x000000008e100000, 0x000000008e000000| Updating 
| 225|0x000000008e100000, 0x000000008e200000, 0x000000008e200000|100%| O|  |TAMS 0x000000008e200000, 0x000000008e100000| Updating 
| 226|0x000000008e200000, 0x000000008e300000, 0x000000008e300000|100%| O|  |TAMS 0x000000008e300000, 0x000000008e200000| Untracked 
| 227|0x000000008e300000, 0x000000008e400000, 0x000000008e400000|100%| O|  |TAMS 0x000000008e400000, 0x000000008e300000| Updating 
| 228|0x000000008e400000, 0x000000008e500000, 0x000000008e500000|100%| O|  |TAMS 0x000000008e500000, 0x000000008e400000| Updating 
| 229|0x000000008e500000, 0x000000008e600000, 0x000000008e600000|100%| O|  |TAMS 0x000000008e600000, 0x000000008e500000| Updating 
| 230|0x000000008e600000, 0x000000008e700000, 0x000000008e700000|100%| O|  |TAMS 0x000000008e700000, 0x000000008e600000| Untracked 
| 231|0x000000008e700000, 0x000000008e800000, 0x000000008e800000|100%| O|  |TAMS 0x000000008e800000, 0x000000008e700000| Updating 
| 232|0x000000008e800000, 0x000000008e900000, 0x000000008e900000|100%| O|  |TAMS 0x000000008e900000, 0x000000008e800000| Untracked 
| 233|0x000000008e900000, 0x000000008ea00000, 0x000000008ea00000|100%| O|  |TAMS 0x000000008ea00000, 0x000000008e900000| Untracked 
| 234|0x000000008ea00000, 0x000000008eb00000, 0x000000008eb00000|100%| O|  |TAMS 0x000000008eb00000, 0x000000008ea00000| Untracked 
| 235|0x000000008eb00000, 0x000000008ec00000, 0x000000008ec00000|100%| O|  |TAMS 0x000000008ec00000, 0x000000008eb00000| Updating 
| 236|0x000000008ec00000, 0x000000008ed00000, 0x000000008ed00000|100%| O|  |TAMS 0x000000008ed00000, 0x000000008ec00000| Updating 
| 237|0x000000008ed00000, 0x000000008ee00000, 0x000000008ee00000|100%| O|  |TAMS 0x000000008ee00000, 0x000000008ed00000| Updating 
| 238|0x000000008ee00000, 0x000000008ef00000, 0x000000008ef00000|100%| O|  |TAMS 0x000000008ef00000, 0x000000008ee00000| Untracked 
| 239|0x000000008ef00000, 0x000000008f000000, 0x000000008f000000|100%| O|  |TAMS 0x000000008f000000, 0x000000008ef00000| Updating 
| 240|0x000000008f000000, 0x000000008f100000, 0x000000008f100000|100%| O|  |TAMS 0x000000008f100000, 0x000000008f000000| Updating 
| 241|0x000000008f100000, 0x000000008f200000, 0x000000008f200000|100%| O|  |TAMS 0x000000008f200000, 0x000000008f100000| Untracked 
| 242|0x000000008f200000, 0x000000008f300000, 0x000000008f300000|100%| O|  |TAMS 0x000000008f300000, 0x000000008f200000| Untracked 
| 243|0x000000008f300000, 0x000000008f400000, 0x000000008f400000|100%| O|  |TAMS 0x000000008f400000, 0x000000008f300000| Untracked 
| 244|0x000000008f400000, 0x000000008f500000, 0x000000008f500000|100%| O|  |TAMS 0x000000008f500000, 0x000000008f400000| Updating 
| 245|0x000000008f500000, 0x000000008f600000, 0x000000008f600000|100%| O|  |TAMS 0x000000008f600000, 0x000000008f500000| Untracked 
| 246|0x000000008f600000, 0x000000008f700000, 0x000000008f700000|100%| O|  |TAMS 0x000000008f700000, 0x000000008f600000| Untracked 
| 247|0x000000008f700000, 0x000000008f800000, 0x000000008f800000|100%| O|  |TAMS 0x000000008f800000, 0x000000008f700000| Untracked 
| 248|0x000000008f800000, 0x000000008f900000, 0x000000008f900000|100%| O|  |TAMS 0x000000008f900000, 0x000000008f800000| Untracked 
| 249|0x000000008f900000, 0x000000008fa00000, 0x000000008fa00000|100%| O|  |TAMS 0x000000008fa00000, 0x000000008f900000| Untracked 
| 250|0x000000008fa00000, 0x000000008fb00000, 0x000000008fb00000|100%| O|  |TAMS 0x000000008fb00000, 0x000000008fa00000| Untracked 
| 251|0x000000008fb00000, 0x000000008fc00000, 0x000000008fc00000|100%| O|  |TAMS 0x000000008fc00000, 0x000000008fb00000| Untracked 
| 252|0x000000008fc00000, 0x000000008fd00000, 0x000000008fd00000|100%| O|  |TAMS 0x000000008fd00000, 0x000000008fc00000| Untracked 
| 253|0x000000008fd00000, 0x000000008fe00000, 0x000000008fe00000|100%| O|  |TAMS 0x000000008fe00000, 0x000000008fd00000| Untracked 
| 254|0x000000008fe00000, 0x000000008ff00000, 0x000000008ff00000|100%| O|  |TAMS 0x000000008ff00000, 0x000000008fe00000| Untracked 
| 255|0x000000008ff00000, 0x0000000090000000, 0x0000000090000000|100%| O|  |TAMS 0x0000000090000000, 0x000000008ff00000| Untracked 
| 256|0x0000000090000000, 0x0000000090100000, 0x0000000090100000|100%| O|  |TAMS 0x0000000090100000, 0x0000000090000000| Untracked 
| 257|0x0000000090100000, 0x0000000090200000, 0x0000000090200000|100%|HS|  |TAMS 0x0000000090200000, 0x0000000090100000| Complete 
| 258|0x0000000090200000, 0x0000000090300000, 0x0000000090300000|100%|HC|  |TAMS 0x0000000090300000, 0x0000000090200000| Complete 
| 259|0x0000000090300000, 0x0000000090400000, 0x0000000090400000|100%| O|  |TAMS 0x0000000090400000, 0x0000000090300000| Untracked 
| 260|0x0000000090400000, 0x0000000090500000, 0x0000000090500000|100%| O|  |TAMS 0x0000000090500000, 0x0000000090400000| Untracked 
| 261|0x0000000090500000, 0x0000000090600000, 0x0000000090600000|100%| O|  |TAMS 0x0000000090600000, 0x0000000090500000| Updating 
| 262|0x0000000090600000, 0x0000000090700000, 0x0000000090700000|100%| O|  |TAMS 0x0000000090700000, 0x0000000090600000| Untracked 
| 263|0x0000000090700000, 0x0000000090800000, 0x0000000090800000|100%| O|  |TAMS 0x0000000090800000, 0x0000000090700000| Untracked 
| 264|0x0000000090800000, 0x0000000090900000, 0x0000000090900000|100%| O|  |TAMS 0x0000000090900000, 0x0000000090800000| Updating 
| 265|0x0000000090900000, 0x0000000090a00000, 0x0000000090a00000|100%| O|  |TAMS 0x0000000090a00000, 0x0000000090900000| Untracked 
| 266|0x0000000090a00000, 0x0000000090b00000, 0x0000000090b00000|100%| O|  |TAMS 0x0000000090b00000, 0x0000000090a00000| Untracked 
| 267|0x0000000090b00000, 0x0000000090c00000, 0x0000000090c00000|100%| O|  |TAMS 0x0000000090c00000, 0x0000000090b00000| Untracked 
| 268|0x0000000090c00000, 0x0000000090d00000, 0x0000000090d00000|100%| O|  |TAMS 0x0000000090d00000, 0x0000000090c00000| Updating 
| 269|0x0000000090d00000, 0x0000000090e00000, 0x0000000090e00000|100%| O|  |TAMS 0x0000000090e00000, 0x0000000090d00000| Untracked 
| 270|0x0000000090e00000, 0x0000000090f00000, 0x0000000090f00000|100%| O|  |TAMS 0x0000000090f00000, 0x0000000090e00000| Untracked 
| 271|0x0000000090f00000, 0x0000000091000000, 0x0000000091000000|100%| O|  |TAMS 0x0000000091000000, 0x0000000090f00000| Untracked 
| 272|0x0000000091000000, 0x0000000091100000, 0x0000000091100000|100%| O|  |TAMS 0x0000000091100000, 0x0000000091000000| Untracked 
| 273|0x0000000091100000, 0x0000000091200000, 0x0000000091200000|100%| O|  |TAMS 0x0000000091200000, 0x0000000091100000| Untracked 
| 274|0x0000000091200000, 0x0000000091300000, 0x0000000091300000|100%| O|  |TAMS 0x0000000091300000, 0x0000000091200000| Untracked 
| 275|0x0000000091300000, 0x0000000091400000, 0x0000000091400000|100%| O|  |TAMS 0x0000000091400000, 0x0000000091300000| Untracked 
| 276|0x0000000091400000, 0x0000000091500000, 0x0000000091500000|100%| O|  |TAMS 0x0000000091500000, 0x0000000091400000| Untracked 
| 277|0x0000000091500000, 0x0000000091600000, 0x0000000091600000|100%| O|  |TAMS 0x0000000091600000, 0x0000000091500000| Untracked 
| 278|0x0000000091600000, 0x0000000091700000, 0x0000000091700000|100%| O|  |TAMS 0x0000000091700000, 0x0000000091600000| Untracked 
| 279|0x0000000091700000, 0x0000000091800000, 0x0000000091800000|100%| O|  |TAMS 0x0000000091800000, 0x0000000091700000| Untracked 
| 280|0x0000000091800000, 0x0000000091900000, 0x0000000091900000|100%| O|  |TAMS 0x0000000091900000, 0x0000000091800000| Untracked 
| 281|0x0000000091900000, 0x0000000091a00000, 0x0000000091a00000|100%| O|  |TAMS 0x0000000091a00000, 0x0000000091900000| Updating 
| 282|0x0000000091a00000, 0x0000000091b00000, 0x0000000091b00000|100%| O|  |TAMS 0x0000000091b00000, 0x0000000091a00000| Untracked 
| 283|0x0000000091b00000, 0x0000000091c00000, 0x0000000091c00000|100%| O|  |TAMS 0x0000000091c00000, 0x0000000091b00000| Updating 
| 284|0x0000000091c00000, 0x0000000091d00000, 0x0000000091d00000|100%| O|  |TAMS 0x0000000091d00000, 0x0000000091c00000| Updating 
| 285|0x0000000091d00000, 0x0000000091e00000, 0x0000000091e00000|100%| O|  |TAMS 0x0000000091e00000, 0x0000000091d00000| Untracked 
| 286|0x0000000091e00000, 0x0000000091f00000, 0x0000000091f00000|100%| O|  |TAMS 0x0000000091f00000, 0x0000000091e00000| Untracked 
| 287|0x0000000091f00000, 0x0000000092000000, 0x0000000092000000|100%| O|  |TAMS 0x0000000092000000, 0x0000000091f00000| Untracked 
| 288|0x0000000092000000, 0x0000000092100000, 0x0000000092100000|100%| O|  |TAMS 0x0000000092100000, 0x0000000092000000| Untracked 
| 289|0x0000000092100000, 0x0000000092200000, 0x0000000092200000|100%| O|  |TAMS 0x0000000092200000, 0x0000000092100000| Untracked 
| 290|0x0000000092200000, 0x0000000092300000, 0x0000000092300000|100%| O|  |TAMS 0x0000000092300000, 0x0000000092200000| Untracked 
| 291|0x0000000092300000, 0x0000000092400000, 0x0000000092400000|100%| O|  |TAMS 0x0000000092400000, 0x0000000092300000| Untracked 
| 292|0x0000000092400000, 0x0000000092500000, 0x0000000092500000|100%| O|  |TAMS 0x0000000092500000, 0x0000000092400000| Untracked 
| 293|0x0000000092500000, 0x0000000092600000, 0x0000000092600000|100%| O|  |TAMS 0x0000000092600000, 0x0000000092500000| Untracked 
| 294|0x0000000092600000, 0x0000000092700000, 0x0000000092700000|100%| O|  |TAMS 0x0000000092700000, 0x0000000092600000| Untracked 
| 295|0x0000000092700000, 0x0000000092800000, 0x0000000092800000|100%| O|  |TAMS 0x0000000092800000, 0x0000000092700000| Untracked 
| 296|0x0000000092800000, 0x0000000092900000, 0x0000000092900000|100%| O|  |TAMS 0x0000000092900000, 0x0000000092800000| Untracked 
| 297|0x0000000092900000, 0x0000000092a00000, 0x0000000092a00000|100%| O|  |TAMS 0x0000000092a00000, 0x0000000092900000| Untracked 
| 298|0x0000000092a00000, 0x0000000092b00000, 0x0000000092b00000|100%| O|  |TAMS 0x0000000092b00000, 0x0000000092a00000| Untracked 
| 299|0x0000000092b00000, 0x0000000092c00000, 0x0000000092c00000|100%| O|  |TAMS 0x0000000092c00000, 0x0000000092b00000| Untracked 
| 300|0x0000000092c00000, 0x0000000092d00000, 0x0000000092d00000|100%| O|  |TAMS 0x0000000092d00000, 0x0000000092c00000| Untracked 
| 301|0x0000000092d00000, 0x0000000092e00000, 0x0000000092e00000|100%| O|  |TAMS 0x0000000092e00000, 0x0000000092d00000| Untracked 
| 302|0x0000000092e00000, 0x0000000092f00000, 0x0000000092f00000|100%| O|  |TAMS 0x0000000092f00000, 0x0000000092e00000| Untracked 
| 303|0x0000000092f00000, 0x0000000093000000, 0x0000000093000000|100%| O|  |TAMS 0x0000000093000000, 0x0000000092f00000| Untracked 
| 304|0x0000000093000000, 0x0000000093100000, 0x0000000093100000|100%| O|  |TAMS 0x0000000093100000, 0x0000000093000000| Untracked 
| 305|0x0000000093100000, 0x0000000093200000, 0x0000000093200000|100%| O|  |TAMS 0x0000000093200000, 0x0000000093100000| Untracked 
| 306|0x0000000093200000, 0x0000000093300000, 0x0000000093300000|100%| O|  |TAMS 0x0000000093300000, 0x0000000093200000| Untracked 
| 307|0x0000000093300000, 0x0000000093400000, 0x0000000093400000|100%| O|  |TAMS 0x0000000093400000, 0x0000000093300000| Untracked 
| 308|0x0000000093400000, 0x0000000093500000, 0x0000000093500000|100%| O|  |TAMS 0x0000000093500000, 0x0000000093400000| Untracked 
| 309|0x0000000093500000, 0x0000000093600000, 0x0000000093600000|100%| O|  |TAMS 0x0000000093600000, 0x0000000093500000| Untracked 
| 310|0x0000000093600000, 0x0000000093700000, 0x0000000093700000|100%| O|  |TAMS 0x0000000093700000, 0x0000000093600000| Untracked 
| 311|0x0000000093700000, 0x0000000093800000, 0x0000000093800000|100%| O|  |TAMS 0x0000000093800000, 0x0000000093700000| Untracked 
| 312|0x0000000093800000, 0x0000000093900000, 0x0000000093900000|100%| O|  |TAMS 0x0000000093900000, 0x0000000093800000| Updating 
| 313|0x0000000093900000, 0x0000000093a00000, 0x0000000093a00000|100%| O|  |TAMS 0x000000009396c600, 0x0000000093900000| Updating 
| 314|0x0000000093a00000, 0x0000000093b00000, 0x0000000093b00000|100%| O|  |TAMS 0x0000000093a00000, 0x0000000093a00000| Untracked 
| 315|0x0000000093b00000, 0x0000000093c00000, 0x0000000093c00000|100%| O|  |TAMS 0x0000000093b00000, 0x0000000093b00000| Untracked 
| 316|0x0000000093c00000, 0x0000000093d00000, 0x0000000093d00000|100%| O|  |TAMS 0x0000000093c00000, 0x0000000093c00000| Untracked 
| 317|0x0000000093d00000, 0x0000000093e00000, 0x0000000093e00000|100%| O|  |TAMS 0x0000000093d00000, 0x0000000093d00000| Untracked 
| 318|0x0000000093e00000, 0x0000000093f00000, 0x0000000093f00000|100%| O|  |TAMS 0x0000000093e00000, 0x0000000093e00000| Untracked 
| 319|0x0000000093f00000, 0x0000000094000000, 0x0000000094000000|100%| O|  |TAMS 0x0000000093f00000, 0x0000000093f00000| Untracked 
| 320|0x0000000094000000, 0x0000000094100000, 0x0000000094100000|100%| O|  |TAMS 0x0000000094000000, 0x0000000094000000| Untracked 
| 321|0x0000000094100000, 0x0000000094200000, 0x0000000094200000|100%| O|  |TAMS 0x0000000094100000, 0x0000000094100000| Untracked 
| 322|0x0000000094200000, 0x0000000094300000, 0x0000000094300000|100%| O|  |TAMS 0x0000000094200000, 0x0000000094200000| Untracked 
| 323|0x0000000094300000, 0x0000000094400000, 0x0000000094400000|100%| O|  |TAMS 0x0000000094300000, 0x0000000094300000| Untracked 
| 324|0x0000000094400000, 0x0000000094500000, 0x0000000094500000|100%| O|  |TAMS 0x0000000094400000, 0x0000000094400000| Untracked 
| 325|0x0000000094500000, 0x0000000094600000, 0x0000000094600000|100%| O|  |TAMS 0x0000000094500000, 0x0000000094500000| Untracked 
| 326|0x0000000094600000, 0x0000000094700000, 0x0000000094700000|100%| O|  |TAMS 0x0000000094600000, 0x0000000094600000| Untracked 
| 327|0x0000000094700000, 0x0000000094800000, 0x0000000094800000|100%| O|  |TAMS 0x0000000094700000, 0x0000000094700000| Untracked 
| 328|0x0000000094800000, 0x0000000094900000, 0x0000000094900000|100%| O|  |TAMS 0x0000000094800000, 0x0000000094800000| Untracked 
| 329|0x0000000094900000, 0x0000000094a00000, 0x0000000094a00000|100%| O|  |TAMS 0x0000000094900000, 0x0000000094900000| Untracked 
| 330|0x0000000094a00000, 0x0000000094b00000, 0x0000000094b00000|100%| O|  |TAMS 0x0000000094a00000, 0x0000000094a00000| Untracked 
| 331|0x0000000094b00000, 0x0000000094c00000, 0x0000000094c00000|100%| O|  |TAMS 0x0000000094b00000, 0x0000000094b00000| Untracked 
| 332|0x0000000094c00000, 0x0000000094d00000, 0x0000000094d00000|100%| O|  |TAMS 0x0000000094c00000, 0x0000000094c00000| Untracked 
| 333|0x0000000094d00000, 0x0000000094e00000, 0x0000000094e00000|100%| O|  |TAMS 0x0000000094d00000, 0x0000000094d00000| Untracked 
| 334|0x0000000094e00000, 0x0000000094f00000, 0x0000000094f00000|100%| O|  |TAMS 0x0000000094e00000, 0x0000000094e00000| Untracked 
| 335|0x0000000094f00000, 0x0000000095000000, 0x0000000095000000|100%| O|  |TAMS 0x0000000094f00000, 0x0000000094f00000| Untracked 
| 336|0x0000000095000000, 0x0000000095100000, 0x0000000095100000|100%| O|  |TAMS 0x0000000095000000, 0x0000000095000000| Untracked 
| 337|0x0000000095100000, 0x0000000095200000, 0x0000000095200000|100%| O|  |TAMS 0x0000000095100000, 0x0000000095100000| Untracked 
| 338|0x0000000095200000, 0x0000000095300000, 0x0000000095300000|100%| O|  |TAMS 0x0000000095200000, 0x0000000095200000| Untracked 
| 339|0x0000000095300000, 0x0000000095400000, 0x0000000095400000|100%| O|  |TAMS 0x0000000095300000, 0x0000000095300000| Untracked 
| 340|0x0000000095400000, 0x0000000095500000, 0x0000000095500000|100%| O|  |TAMS 0x0000000095400000, 0x0000000095400000| Untracked 
| 341|0x0000000095500000, 0x0000000095600000, 0x0000000095600000|100%| O|  |TAMS 0x0000000095500000, 0x0000000095500000| Untracked 
| 342|0x0000000095600000, 0x0000000095700000, 0x0000000095700000|100%| O|  |TAMS 0x0000000095600000, 0x0000000095600000| Untracked 
| 343|0x0000000095700000, 0x0000000095800000, 0x0000000095800000|100%|HS|  |TAMS 0x0000000095700000, 0x0000000095700000| Complete 
| 344|0x0000000095800000, 0x0000000095900000, 0x0000000095900000|100%|HS|  |TAMS 0x0000000095800000, 0x0000000095800000| Complete 
| 345|0x0000000095900000, 0x0000000095a00000, 0x0000000095a00000|100%|HC|  |TAMS 0x0000000095900000, 0x0000000095900000| Complete 
| 346|0x0000000095a00000, 0x0000000095b00000, 0x0000000095b00000|100%|HS|  |TAMS 0x0000000095a00000, 0x0000000095a00000| Complete 
| 347|0x0000000095b00000, 0x0000000095c00000, 0x0000000095c00000|100%|HC|  |TAMS 0x0000000095b00000, 0x0000000095b00000| Complete 
| 348|0x0000000095c00000, 0x0000000095d00000, 0x0000000095d00000|100%|HC|  |TAMS 0x0000000095c00000, 0x0000000095c00000| Complete 
| 349|0x0000000095d00000, 0x0000000095e00000, 0x0000000095e00000|100%|HS|  |TAMS 0x0000000095d00000, 0x0000000095d00000| Complete 
| 350|0x0000000095e00000, 0x0000000095f00000, 0x0000000095f00000|100%|HC|  |TAMS 0x0000000095e00000, 0x0000000095e00000| Complete 
| 351|0x0000000095f00000, 0x0000000096000000, 0x0000000096000000|100%|HC|  |TAMS 0x0000000095f00000, 0x0000000095f00000| Complete 
| 352|0x0000000096000000, 0x0000000096100000, 0x0000000096100000|100%|HC|  |TAMS 0x0000000096000000, 0x0000000096000000| Complete 
| 353|0x0000000096100000, 0x0000000096200000, 0x0000000096200000|100%|HC|  |TAMS 0x0000000096100000, 0x0000000096100000| Complete 
| 354|0x0000000096200000, 0x0000000096300000, 0x0000000096300000|100%|HS|  |TAMS 0x0000000096200000, 0x0000000096200000| Complete 
| 355|0x0000000096300000, 0x0000000096400000, 0x0000000096400000|100%|HC|  |TAMS 0x0000000096300000, 0x0000000096300000| Complete 
| 356|0x0000000096400000, 0x0000000096500000, 0x0000000096500000|100%|HC|  |TAMS 0x0000000096400000, 0x0000000096400000| Complete 
| 357|0x0000000096500000, 0x0000000096600000, 0x0000000096600000|100%|HC|  |TAMS 0x0000000096500000, 0x0000000096500000| Complete 
| 358|0x0000000096600000, 0x0000000096700000, 0x0000000096700000|100%|HC|  |TAMS 0x0000000096600000, 0x0000000096600000| Complete 
| 359|0x0000000096700000, 0x0000000096800000, 0x0000000096800000|100%|HC|  |TAMS 0x0000000096700000, 0x0000000096700000| Complete 
| 360|0x0000000096800000, 0x0000000096900000, 0x0000000096900000|100%|HC|  |TAMS 0x0000000096800000, 0x0000000096800000| Complete 
| 361|0x0000000096900000, 0x0000000096a00000, 0x0000000096a00000|100%| O|  |TAMS 0x0000000096900000, 0x0000000096900000| Untracked 
| 362|0x0000000096a00000, 0x0000000096b00000, 0x0000000096b00000|100%| O|  |TAMS 0x0000000096a00000, 0x0000000096a00000| Untracked 
| 363|0x0000000096b00000, 0x0000000096c00000, 0x0000000096c00000|100%| O|  |TAMS 0x0000000096b00000, 0x0000000096b00000| Untracked 
| 364|0x0000000096c00000, 0x0000000096d00000, 0x0000000096d00000|100%| O|  |TAMS 0x0000000096c00000, 0x0000000096c00000| Untracked 
| 365|0x0000000096d00000, 0x0000000096e00000, 0x0000000096e00000|100%| O|  |TAMS 0x0000000096d00000, 0x0000000096d00000| Untracked 
| 366|0x0000000096e00000, 0x0000000096f00000, 0x0000000096f00000|100%| O|  |TAMS 0x0000000096e00000, 0x0000000096e00000| Untracked 
| 367|0x0000000096f00000, 0x0000000097000000, 0x0000000097000000|100%| O|  |TAMS 0x0000000096f00000, 0x0000000096f00000| Untracked 
| 368|0x0000000097000000, 0x0000000097100000, 0x0000000097100000|100%| O|  |TAMS 0x0000000097000000, 0x0000000097000000| Untracked 
| 369|0x0000000097100000, 0x0000000097200000, 0x0000000097200000|100%| O|  |TAMS 0x0000000097100000, 0x0000000097100000| Untracked 
| 370|0x0000000097200000, 0x0000000097300000, 0x0000000097300000|100%| O|  |TAMS 0x0000000097200000, 0x0000000097200000| Untracked 
| 371|0x0000000097300000, 0x0000000097400000, 0x0000000097400000|100%| O|  |TAMS 0x0000000097300000, 0x0000000097300000| Untracked 
| 372|0x0000000097400000, 0x0000000097500000, 0x0000000097500000|100%| O|  |TAMS 0x0000000097400000, 0x0000000097400000| Untracked 
| 373|0x0000000097500000, 0x0000000097600000, 0x0000000097600000|100%| O|  |TAMS 0x0000000097500000, 0x0000000097500000| Untracked 
| 374|0x0000000097600000, 0x0000000097700000, 0x0000000097700000|100%| O|  |TAMS 0x0000000097600000, 0x0000000097600000| Untracked 
| 375|0x0000000097700000, 0x0000000097800000, 0x0000000097800000|100%| O|  |TAMS 0x0000000097700000, 0x0000000097700000| Untracked 
| 376|0x0000000097800000, 0x0000000097900000, 0x0000000097900000|100%| O|  |TAMS 0x0000000097800000, 0x0000000097800000| Untracked 
| 377|0x0000000097900000, 0x0000000097a00000, 0x0000000097a00000|100%| O|  |TAMS 0x0000000097900000, 0x0000000097900000| Untracked 
| 378|0x0000000097a00000, 0x0000000097b00000, 0x0000000097b00000|100%| O|  |TAMS 0x0000000097a00000, 0x0000000097a00000| Untracked 
| 379|0x0000000097b00000, 0x0000000097c00000, 0x0000000097c00000|100%| O|  |TAMS 0x0000000097b00000, 0x0000000097b00000| Untracked 
| 380|0x0000000097c00000, 0x0000000097d00000, 0x0000000097d00000|100%| O|  |TAMS 0x0000000097c00000, 0x0000000097c00000| Untracked 
| 381|0x0000000097d00000, 0x0000000097e00000, 0x0000000097e00000|100%| O|  |TAMS 0x0000000097d00000, 0x0000000097d00000| Untracked 
| 382|0x0000000097e00000, 0x0000000097f00000, 0x0000000097f00000|100%| O|  |TAMS 0x0000000097e00000, 0x0000000097e00000| Untracked 
| 383|0x0000000097f00000, 0x0000000097f80000, 0x0000000098000000| 50%| O|  |TAMS 0x0000000097f00000, 0x0000000097f00000| Untracked 
| 384|0x0000000098000000, 0x0000000098000000, 0x0000000098100000|  0%| F|  |TAMS 0x0000000098000000, 0x0000000098000000| Untracked 
| 385|0x0000000098100000, 0x0000000098100000, 0x0000000098200000|  0%| F|  |TAMS 0x0000000098100000, 0x0000000098100000| Untracked 
| 386|0x0000000098200000, 0x0000000098200000, 0x0000000098300000|  0%| F|  |TAMS 0x0000000098200000, 0x0000000098200000| Untracked 
| 387|0x0000000098300000, 0x0000000098300000, 0x0000000098400000|  0%| F|  |TAMS 0x0000000098300000, 0x0000000098300000| Untracked 
| 388|0x0000000098400000, 0x0000000098400000, 0x0000000098500000|  0%| F|  |TAMS 0x0000000098400000, 0x0000000098400000| Untracked 
| 389|0x0000000098500000, 0x0000000098500000, 0x0000000098600000|  0%| F|  |TAMS 0x0000000098500000, 0x0000000098500000| Untracked 
| 390|0x0000000098600000, 0x0000000098600000, 0x0000000098700000|  0%| F|  |TAMS 0x0000000098600000, 0x0000000098600000| Untracked 
| 391|0x0000000098700000, 0x0000000098700000, 0x0000000098800000|  0%| F|  |TAMS 0x0000000098700000, 0x0000000098700000| Untracked 
| 392|0x0000000098800000, 0x0000000098800000, 0x0000000098900000|  0%| F|  |TAMS 0x0000000098800000, 0x0000000098800000| Untracked 
| 393|0x0000000098900000, 0x0000000098900000, 0x0000000098a00000|  0%| F|  |TAMS 0x0000000098900000, 0x0000000098900000| Untracked 
| 394|0x0000000098a00000, 0x0000000098a00000, 0x0000000098b00000|  0%| F|  |TAMS 0x0000000098a00000, 0x0000000098a00000| Untracked 
| 395|0x0000000098b00000, 0x0000000098b00000, 0x0000000098c00000|  0%| F|  |TAMS 0x0000000098b00000, 0x0000000098b00000| Untracked 
| 396|0x0000000098c00000, 0x0000000098c00000, 0x0000000098d00000|  0%| F|  |TAMS 0x0000000098c00000, 0x0000000098c00000| Untracked 
| 397|0x0000000098d00000, 0x0000000098d00000, 0x0000000098e00000|  0%| F|  |TAMS 0x0000000098d00000, 0x0000000098d00000| Untracked 
| 398|0x0000000098e00000, 0x0000000098e00000, 0x0000000098f00000|  0%| F|  |TAMS 0x0000000098e00000, 0x0000000098e00000| Untracked 
| 399|0x0000000098f00000, 0x0000000098f00000, 0x0000000099000000|  0%| F|  |TAMS 0x0000000098f00000, 0x0000000098f00000| Untracked 
| 400|0x0000000099000000, 0x0000000099000000, 0x0000000099100000|  0%| F|  |TAMS 0x0000000099000000, 0x0000000099000000| Untracked 
| 401|0x0000000099100000, 0x0000000099100000, 0x0000000099200000|  0%| F|  |TAMS 0x0000000099100000, 0x0000000099100000| Untracked 
| 402|0x0000000099200000, 0x0000000099200000, 0x0000000099300000|  0%| F|  |TAMS 0x0000000099200000, 0x0000000099200000| Untracked 
| 403|0x0000000099300000, 0x0000000099300000, 0x0000000099400000|  0%| F|  |TAMS 0x0000000099300000, 0x0000000099300000| Untracked 
| 404|0x0000000099400000, 0x0000000099400000, 0x0000000099500000|  0%| F|  |TAMS 0x0000000099400000, 0x0000000099400000| Untracked 
| 405|0x0000000099500000, 0x0000000099500000, 0x0000000099600000|  0%| F|  |TAMS 0x0000000099500000, 0x0000000099500000| Untracked 
| 406|0x0000000099600000, 0x0000000099600000, 0x0000000099700000|  0%| F|  |TAMS 0x0000000099600000, 0x0000000099600000| Untracked 
| 407|0x0000000099700000, 0x0000000099700000, 0x0000000099800000|  0%| F|  |TAMS 0x0000000099700000, 0x0000000099700000| Untracked 
| 408|0x0000000099800000, 0x0000000099800000, 0x0000000099900000|  0%| F|  |TAMS 0x0000000099800000, 0x0000000099800000| Untracked 
| 409|0x0000000099900000, 0x0000000099900000, 0x0000000099a00000|  0%| F|  |TAMS 0x0000000099900000, 0x0000000099900000| Untracked 
| 410|0x0000000099a00000, 0x0000000099a00000, 0x0000000099b00000|  0%| F|  |TAMS 0x0000000099a00000, 0x0000000099a00000| Untracked 
| 411|0x0000000099b00000, 0x0000000099b00000, 0x0000000099c00000|  0%| F|  |TAMS 0x0000000099b00000, 0x0000000099b00000| Untracked 
| 412|0x0000000099c00000, 0x0000000099c00000, 0x0000000099d00000|  0%| F|  |TAMS 0x0000000099c00000, 0x0000000099c00000| Untracked 
| 413|0x0000000099d00000, 0x0000000099d00000, 0x0000000099e00000|  0%| F|  |TAMS 0x0000000099d00000, 0x0000000099d00000| Untracked 
| 414|0x0000000099e00000, 0x0000000099e00000, 0x0000000099f00000|  0%| F|  |TAMS 0x0000000099e00000, 0x0000000099e00000| Untracked 
| 415|0x0000000099f00000, 0x0000000099f00000, 0x000000009a000000|  0%| F|  |TAMS 0x0000000099f00000, 0x0000000099f00000| Untracked 
| 416|0x000000009a000000, 0x000000009a000000, 0x000000009a100000|  0%| F|  |TAMS 0x000000009a000000, 0x000000009a000000| Untracked 
| 417|0x000000009a100000, 0x000000009a100000, 0x000000009a200000|  0%| F|  |TAMS 0x000000009a100000, 0x000000009a100000| Untracked 
| 418|0x000000009a200000, 0x000000009a200000, 0x000000009a300000|  0%| F|  |TAMS 0x000000009a200000, 0x000000009a200000| Untracked 
| 419|0x000000009a300000, 0x000000009a300000, 0x000000009a400000|  0%| F|  |TAMS 0x000000009a300000, 0x000000009a300000| Untracked 
| 420|0x000000009a400000, 0x000000009a400000, 0x000000009a500000|  0%| F|  |TAMS 0x000000009a400000, 0x000000009a400000| Untracked 
| 421|0x000000009a500000, 0x000000009a500000, 0x000000009a600000|  0%| F|  |TAMS 0x000000009a500000, 0x000000009a500000| Untracked 
| 422|0x000000009a600000, 0x000000009a600000, 0x000000009a700000|  0%| F|  |TAMS 0x000000009a600000, 0x000000009a600000| Untracked 
| 423|0x000000009a700000, 0x000000009a700000, 0x000000009a800000|  0%| F|  |TAMS 0x000000009a700000, 0x000000009a700000| Untracked 
| 424|0x000000009a800000, 0x000000009a800000, 0x000000009a900000|  0%| F|  |TAMS 0x000000009a800000, 0x000000009a800000| Untracked 
| 425|0x000000009a900000, 0x000000009a900000, 0x000000009aa00000|  0%| F|  |TAMS 0x000000009a900000, 0x000000009a900000| Untracked 
| 426|0x000000009aa00000, 0x000000009aa00000, 0x000000009ab00000|  0%| F|  |TAMS 0x000000009aa00000, 0x000000009aa00000| Untracked 
| 427|0x000000009ab00000, 0x000000009ab00000, 0x000000009ac00000|  0%| F|  |TAMS 0x000000009ab00000, 0x000000009ab00000| Untracked 
| 428|0x000000009ac00000, 0x000000009ac00000, 0x000000009ad00000|  0%| F|  |TAMS 0x000000009ac00000, 0x000000009ac00000| Untracked 
| 429|0x000000009ad00000, 0x000000009ad00000, 0x000000009ae00000|  0%| F|  |TAMS 0x000000009ad00000, 0x000000009ad00000| Untracked 
| 430|0x000000009ae00000, 0x000000009ae00000, 0x000000009af00000|  0%| F|  |TAMS 0x000000009ae00000, 0x000000009ae00000| Untracked 
| 431|0x000000009af00000, 0x000000009af00000, 0x000000009b000000|  0%| F|  |TAMS 0x000000009af00000, 0x000000009af00000| Untracked 
| 432|0x000000009b000000, 0x000000009b000000, 0x000000009b100000|  0%| F|  |TAMS 0x000000009b000000, 0x000000009b000000| Untracked 
| 433|0x000000009b100000, 0x000000009b100000, 0x000000009b200000|  0%| F|  |TAMS 0x000000009b100000, 0x000000009b100000| Untracked 
| 434|0x000000009b200000, 0x000000009b200000, 0x000000009b300000|  0%| F|  |TAMS 0x000000009b200000, 0x000000009b200000| Untracked 
| 435|0x000000009b300000, 0x000000009b300000, 0x000000009b400000|  0%| F|  |TAMS 0x000000009b300000, 0x000000009b300000| Untracked 
| 436|0x000000009b400000, 0x000000009b400000, 0x000000009b500000|  0%| F|  |TAMS 0x000000009b400000, 0x000000009b400000| Untracked 
| 437|0x000000009b500000, 0x000000009b500000, 0x000000009b600000|  0%| F|  |TAMS 0x000000009b500000, 0x000000009b500000| Untracked 
| 438|0x000000009b600000, 0x000000009b600000, 0x000000009b700000|  0%| F|  |TAMS 0x000000009b600000, 0x000000009b600000| Untracked 
| 439|0x000000009b700000, 0x000000009b700000, 0x000000009b800000|  0%| F|  |TAMS 0x000000009b700000, 0x000000009b700000| Untracked 
| 440|0x000000009b800000, 0x000000009b800000, 0x000000009b900000|  0%| F|  |TAMS 0x000000009b800000, 0x000000009b800000| Untracked 
| 441|0x000000009b900000, 0x000000009b900000, 0x000000009ba00000|  0%| F|  |TAMS 0x000000009b900000, 0x000000009b900000| Untracked 
| 442|0x000000009ba00000, 0x000000009ba00000, 0x000000009bb00000|  0%| F|  |TAMS 0x000000009ba00000, 0x000000009ba00000| Untracked 
| 443|0x000000009bb00000, 0x000000009bb00000, 0x000000009bc00000|  0%| F|  |TAMS 0x000000009bb00000, 0x000000009bb00000| Untracked 
| 444|0x000000009bc00000, 0x000000009bc00000, 0x000000009bd00000|  0%| F|  |TAMS 0x000000009bc00000, 0x000000009bc00000| Untracked 
| 445|0x000000009bd00000, 0x000000009bd00000, 0x000000009be00000|  0%| F|  |TAMS 0x000000009bd00000, 0x000000009bd00000| Untracked 
| 446|0x000000009be00000, 0x000000009be00000, 0x000000009bf00000|  0%| F|  |TAMS 0x000000009be00000, 0x000000009be00000| Untracked 
| 447|0x000000009bf00000, 0x000000009bf00000, 0x000000009c000000|  0%| F|  |TAMS 0x000000009bf00000, 0x000000009bf00000| Untracked 
| 448|0x000000009c000000, 0x000000009c000000, 0x000000009c100000|  0%| F|  |TAMS 0x000000009c000000, 0x000000009c000000| Untracked 
| 449|0x000000009c100000, 0x000000009c100000, 0x000000009c200000|  0%| F|  |TAMS 0x000000009c100000, 0x000000009c100000| Untracked 
| 450|0x000000009c200000, 0x000000009c200000, 0x000000009c300000|  0%| F|  |TAMS 0x000000009c200000, 0x000000009c200000| Untracked 
| 451|0x000000009c300000, 0x000000009c300000, 0x000000009c400000|  0%| F|  |TAMS 0x000000009c300000, 0x000000009c300000| Untracked 
| 452|0x000000009c400000, 0x000000009c400000, 0x000000009c500000|  0%| F|  |TAMS 0x000000009c400000, 0x000000009c400000| Untracked 
| 453|0x000000009c500000, 0x000000009c500000, 0x000000009c600000|  0%| F|  |TAMS 0x000000009c500000, 0x000000009c500000| Untracked 
| 454|0x000000009c600000, 0x000000009c600000, 0x000000009c700000|  0%| F|  |TAMS 0x000000009c600000, 0x000000009c600000| Untracked 
| 455|0x000000009c700000, 0x000000009c700000, 0x000000009c800000|  0%| F|  |TAMS 0x000000009c700000, 0x000000009c700000| Untracked 
| 456|0x000000009c800000, 0x000000009c800000, 0x000000009c900000|  0%| F|  |TAMS 0x000000009c800000, 0x000000009c800000| Untracked 
| 457|0x000000009c900000, 0x000000009c900000, 0x000000009ca00000|  0%| F|  |TAMS 0x000000009c900000, 0x000000009c900000| Untracked 
| 458|0x000000009ca00000, 0x000000009ca00000, 0x000000009cb00000|  0%| F|  |TAMS 0x000000009ca00000, 0x000000009ca00000| Untracked 
| 459|0x000000009cb00000, 0x000000009cb00000, 0x000000009cc00000|  0%| F|  |TAMS 0x000000009cb00000, 0x000000009cb00000| Untracked 
| 460|0x000000009cc00000, 0x000000009cc00000, 0x000000009cd00000|  0%| F|  |TAMS 0x000000009cc00000, 0x000000009cc00000| Untracked 
| 461|0x000000009cd00000, 0x000000009cd00000, 0x000000009ce00000|  0%| F|  |TAMS 0x000000009cd00000, 0x000000009cd00000| Untracked 
| 462|0x000000009ce00000, 0x000000009ce00000, 0x000000009cf00000|  0%| F|  |TAMS 0x000000009ce00000, 0x000000009ce00000| Untracked 
| 463|0x000000009cf00000, 0x000000009cf00000, 0x000000009d000000|  0%| F|  |TAMS 0x000000009cf00000, 0x000000009cf00000| Untracked 
| 464|0x000000009d000000, 0x000000009d000000, 0x000000009d100000|  0%| F|  |TAMS 0x000000009d000000, 0x000000009d000000| Untracked 
| 465|0x000000009d100000, 0x000000009d100000, 0x000000009d200000|  0%| F|  |TAMS 0x000000009d100000, 0x000000009d100000| Untracked 
| 466|0x000000009d200000, 0x000000009d200000, 0x000000009d300000|  0%| F|  |TAMS 0x000000009d200000, 0x000000009d200000| Untracked 
| 467|0x000000009d300000, 0x000000009d300000, 0x000000009d400000|  0%| F|  |TAMS 0x000000009d300000, 0x000000009d300000| Untracked 
| 468|0x000000009d400000, 0x000000009d400000, 0x000000009d500000|  0%| F|  |TAMS 0x000000009d400000, 0x000000009d400000| Untracked 
| 469|0x000000009d500000, 0x000000009d500000, 0x000000009d600000|  0%| F|  |TAMS 0x000000009d500000, 0x000000009d500000| Untracked 
| 470|0x000000009d600000, 0x000000009d600000, 0x000000009d700000|  0%| F|  |TAMS 0x000000009d600000, 0x000000009d600000| Untracked 
| 471|0x000000009d700000, 0x000000009d700000, 0x000000009d800000|  0%| F|  |TAMS 0x000000009d700000, 0x000000009d700000| Untracked 
| 472|0x000000009d800000, 0x000000009d800000, 0x000000009d900000|  0%| F|  |TAMS 0x000000009d800000, 0x000000009d800000| Untracked 
| 473|0x000000009d900000, 0x000000009d900000, 0x000000009da00000|  0%| F|  |TAMS 0x000000009d900000, 0x000000009d900000| Untracked 
| 474|0x000000009da00000, 0x000000009da00000, 0x000000009db00000|  0%| F|  |TAMS 0x000000009da00000, 0x000000009da00000| Untracked 
| 475|0x000000009db00000, 0x000000009db00000, 0x000000009dc00000|  0%| F|  |TAMS 0x000000009db00000, 0x000000009db00000| Untracked 
| 476|0x000000009dc00000, 0x000000009dc00000, 0x000000009dd00000|  0%| F|  |TAMS 0x000000009dc00000, 0x000000009dc00000| Untracked 
| 477|0x000000009dd00000, 0x000000009dd00000, 0x000000009de00000|  0%| F|  |TAMS 0x000000009dd00000, 0x000000009dd00000| Untracked 
| 478|0x000000009de00000, 0x000000009de00000, 0x000000009df00000|  0%| F|  |TAMS 0x000000009de00000, 0x000000009de00000| Untracked 
| 479|0x000000009df00000, 0x000000009df00000, 0x000000009e000000|  0%| F|  |TAMS 0x000000009df00000, 0x000000009df00000| Untracked 
| 480|0x000000009e000000, 0x000000009e000000, 0x000000009e100000|  0%| F|  |TAMS 0x000000009e000000, 0x000000009e000000| Untracked 
| 481|0x000000009e100000, 0x000000009e100000, 0x000000009e200000|  0%| F|  |TAMS 0x000000009e100000, 0x000000009e100000| Untracked 
| 482|0x000000009e200000, 0x000000009e200000, 0x000000009e300000|  0%| F|  |TAMS 0x000000009e200000, 0x000000009e200000| Untracked 
| 483|0x000000009e300000, 0x000000009e300000, 0x000000009e400000|  0%| F|  |TAMS 0x000000009e300000, 0x000000009e300000| Untracked 
| 484|0x000000009e400000, 0x000000009e400000, 0x000000009e500000|  0%| F|  |TAMS 0x000000009e400000, 0x000000009e400000| Untracked 
| 485|0x000000009e500000, 0x000000009e500000, 0x000000009e600000|  0%| F|  |TAMS 0x000000009e500000, 0x000000009e500000| Untracked 
| 486|0x000000009e600000, 0x000000009e600000, 0x000000009e700000|  0%| F|  |TAMS 0x000000009e600000, 0x000000009e600000| Untracked 
| 487|0x000000009e700000, 0x000000009e700000, 0x000000009e800000|  0%| F|  |TAMS 0x000000009e700000, 0x000000009e700000| Untracked 
| 488|0x000000009e800000, 0x000000009e800000, 0x000000009e900000|  0%| F|  |TAMS 0x000000009e800000, 0x000000009e800000| Untracked 
| 489|0x000000009e900000, 0x000000009e900000, 0x000000009ea00000|  0%| F|  |TAMS 0x000000009e900000, 0x000000009e900000| Untracked 
| 490|0x000000009ea00000, 0x000000009ea00000, 0x000000009eb00000|  0%| F|  |TAMS 0x000000009ea00000, 0x000000009ea00000| Untracked 
| 491|0x000000009eb00000, 0x000000009eb00000, 0x000000009ec00000|  0%| F|  |TAMS 0x000000009eb00000, 0x000000009eb00000| Untracked 
| 492|0x000000009ec00000, 0x000000009ec00000, 0x000000009ed00000|  0%| F|  |TAMS 0x000000009ec00000, 0x000000009ec00000| Untracked 
| 493|0x000000009ed00000, 0x000000009ed00000, 0x000000009ee00000|  0%| F|  |TAMS 0x000000009ed00000, 0x000000009ed00000| Untracked 
| 494|0x000000009ee00000, 0x000000009ee00000, 0x000000009ef00000|  0%| F|  |TAMS 0x000000009ee00000, 0x000000009ee00000| Untracked 
| 495|0x000000009ef00000, 0x000000009ef00000, 0x000000009f000000|  0%| F|  |TAMS 0x000000009ef00000, 0x000000009ef00000| Untracked 
| 496|0x000000009f000000, 0x000000009f000000, 0x000000009f100000|  0%| F|  |TAMS 0x000000009f000000, 0x000000009f000000| Untracked 
| 497|0x000000009f100000, 0x000000009f100000, 0x000000009f200000|  0%| F|  |TAMS 0x000000009f100000, 0x000000009f100000| Untracked 
| 498|0x000000009f200000, 0x000000009f200000, 0x000000009f300000|  0%| F|  |TAMS 0x000000009f200000, 0x000000009f200000| Untracked 
| 499|0x000000009f300000, 0x000000009f300000, 0x000000009f400000|  0%| F|  |TAMS 0x000000009f300000, 0x000000009f300000| Untracked 
| 500|0x000000009f400000, 0x000000009f400000, 0x000000009f500000|  0%| F|  |TAMS 0x000000009f400000, 0x000000009f400000| Untracked 
| 501|0x000000009f500000, 0x000000009f500000, 0x000000009f600000|  0%| F|  |TAMS 0x000000009f500000, 0x000000009f500000| Untracked 
| 502|0x000000009f600000, 0x000000009f600000, 0x000000009f700000|  0%| F|  |TAMS 0x000000009f600000, 0x000000009f600000| Untracked 
| 503|0x000000009f700000, 0x000000009f700000, 0x000000009f800000|  0%| F|  |TAMS 0x000000009f700000, 0x000000009f700000| Untracked 
| 504|0x000000009f800000, 0x000000009f800000, 0x000000009f900000|  0%| F|  |TAMS 0x000000009f800000, 0x000000009f800000| Untracked 
| 505|0x000000009f900000, 0x000000009f900000, 0x000000009fa00000|  0%| F|  |TAMS 0x000000009f900000, 0x000000009f900000| Untracked 
| 506|0x000000009fa00000, 0x000000009fa00000, 0x000000009fb00000|  0%| F|  |TAMS 0x000000009fa00000, 0x000000009fa00000| Untracked 
| 507|0x000000009fb00000, 0x000000009fb00000, 0x000000009fc00000|  0%| F|  |TAMS 0x000000009fb00000, 0x000000009fb00000| Untracked 
| 508|0x000000009fc00000, 0x000000009fc00000, 0x000000009fd00000|  0%| F|  |TAMS 0x000000009fc00000, 0x000000009fc00000| Untracked 
| 509|0x000000009fd00000, 0x000000009fd00000, 0x000000009fe00000|  0%| F|  |TAMS 0x000000009fd00000, 0x000000009fd00000| Untracked 
| 510|0x000000009fe00000, 0x000000009fe00000, 0x000000009ff00000|  0%| F|  |TAMS 0x000000009fe00000, 0x000000009fe00000| Untracked 
| 511|0x000000009ff00000, 0x000000009ff00000, 0x00000000a0000000|  0%| F|  |TAMS 0x000000009ff00000, 0x000000009ff00000| Untracked 
| 512|0x00000000a0000000, 0x00000000a0000000, 0x00000000a0100000|  0%| F|  |TAMS 0x00000000a0000000, 0x00000000a0000000| Untracked 
| 513|0x00000000a0100000, 0x00000000a0100000, 0x00000000a0200000|  0%| F|  |TAMS 0x00000000a0100000, 0x00000000a0100000| Untracked 
| 514|0x00000000a0200000, 0x00000000a0200000, 0x00000000a0300000|  0%| F|  |TAMS 0x00000000a0200000, 0x00000000a0200000| Untracked 
| 515|0x00000000a0300000, 0x00000000a0300000, 0x00000000a0400000|  0%| F|  |TAMS 0x00000000a0300000, 0x00000000a0300000| Untracked 
| 516|0x00000000a0400000, 0x00000000a0400000, 0x00000000a0500000|  0%| F|  |TAMS 0x00000000a0400000, 0x00000000a0400000| Untracked 
| 517|0x00000000a0500000, 0x00000000a0500000, 0x00000000a0600000|  0%| F|  |TAMS 0x00000000a0500000, 0x00000000a0500000| Untracked 
| 518|0x00000000a0600000, 0x00000000a0600000, 0x00000000a0700000|  0%| F|  |TAMS 0x00000000a0600000, 0x00000000a0600000| Untracked 
| 519|0x00000000a0700000, 0x00000000a0700000, 0x00000000a0800000|  0%| F|  |TAMS 0x00000000a0700000, 0x00000000a0700000| Untracked 
| 520|0x00000000a0800000, 0x00000000a0800000, 0x00000000a0900000|  0%| F|  |TAMS 0x00000000a0800000, 0x00000000a0800000| Untracked 
| 521|0x00000000a0900000, 0x00000000a0900000, 0x00000000a0a00000|  0%| F|  |TAMS 0x00000000a0900000, 0x00000000a0900000| Untracked 
| 522|0x00000000a0a00000, 0x00000000a0a00000, 0x00000000a0b00000|  0%| F|  |TAMS 0x00000000a0a00000, 0x00000000a0a00000| Untracked 
| 523|0x00000000a0b00000, 0x00000000a0b00000, 0x00000000a0c00000|  0%| F|  |TAMS 0x00000000a0b00000, 0x00000000a0b00000| Untracked 
| 524|0x00000000a0c00000, 0x00000000a0c00000, 0x00000000a0d00000|  0%| F|  |TAMS 0x00000000a0c00000, 0x00000000a0c00000| Untracked 
| 525|0x00000000a0d00000, 0x00000000a0d00000, 0x00000000a0e00000|  0%| F|  |TAMS 0x00000000a0d00000, 0x00000000a0d00000| Untracked 
| 526|0x00000000a0e00000, 0x00000000a0e00000, 0x00000000a0f00000|  0%| F|  |TAMS 0x00000000a0e00000, 0x00000000a0e00000| Untracked 
| 527|0x00000000a0f00000, 0x00000000a0f00000, 0x00000000a1000000|  0%| F|  |TAMS 0x00000000a0f00000, 0x00000000a0f00000| Untracked 
| 528|0x00000000a1000000, 0x00000000a1000000, 0x00000000a1100000|  0%| F|  |TAMS 0x00000000a1000000, 0x00000000a1000000| Untracked 
| 529|0x00000000a1100000, 0x00000000a1100000, 0x00000000a1200000|  0%| F|  |TAMS 0x00000000a1100000, 0x00000000a1100000| Untracked 
| 530|0x00000000a1200000, 0x00000000a1200000, 0x00000000a1300000|  0%| F|  |TAMS 0x00000000a1200000, 0x00000000a1200000| Untracked 
| 531|0x00000000a1300000, 0x00000000a1300000, 0x00000000a1400000|  0%| F|  |TAMS 0x00000000a1300000, 0x00000000a1300000| Untracked 
| 532|0x00000000a1400000, 0x00000000a1400000, 0x00000000a1500000|  0%| F|  |TAMS 0x00000000a1400000, 0x00000000a1400000| Untracked 
| 533|0x00000000a1500000, 0x00000000a1500000, 0x00000000a1600000|  0%| F|  |TAMS 0x00000000a1500000, 0x00000000a1500000| Untracked 
| 534|0x00000000a1600000, 0x00000000a1600000, 0x00000000a1700000|  0%| F|  |TAMS 0x00000000a1600000, 0x00000000a1600000| Untracked 
| 535|0x00000000a1700000, 0x00000000a1700000, 0x00000000a1800000|  0%| F|  |TAMS 0x00000000a1700000, 0x00000000a1700000| Untracked 
| 536|0x00000000a1800000, 0x00000000a1800000, 0x00000000a1900000|  0%| F|  |TAMS 0x00000000a1800000, 0x00000000a1800000| Untracked 
| 537|0x00000000a1900000, 0x00000000a1900000, 0x00000000a1a00000|  0%| F|  |TAMS 0x00000000a1900000, 0x00000000a1900000| Untracked 
| 538|0x00000000a1a00000, 0x00000000a1a00000, 0x00000000a1b00000|  0%| F|  |TAMS 0x00000000a1a00000, 0x00000000a1a00000| Untracked 
| 539|0x00000000a1b00000, 0x00000000a1b00000, 0x00000000a1c00000|  0%| F|  |TAMS 0x00000000a1b00000, 0x00000000a1b00000| Untracked 
| 540|0x00000000a1c00000, 0x00000000a1c00000, 0x00000000a1d00000|  0%| F|  |TAMS 0x00000000a1c00000, 0x00000000a1c00000| Untracked 
| 541|0x00000000a1d00000, 0x00000000a1d00000, 0x00000000a1e00000|  0%| F|  |TAMS 0x00000000a1d00000, 0x00000000a1d00000| Untracked 
| 542|0x00000000a1e00000, 0x00000000a1e00000, 0x00000000a1f00000|  0%| F|  |TAMS 0x00000000a1e00000, 0x00000000a1e00000| Untracked 
| 543|0x00000000a1f00000, 0x00000000a1f00000, 0x00000000a2000000|  0%| F|  |TAMS 0x00000000a1f00000, 0x00000000a1f00000| Untracked 
| 544|0x00000000a2000000, 0x00000000a2000000, 0x00000000a2100000|  0%| F|  |TAMS 0x00000000a2000000, 0x00000000a2000000| Untracked 
| 545|0x00000000a2100000, 0x00000000a2100000, 0x00000000a2200000|  0%| F|  |TAMS 0x00000000a2100000, 0x00000000a2100000| Untracked 
| 546|0x00000000a2200000, 0x00000000a2200000, 0x00000000a2300000|  0%| F|  |TAMS 0x00000000a2200000, 0x00000000a2200000| Untracked 
| 547|0x00000000a2300000, 0x00000000a2300000, 0x00000000a2400000|  0%| F|  |TAMS 0x00000000a2300000, 0x00000000a2300000| Untracked 
| 548|0x00000000a2400000, 0x00000000a2400000, 0x00000000a2500000|  0%| F|  |TAMS 0x00000000a2400000, 0x00000000a2400000| Untracked 
| 549|0x00000000a2500000, 0x00000000a2500000, 0x00000000a2600000|  0%| F|  |TAMS 0x00000000a2500000, 0x00000000a2500000| Untracked 
| 550|0x00000000a2600000, 0x00000000a2600000, 0x00000000a2700000|  0%| F|  |TAMS 0x00000000a2600000, 0x00000000a2600000| Untracked 
| 551|0x00000000a2700000, 0x00000000a2700000, 0x00000000a2800000|  0%| F|  |TAMS 0x00000000a2700000, 0x00000000a2700000| Untracked 
| 552|0x00000000a2800000, 0x00000000a2800000, 0x00000000a2900000|  0%| F|  |TAMS 0x00000000a2800000, 0x00000000a2800000| Untracked 
| 553|0x00000000a2900000, 0x00000000a2900000, 0x00000000a2a00000|  0%| F|  |TAMS 0x00000000a2900000, 0x00000000a2900000| Untracked 
| 554|0x00000000a2a00000, 0x00000000a2a00000, 0x00000000a2b00000|  0%| F|  |TAMS 0x00000000a2a00000, 0x00000000a2a00000| Untracked 
| 555|0x00000000a2b00000, 0x00000000a2b00000, 0x00000000a2c00000|  0%| F|  |TAMS 0x00000000a2b00000, 0x00000000a2b00000| Untracked 
| 556|0x00000000a2c00000, 0x00000000a2c00000, 0x00000000a2d00000|  0%| F|  |TAMS 0x00000000a2c00000, 0x00000000a2c00000| Untracked 
| 557|0x00000000a2d00000, 0x00000000a2d00000, 0x00000000a2e00000|  0%| F|  |TAMS 0x00000000a2d00000, 0x00000000a2d00000| Untracked 
| 558|0x00000000a2e00000, 0x00000000a2e00000, 0x00000000a2f00000|  0%| F|  |TAMS 0x00000000a2e00000, 0x00000000a2e00000| Untracked 
| 559|0x00000000a2f00000, 0x00000000a2f00000, 0x00000000a3000000|  0%| F|  |TAMS 0x00000000a2f00000, 0x00000000a2f00000| Untracked 
| 560|0x00000000a3000000, 0x00000000a3000000, 0x00000000a3100000|  0%| F|  |TAMS 0x00000000a3000000, 0x00000000a3000000| Untracked 
| 561|0x00000000a3100000, 0x00000000a3100000, 0x00000000a3200000|  0%| F|  |TAMS 0x00000000a3100000, 0x00000000a3100000| Untracked 
| 562|0x00000000a3200000, 0x00000000a3200000, 0x00000000a3300000|  0%| F|  |TAMS 0x00000000a3200000, 0x00000000a3200000| Untracked 
| 563|0x00000000a3300000, 0x00000000a3300000, 0x00000000a3400000|  0%| F|  |TAMS 0x00000000a3300000, 0x00000000a3300000| Untracked 
| 564|0x00000000a3400000, 0x00000000a3400000, 0x00000000a3500000|  0%| F|  |TAMS 0x00000000a3400000, 0x00000000a3400000| Untracked 
| 565|0x00000000a3500000, 0x00000000a3500000, 0x00000000a3600000|  0%| F|  |TAMS 0x00000000a3500000, 0x00000000a3500000| Untracked 
| 566|0x00000000a3600000, 0x00000000a3600000, 0x00000000a3700000|  0%| F|  |TAMS 0x00000000a3600000, 0x00000000a3600000| Untracked 
| 567|0x00000000a3700000, 0x00000000a3700000, 0x00000000a3800000|  0%| F|  |TAMS 0x00000000a3700000, 0x00000000a3700000| Untracked 
| 568|0x00000000a3800000, 0x00000000a3800000, 0x00000000a3900000|  0%| F|  |TAMS 0x00000000a3800000, 0x00000000a3800000| Untracked 
| 569|0x00000000a3900000, 0x00000000a3900000, 0x00000000a3a00000|  0%| F|  |TAMS 0x00000000a3900000, 0x00000000a3900000| Untracked 
| 570|0x00000000a3a00000, 0x00000000a3a00000, 0x00000000a3b00000|  0%| F|  |TAMS 0x00000000a3a00000, 0x00000000a3a00000| Untracked 
| 571|0x00000000a3b00000, 0x00000000a3b00000, 0x00000000a3c00000|  0%| F|  |TAMS 0x00000000a3b00000, 0x00000000a3b00000| Untracked 
| 572|0x00000000a3c00000, 0x00000000a3c00000, 0x00000000a3d00000|  0%| F|  |TAMS 0x00000000a3c00000, 0x00000000a3c00000| Untracked 
| 573|0x00000000a3d00000, 0x00000000a3d00000, 0x00000000a3e00000|  0%| F|  |TAMS 0x00000000a3d00000, 0x00000000a3d00000| Untracked 
| 574|0x00000000a3e00000, 0x00000000a3e00000, 0x00000000a3f00000|  0%| F|  |TAMS 0x00000000a3e00000, 0x00000000a3e00000| Untracked 
| 575|0x00000000a3f00000, 0x00000000a3f00000, 0x00000000a4000000|  0%| F|  |TAMS 0x00000000a3f00000, 0x00000000a3f00000| Untracked 
| 576|0x00000000a4000000, 0x00000000a4000000, 0x00000000a4100000|  0%| F|  |TAMS 0x00000000a4000000, 0x00000000a4000000| Untracked 
| 577|0x00000000a4100000, 0x00000000a4100000, 0x00000000a4200000|  0%| F|  |TAMS 0x00000000a4100000, 0x00000000a4100000| Untracked 
| 578|0x00000000a4200000, 0x00000000a4200000, 0x00000000a4300000|  0%| F|  |TAMS 0x00000000a4200000, 0x00000000a4200000| Untracked 
| 579|0x00000000a4300000, 0x00000000a4300000, 0x00000000a4400000|  0%| F|  |TAMS 0x00000000a4300000, 0x00000000a4300000| Untracked 
| 580|0x00000000a4400000, 0x00000000a4400000, 0x00000000a4500000|  0%| F|  |TAMS 0x00000000a4400000, 0x00000000a4400000| Untracked 
| 581|0x00000000a4500000, 0x00000000a4500000, 0x00000000a4600000|  0%| F|  |TAMS 0x00000000a4500000, 0x00000000a4500000| Untracked 
| 582|0x00000000a4600000, 0x00000000a4600000, 0x00000000a4700000|  0%| F|  |TAMS 0x00000000a4600000, 0x00000000a4600000| Untracked 
| 583|0x00000000a4700000, 0x00000000a4700000, 0x00000000a4800000|  0%| F|  |TAMS 0x00000000a4700000, 0x00000000a4700000| Untracked 
| 584|0x00000000a4800000, 0x00000000a4800000, 0x00000000a4900000|  0%| F|  |TAMS 0x00000000a4800000, 0x00000000a4800000| Untracked 
| 585|0x00000000a4900000, 0x00000000a4900000, 0x00000000a4a00000|  0%| F|  |TAMS 0x00000000a4900000, 0x00000000a4900000| Untracked 
| 586|0x00000000a4a00000, 0x00000000a4a00000, 0x00000000a4b00000|  0%| F|  |TAMS 0x00000000a4a00000, 0x00000000a4a00000| Untracked 
| 587|0x00000000a4b00000, 0x00000000a4b00000, 0x00000000a4c00000|  0%| F|  |TAMS 0x00000000a4b00000, 0x00000000a4b00000| Untracked 
| 588|0x00000000a4c00000, 0x00000000a4c00000, 0x00000000a4d00000|  0%| F|  |TAMS 0x00000000a4c00000, 0x00000000a4c00000| Untracked 
| 589|0x00000000a4d00000, 0x00000000a4d00000, 0x00000000a4e00000|  0%| F|  |TAMS 0x00000000a4d00000, 0x00000000a4d00000| Untracked 
| 590|0x00000000a4e00000, 0x00000000a4e00000, 0x00000000a4f00000|  0%| F|  |TAMS 0x00000000a4e00000, 0x00000000a4e00000| Untracked 
| 591|0x00000000a4f00000, 0x00000000a4f00000, 0x00000000a5000000|  0%| F|  |TAMS 0x00000000a4f00000, 0x00000000a4f00000| Untracked 
| 592|0x00000000a5000000, 0x00000000a5000000, 0x00000000a5100000|  0%| F|  |TAMS 0x00000000a5000000, 0x00000000a5000000| Untracked 
| 593|0x00000000a5100000, 0x00000000a5100000, 0x00000000a5200000|  0%| F|  |TAMS 0x00000000a5100000, 0x00000000a5100000| Untracked 
| 594|0x00000000a5200000, 0x00000000a5200000, 0x00000000a5300000|  0%| F|  |TAMS 0x00000000a5200000, 0x00000000a5200000| Untracked 
| 595|0x00000000a5300000, 0x00000000a5300000, 0x00000000a5400000|  0%| F|  |TAMS 0x00000000a5300000, 0x00000000a5300000| Untracked 
| 596|0x00000000a5400000, 0x00000000a5400000, 0x00000000a5500000|  0%| F|  |TAMS 0x00000000a5400000, 0x00000000a5400000| Untracked 
| 597|0x00000000a5500000, 0x00000000a5500000, 0x00000000a5600000|  0%| F|  |TAMS 0x00000000a5500000, 0x00000000a5500000| Untracked 
| 598|0x00000000a5600000, 0x00000000a5600000, 0x00000000a5700000|  0%| F|  |TAMS 0x00000000a5600000, 0x00000000a5600000| Untracked 
| 599|0x00000000a5700000, 0x00000000a5700000, 0x00000000a5800000|  0%| F|  |TAMS 0x00000000a5700000, 0x00000000a5700000| Untracked 
| 600|0x00000000a5800000, 0x00000000a5800000, 0x00000000a5900000|  0%| F|  |TAMS 0x00000000a5800000, 0x00000000a5800000| Untracked 
| 601|0x00000000a5900000, 0x00000000a5900000, 0x00000000a5a00000|  0%| F|  |TAMS 0x00000000a5900000, 0x00000000a5900000| Untracked 
| 602|0x00000000a5a00000, 0x00000000a5a00000, 0x00000000a5b00000|  0%| F|  |TAMS 0x00000000a5a00000, 0x00000000a5a00000| Untracked 
| 603|0x00000000a5b00000, 0x00000000a5b00000, 0x00000000a5c00000|  0%| F|  |TAMS 0x00000000a5b00000, 0x00000000a5b00000| Untracked 
| 604|0x00000000a5c00000, 0x00000000a5c00000, 0x00000000a5d00000|  0%| F|  |TAMS 0x00000000a5c00000, 0x00000000a5c00000| Untracked 
| 605|0x00000000a5d00000, 0x00000000a5d00000, 0x00000000a5e00000|  0%| F|  |TAMS 0x00000000a5d00000, 0x00000000a5d00000| Untracked 
| 606|0x00000000a5e00000, 0x00000000a5e00000, 0x00000000a5f00000|  0%| F|  |TAMS 0x00000000a5e00000, 0x00000000a5e00000| Untracked 
| 607|0x00000000a5f00000, 0x00000000a5f00000, 0x00000000a6000000|  0%| F|  |TAMS 0x00000000a5f00000, 0x00000000a5f00000| Untracked 
| 608|0x00000000a6000000, 0x00000000a6000000, 0x00000000a6100000|  0%| F|  |TAMS 0x00000000a6000000, 0x00000000a6000000| Untracked 
| 609|0x00000000a6100000, 0x00000000a6100000, 0x00000000a6200000|  0%| F|  |TAMS 0x00000000a6100000, 0x00000000a6100000| Untracked 
| 610|0x00000000a6200000, 0x00000000a6200000, 0x00000000a6300000|  0%| F|  |TAMS 0x00000000a6200000, 0x00000000a6200000| Untracked 
| 611|0x00000000a6300000, 0x00000000a6300000, 0x00000000a6400000|  0%| F|  |TAMS 0x00000000a6300000, 0x00000000a6300000| Untracked 
| 612|0x00000000a6400000, 0x00000000a6400000, 0x00000000a6500000|  0%| F|  |TAMS 0x00000000a6400000, 0x00000000a6400000| Untracked 
| 613|0x00000000a6500000, 0x00000000a6500000, 0x00000000a6600000|  0%| F|  |TAMS 0x00000000a6500000, 0x00000000a6500000| Untracked 
| 614|0x00000000a6600000, 0x00000000a6600000, 0x00000000a6700000|  0%| F|  |TAMS 0x00000000a6600000, 0x00000000a6600000| Untracked 
| 615|0x00000000a6700000, 0x00000000a6700000, 0x00000000a6800000|  0%| F|  |TAMS 0x00000000a6700000, 0x00000000a6700000| Untracked 
| 616|0x00000000a6800000, 0x00000000a6800000, 0x00000000a6900000|  0%| F|  |TAMS 0x00000000a6800000, 0x00000000a6800000| Untracked 
| 617|0x00000000a6900000, 0x00000000a6900000, 0x00000000a6a00000|  0%| F|  |TAMS 0x00000000a6900000, 0x00000000a6900000| Untracked 
| 618|0x00000000a6a00000, 0x00000000a6a00000, 0x00000000a6b00000|  0%| F|  |TAMS 0x00000000a6a00000, 0x00000000a6a00000| Untracked 
| 619|0x00000000a6b00000, 0x00000000a6b00000, 0x00000000a6c00000|  0%| F|  |TAMS 0x00000000a6b00000, 0x00000000a6b00000| Untracked 
| 620|0x00000000a6c00000, 0x00000000a6c00000, 0x00000000a6d00000|  0%| F|  |TAMS 0x00000000a6c00000, 0x00000000a6c00000| Untracked 
| 621|0x00000000a6d00000, 0x00000000a6d00000, 0x00000000a6e00000|  0%| F|  |TAMS 0x00000000a6d00000, 0x00000000a6d00000| Untracked 
| 622|0x00000000a6e00000, 0x00000000a6e00000, 0x00000000a6f00000|  0%| F|  |TAMS 0x00000000a6e00000, 0x00000000a6e00000| Untracked 
| 623|0x00000000a6f00000, 0x00000000a6f00000, 0x00000000a7000000|  0%| F|  |TAMS 0x00000000a6f00000, 0x00000000a6f00000| Untracked 
| 624|0x00000000a7000000, 0x00000000a7000000, 0x00000000a7100000|  0%| F|  |TAMS 0x00000000a7000000, 0x00000000a7000000| Untracked 
| 625|0x00000000a7100000, 0x00000000a7100000, 0x00000000a7200000|  0%| F|  |TAMS 0x00000000a7100000, 0x00000000a7100000| Untracked 
| 626|0x00000000a7200000, 0x00000000a7200000, 0x00000000a7300000|  0%| F|  |TAMS 0x00000000a7200000, 0x00000000a7200000| Untracked 
| 627|0x00000000a7300000, 0x00000000a7300000, 0x00000000a7400000|  0%| F|  |TAMS 0x00000000a7300000, 0x00000000a7300000| Untracked 
| 628|0x00000000a7400000, 0x00000000a7400000, 0x00000000a7500000|  0%| F|  |TAMS 0x00000000a7400000, 0x00000000a7400000| Untracked 
| 629|0x00000000a7500000, 0x00000000a7500000, 0x00000000a7600000|  0%| F|  |TAMS 0x00000000a7500000, 0x00000000a7500000| Untracked 
| 630|0x00000000a7600000, 0x00000000a7600000, 0x00000000a7700000|  0%| F|  |TAMS 0x00000000a7600000, 0x00000000a7600000| Untracked 
| 631|0x00000000a7700000, 0x00000000a7800000, 0x00000000a7800000|100%| S|CS|TAMS 0x00000000a7700000, 0x00000000a7700000| Complete 
| 632|0x00000000a7800000, 0x00000000a7900000, 0x00000000a7900000|100%| S|CS|TAMS 0x00000000a7800000, 0x00000000a7800000| Complete 
| 633|0x00000000a7900000, 0x00000000a7a00000, 0x00000000a7a00000|100%| S|CS|TAMS 0x00000000a7900000, 0x00000000a7900000| Complete 
| 634|0x00000000a7a00000, 0x00000000a7b00000, 0x00000000a7b00000|100%| S|CS|TAMS 0x00000000a7a00000, 0x00000000a7a00000| Complete 
| 635|0x00000000a7b00000, 0x00000000a7c00000, 0x00000000a7c00000|100%| S|CS|TAMS 0x00000000a7b00000, 0x00000000a7b00000| Complete 
| 636|0x00000000a7c00000, 0x00000000a7d00000, 0x00000000a7d00000|100%| S|CS|TAMS 0x00000000a7c00000, 0x00000000a7c00000| Complete 
| 637|0x00000000a7d00000, 0x00000000a7e00000, 0x00000000a7e00000|100%| S|CS|TAMS 0x00000000a7d00000, 0x00000000a7d00000| Complete 
| 638|0x00000000a7e00000, 0x00000000a7f00000, 0x00000000a7f00000|100%| S|CS|TAMS 0x00000000a7e00000, 0x00000000a7e00000| Complete 
| 639|0x00000000a7f00000, 0x00000000a8000000, 0x00000000a8000000|100%| S|CS|TAMS 0x00000000a7f00000, 0x00000000a7f00000| Complete 
| 640|0x00000000a8000000, 0x00000000a8100000, 0x00000000a8100000|100%| S|CS|TAMS 0x00000000a8000000, 0x00000000a8000000| Complete 
| 641|0x00000000a8100000, 0x00000000a8200000, 0x00000000a8200000|100%| S|CS|TAMS 0x00000000a8100000, 0x00000000a8100000| Complete 
| 642|0x00000000a8200000, 0x00000000a8300000, 0x00000000a8300000|100%| S|CS|TAMS 0x00000000a8200000, 0x00000000a8200000| Complete 
| 643|0x00000000a8300000, 0x00000000a8400000, 0x00000000a8400000|100%| S|CS|TAMS 0x00000000a8300000, 0x00000000a8300000| Complete 
| 644|0x00000000a8400000, 0x00000000a8500000, 0x00000000a8500000|100%| S|CS|TAMS 0x00000000a8400000, 0x00000000a8400000| Complete 
| 645|0x00000000a8500000, 0x00000000a8500000, 0x00000000a8600000|  0%| F|  |TAMS 0x00000000a8500000, 0x00000000a8500000| Untracked 
| 646|0x00000000a8600000, 0x00000000a8600000, 0x00000000a8700000|  0%| F|  |TAMS 0x00000000a8600000, 0x00000000a8600000| Untracked 
| 647|0x00000000a8700000, 0x00000000a8700000, 0x00000000a8800000|  0%| F|  |TAMS 0x00000000a8700000, 0x00000000a8700000| Untracked 
| 648|0x00000000a8800000, 0x00000000a8800000, 0x00000000a8900000|  0%| F|  |TAMS 0x00000000a8800000, 0x00000000a8800000| Untracked 
| 649|0x00000000a8900000, 0x00000000a8900000, 0x00000000a8a00000|  0%| F|  |TAMS 0x00000000a8900000, 0x00000000a8900000| Untracked 
| 650|0x00000000a8a00000, 0x00000000a8a00000, 0x00000000a8b00000|  0%| F|  |TAMS 0x00000000a8a00000, 0x00000000a8a00000| Untracked 
| 651|0x00000000a8b00000, 0x00000000a8b00000, 0x00000000a8c00000|  0%| F|  |TAMS 0x00000000a8b00000, 0x00000000a8b00000| Untracked 
| 652|0x00000000a8c00000, 0x00000000a8c00000, 0x00000000a8d00000|  0%| F|  |TAMS 0x00000000a8c00000, 0x00000000a8c00000| Untracked 
| 653|0x00000000a8d00000, 0x00000000a8d00000, 0x00000000a8e00000|  0%| F|  |TAMS 0x00000000a8d00000, 0x00000000a8d00000| Untracked 
| 654|0x00000000a8e00000, 0x00000000a8e00000, 0x00000000a8f00000|  0%| F|  |TAMS 0x00000000a8e00000, 0x00000000a8e00000| Untracked 
| 655|0x00000000a8f00000, 0x00000000a8f00000, 0x00000000a9000000|  0%| F|  |TAMS 0x00000000a8f00000, 0x00000000a8f00000| Untracked 
| 656|0x00000000a9000000, 0x00000000a9000000, 0x00000000a9100000|  0%| F|  |TAMS 0x00000000a9000000, 0x00000000a9000000| Untracked 
| 657|0x00000000a9100000, 0x00000000a9100000, 0x00000000a9200000|  0%| F|  |TAMS 0x00000000a9100000, 0x00000000a9100000| Untracked 
| 658|0x00000000a9200000, 0x00000000a9200000, 0x00000000a9300000|  0%| F|  |TAMS 0x00000000a9200000, 0x00000000a9200000| Untracked 
| 659|0x00000000a9300000, 0x00000000a9300000, 0x00000000a9400000|  0%| F|  |TAMS 0x00000000a9300000, 0x00000000a9300000| Untracked 
| 660|0x00000000a9400000, 0x00000000a9400000, 0x00000000a9500000|  0%| F|  |TAMS 0x00000000a9400000, 0x00000000a9400000| Untracked 
| 661|0x00000000a9500000, 0x00000000a9500000, 0x00000000a9600000|  0%| F|  |TAMS 0x00000000a9500000, 0x00000000a9500000| Untracked 
| 662|0x00000000a9600000, 0x00000000a9600000, 0x00000000a9700000|  0%| F|  |TAMS 0x00000000a9600000, 0x00000000a9600000| Untracked 
| 663|0x00000000a9700000, 0x00000000a9700000, 0x00000000a9800000|  0%| F|  |TAMS 0x00000000a9700000, 0x00000000a9700000| Untracked 
| 664|0x00000000a9800000, 0x00000000a9800000, 0x00000000a9900000|  0%| F|  |TAMS 0x00000000a9800000, 0x00000000a9800000| Untracked 
| 665|0x00000000a9900000, 0x00000000a9900000, 0x00000000a9a00000|  0%| F|  |TAMS 0x00000000a9900000, 0x00000000a9900000| Untracked 
| 666|0x00000000a9a00000, 0x00000000a9a00000, 0x00000000a9b00000|  0%| F|  |TAMS 0x00000000a9a00000, 0x00000000a9a00000| Untracked 
| 667|0x00000000a9b00000, 0x00000000a9b00000, 0x00000000a9c00000|  0%| F|  |TAMS 0x00000000a9b00000, 0x00000000a9b00000| Untracked 
| 668|0x00000000a9c00000, 0x00000000a9c00000, 0x00000000a9d00000|  0%| F|  |TAMS 0x00000000a9c00000, 0x00000000a9c00000| Untracked 
| 669|0x00000000a9d00000, 0x00000000a9d00000, 0x00000000a9e00000|  0%| F|  |TAMS 0x00000000a9d00000, 0x00000000a9d00000| Untracked 
| 670|0x00000000a9e00000, 0x00000000a9e00000, 0x00000000a9f00000|  0%| F|  |TAMS 0x00000000a9e00000, 0x00000000a9e00000| Untracked 
| 671|0x00000000a9f00000, 0x00000000a9f00000, 0x00000000aa000000|  0%| F|  |TAMS 0x00000000a9f00000, 0x00000000a9f00000| Untracked 
| 672|0x00000000aa000000, 0x00000000aa000000, 0x00000000aa100000|  0%| F|  |TAMS 0x00000000aa000000, 0x00000000aa000000| Untracked 
| 673|0x00000000aa100000, 0x00000000aa100000, 0x00000000aa200000|  0%| F|  |TAMS 0x00000000aa100000, 0x00000000aa100000| Untracked 
| 674|0x00000000aa200000, 0x00000000aa200000, 0x00000000aa300000|  0%| F|  |TAMS 0x00000000aa200000, 0x00000000aa200000| Untracked 
| 675|0x00000000aa300000, 0x00000000aa300000, 0x00000000aa400000|  0%| F|  |TAMS 0x00000000aa300000, 0x00000000aa300000| Untracked 
| 676|0x00000000aa400000, 0x00000000aa400000, 0x00000000aa500000|  0%| F|  |TAMS 0x00000000aa400000, 0x00000000aa400000| Untracked 
| 677|0x00000000aa500000, 0x00000000aa500000, 0x00000000aa600000|  0%| F|  |TAMS 0x00000000aa500000, 0x00000000aa500000| Untracked 
| 678|0x00000000aa600000, 0x00000000aa600000, 0x00000000aa700000|  0%| F|  |TAMS 0x00000000aa600000, 0x00000000aa600000| Untracked 
| 679|0x00000000aa700000, 0x00000000aa700000, 0x00000000aa800000|  0%| F|  |TAMS 0x00000000aa700000, 0x00000000aa700000| Untracked 
| 680|0x00000000aa800000, 0x00000000aa800000, 0x00000000aa900000|  0%| F|  |TAMS 0x00000000aa800000, 0x00000000aa800000| Untracked 
| 681|0x00000000aa900000, 0x00000000aa900000, 0x00000000aaa00000|  0%| F|  |TAMS 0x00000000aa900000, 0x00000000aa900000| Untracked 
| 682|0x00000000aaa00000, 0x00000000aaa00000, 0x00000000aab00000|  0%| F|  |TAMS 0x00000000aaa00000, 0x00000000aaa00000| Untracked 
| 683|0x00000000aab00000, 0x00000000aab00000, 0x00000000aac00000|  0%| F|  |TAMS 0x00000000aab00000, 0x00000000aab00000| Untracked 
| 684|0x00000000aac00000, 0x00000000aac00000, 0x00000000aad00000|  0%| F|  |TAMS 0x00000000aac00000, 0x00000000aac00000| Untracked 
| 685|0x00000000aad00000, 0x00000000aad00000, 0x00000000aae00000|  0%| F|  |TAMS 0x00000000aad00000, 0x00000000aad00000| Untracked 
| 686|0x00000000aae00000, 0x00000000aae00000, 0x00000000aaf00000|  0%| F|  |TAMS 0x00000000aae00000, 0x00000000aae00000| Untracked 

Card table byte_map: [0x00000183c35e0000,0x00000183c39e0000] _byte_map_base: 0x00000183c31e0000

Marking Bits (Prev, Next): (CMBitMap*) 0x00000183ac1d7220, (CMBitMap*) 0x00000183ac1d71e0
 Prev Bits: [0x00000183c5de0000, 0x00000183c7de0000)
 Next Bits: [0x00000183c3de0000, 0x00000183c5de0000)

Polling page: 0x00000183a9e50000

Metaspace:

Usage:
  Non-class:    111.22 MB used.
      Class:     18.61 MB used.
       Both:    129.82 MB used.

Virtual space:
  Non-class space:      128.00 MB reserved,     112.06 MB ( 88%) committed,  2 nodes.
      Class space:      416.00 MB reserved,      19.31 MB (  5%) committed,  1 nodes.
             Both:      544.00 MB reserved,     131.38 MB ( 24%) committed. 

Chunk freelists:
   Non-Class:  15.98 MB
       Class:  12.55 MB
        Both:  28.53 MB

MaxMetaspaceSize: 512.00 MB
CompressedClassSpaceSize: 416.00 MB
Initial GC threshold: 21.00 MB
Current GC threshold: 217.19 MB
CDS: on
MetaspaceReclaimPolicy: balanced
 - commit_granule_bytes: 65536.
 - commit_granule_words: 8192.
 - virtual_space_node_default_size: 8388608.
 - enlarge_chunks_in_place: 1.
 - new_chunks_are_fully_committed: 0.
 - uncommit_free_chunks: 1.
 - use_allocation_guard: 0.
 - handle_deallocations: 1.


Internal statistics:

num_allocs_failed_limit: 6.
num_arena_births: 2072.
num_arena_deaths: 30.
num_vsnodes_births: 3.
num_vsnodes_deaths: 0.
num_space_committed: 2101.
num_space_uncommitted: 0.
num_chunks_returned_to_freelist: 47.
num_chunks_taken_from_freelist: 8151.
num_chunk_merges: 24.
num_chunk_splits: 5211.
num_chunks_enlarged: 3244.
num_inconsistent_stats: 0.

CodeHeap 'non-profiled nmethods': size=120000Kb used=11248Kb max_used=11248Kb free=108751Kb
 bounds [0x00000183bb760000, 0x00000183bc2b0000, 0x00000183c2c90000]
CodeHeap 'profiled nmethods': size=120000Kb used=31770Kb max_used=31770Kb free=88229Kb
 bounds [0x00000183b3c90000, 0x00000183b5bb0000, 0x00000183bb1c0000]
CodeHeap 'non-nmethods': size=5760Kb used=2462Kb max_used=2532Kb free=3298Kb
 bounds [0x00000183bb1c0000, 0x00000183bb450000, 0x00000183bb760000]
 total_blobs=17819 nmethods=16816 adapters=914
 compilation: enabled
              stopped_count=0, restarted_count=0
 full_count=0

Compilation events (20 events):
Event: 128.479 Thread 0x00000183caa33fb0 20519       4       com.android.tools.r8.internal.Ws::a (10 bytes)
Event: 128.479 Thread 0x00000183caa405e0 20545       2       com.android.tools.r8.internal.QA::a (858 bytes)
Event: 128.479 Thread 0x00000183caa33fb0 nmethod 20519 0x00000183bbe4e110 code [0x00000183bbe4e280, 0x00000183bbe4e2f8]
Event: 128.480 Thread 0x00000183caa33fb0 20411       4       com.android.tools.r8.graph.H0::<init> (94 bytes)
Event: 128.482 Thread 0x00000183caa33fb0 nmethod 20411 0x00000183bbe4dd10 code [0x00000183bbe4de80, 0x00000183bbe4e0b8]
Event: 128.482 Thread 0x00000183caa33fb0 20506   !   4       com.android.tools.r8.internal.xc::a (116 bytes)
Event: 128.488 Thread 0x00000183caa405e0 nmethod 20545 0x00000183b5a99d10 code [0x00000183b5a9a2c0, 0x00000183b5a9bd08]
Event: 128.488 Thread 0x00000183caa405e0 20557       3       java.util.IdentityHashMap::closeDeletion (107 bytes)
Event: 128.489 Thread 0x00000183caa405e0 nmethod 20557 0x00000183b5a98c10 code [0x00000183b5a98e40, 0x00000183b5a99a48]
Event: 128.489 Thread 0x00000183caa405e0 20569       3       java.util.IdentityHashMap::remove (102 bytes)
Event: 128.490 Thread 0x00000183caa405e0 nmethod 20569 0x00000183b5a97f10 code [0x00000183b5a98120, 0x00000183b5a98938]
Event: 128.490 Thread 0x00000183caa405e0 20555       3       com.android.tools.r8.graph.y::a (8 bytes)
Event: 128.491 Thread 0x00000183caa405e0 nmethod 20555 0x00000183b5a97a90 code [0x00000183b5a97c20, 0x00000183b5a97e38]
Event: 128.491 Thread 0x00000183caa405e0 20564       3       com.android.tools.r8.utils.structural.A::a (20 bytes)
Event: 128.492 Thread 0x00000183caa405e0 nmethod 20564 0x00000183b5a97210 code [0x00000183b5a973e0, 0x00000183b5a97908]
Event: 128.492 Thread 0x00000183caa405e0 20567       3       com.android.tools.r8.internal.bt::a (19 bytes)
Event: 128.492 Thread 0x00000183caa405e0 nmethod 20567 0x00000183b5b25610 code [0x00000183b5b257a0, 0x00000183b5b25918]
Event: 128.492 Thread 0x00000183caa405e0 20556       3       java.util.LinkedList::getFirst (22 bytes)
Event: 128.493 Thread 0x00000183caa405e0 nmethod 20556 0x00000183b5a96d10 code [0x00000183b5a96ec0, 0x00000183b5a970e8]
Event: 128.493 Thread 0x00000183caa405e0 20560       2       com.android.tools.r8.internal.Rx::d (74 bytes)

GC Heap History (20 events):
Event: 72.316 GC heap after
{Heap after GC invocations=81 (full 0):
 garbage-first heap   total 494592K, used 240166K [0x0000000080000000, 0x0000000100000000)
  region size 1024K, 2 young (2048K), 2 survivors (2048K)
 Metaspace       used 115161K, committed 116480K, reserved 557056K
  class space    used 15860K, committed 16512K, reserved 425984K
}
Event: 88.816 GC heap before
{Heap before GC invocations=82 (full 0):
 garbage-first heap   total 494592K, used 395814K [0x0000000080000000, 0x0000000100000000)
  region size 1024K, 155 young (158720K), 2 survivors (2048K)
 Metaspace       used 115543K, committed 116992K, reserved 557056K
  class space    used 15898K, committed 16576K, reserved 425984K
}
Event: 88.827 GC heap after
{Heap after GC invocations=83 (full 0):
 garbage-first heap   total 494592K, used 248003K [0x0000000080000000, 0x0000000100000000)
  region size 1024K, 10 young (10240K), 10 survivors (10240K)
 Metaspace       used 115543K, committed 116992K, reserved 557056K
  class space    used 15898K, committed 16576K, reserved 425984K
}
Event: 89.474 GC heap before
{Heap before GC invocations=83 (full 0):
 garbage-first heap   total 494592K, used 262339K [0x0000000080000000, 0x0000000100000000)
  region size 1024K, 24 young (24576K), 10 survivors (10240K)
 Metaspace       used 115543K, committed 116992K, reserved 557056K
  class space    used 15898K, committed 16576K, reserved 425984K
}
Event: 89.489 GC heap after
{Heap after GC invocations=84 (full 0):
 garbage-first heap   total 494592K, used 244524K [0x0000000080000000, 0x0000000100000000)
  region size 1024K, 3 young (3072K), 3 survivors (3072K)
 Metaspace       used 115543K, committed 116992K, reserved 557056K
  class space    used 15898K, committed 16576K, reserved 425984K
}
Event: 96.495 GC heap before
{Heap before GC invocations=84 (full 0):
 garbage-first heap   total 494592K, used 404268K [0x0000000080000000, 0x0000000100000000)
  region size 1024K, 160 young (163840K), 3 survivors (3072K)
 Metaspace       used 115960K, committed 117440K, reserved 557056K
  class space    used 15943K, committed 16640K, reserved 425984K
}
Event: 96.507 GC heap after
{Heap after GC invocations=85 (full 0):
 garbage-first heap   total 494592K, used 253427K [0x0000000080000000, 0x0000000100000000)
  region size 1024K, 12 young (12288K), 12 survivors (12288K)
 Metaspace       used 115960K, committed 117440K, reserved 557056K
  class space    used 15943K, committed 16640K, reserved 425984K
}
Event: 97.717 GC heap before
{Heap before GC invocations=85 (full 0):
 garbage-first heap   total 494592K, used 345587K [0x0000000080000000, 0x0000000100000000)
  region size 1024K, 104 young (106496K), 12 survivors (12288K)
 Metaspace       used 116541K, committed 118016K, reserved 557056K
  class space    used 16057K, committed 16768K, reserved 425984K
}
Event: 97.734 GC heap after
{Heap after GC invocations=86 (full 0):
 garbage-first heap   total 494592K, used 258437K [0x0000000080000000, 0x0000000100000000)
  region size 1024K, 8 young (8192K), 8 survivors (8192K)
 Metaspace       used 116541K, committed 118016K, reserved 557056K
  class space    used 16057K, committed 16768K, reserved 425984K
}
Event: 98.063 GC heap before
{Heap before GC invocations=87 (full 0):
 garbage-first heap   total 578560K, used 425349K [0x0000000080000000, 0x0000000100000000)
  region size 1024K, 150 young (153600K), 8 survivors (8192K)
 Metaspace       used 117726K, committed 119232K, reserved 557056K
  class space    used 16230K, committed 16960K, reserved 425984K
}
Event: 98.087 GC heap after
{Heap after GC invocations=88 (full 0):
 garbage-first heap   total 578560K, used 287877K [0x0000000080000000, 0x0000000100000000)
  region size 1024K, 19 young (19456K), 19 survivors (19456K)
 Metaspace       used 117726K, committed 119232K, reserved 557056K
  class space    used 16230K, committed 16960K, reserved 425984K
}
Event: 98.118 GC heap before
{Heap before GC invocations=88 (full 0):
 garbage-first heap   total 578560K, used 296069K [0x0000000080000000, 0x0000000100000000)
  region size 1024K, 28 young (28672K), 19 survivors (19456K)
 Metaspace       used 117917K, committed 119424K, reserved 557056K
  class space    used 16257K, committed 16960K, reserved 425984K
}
Event: 98.136 GC heap after
{Heap after GC invocations=89 (full 0):
 garbage-first heap   total 578560K, used 285611K [0x0000000080000000, 0x0000000100000000)
  region size 1024K, 4 young (4096K), 4 survivors (4096K)
 Metaspace       used 117917K, committed 119424K, reserved 557056K
  class space    used 16257K, committed 16960K, reserved 425984K
}
Event: 103.813 GC heap before
{Heap before GC invocations=89 (full 0):
 garbage-first heap   total 578560K, used 467883K [0x0000000080000000, 0x0000000100000000)
  region size 1024K, 183 young (187392K), 4 survivors (4096K)
 Metaspace       used 125534K, committed 127104K, reserved 557056K
  class space    used 17532K, committed 18240K, reserved 425984K
}
Event: 103.855 GC heap after
{Heap after GC invocations=90 (full 0):
 garbage-first heap   total 578560K, used 315116K [0x0000000080000000, 0x0000000100000000)
  region size 1024K, 23 young (23552K), 23 survivors (23552K)
 Metaspace       used 125534K, committed 127104K, reserved 557056K
  class space    used 17532K, committed 18240K, reserved 425984K
}
Event: 104.388 GC heap before
{Heap before GC invocations=90 (full 0):
 garbage-first heap   total 578560K, used 462572K [0x0000000080000000, 0x0000000100000000)
  region size 1024K, 168 young (172032K), 23 survivors (23552K)
 Metaspace       used 128019K, committed 129600K, reserved 557056K
  class space    used 18109K, committed 18816K, reserved 425984K
}
Event: 104.444 GC heap after
{Heap after GC invocations=91 (full 0):
 garbage-first heap   total 578560K, used 342449K [0x0000000080000000, 0x0000000100000000)
  region size 1024K, 21 young (21504K), 21 survivors (21504K)
 Metaspace       used 128019K, committed 129600K, reserved 557056K
  class space    used 18109K, committed 18816K, reserved 425984K
}
Event: 114.591 GC heap before
{Heap before GC invocations=91 (full 0):
 garbage-first heap   total 578560K, used 466353K [0x0000000080000000, 0x0000000100000000)
  region size 1024K, 143 young (146432K), 21 survivors (21504K)
 Metaspace       used 129596K, committed 131200K, reserved 557056K
  class space    used 18404K, committed 19136K, reserved 425984K
}
Event: 114.641 GC heap after
{Heap after GC invocations=92 (full 0):
 garbage-first heap   total 578560K, used 369592K [0x0000000080000000, 0x0000000100000000)
  region size 1024K, 18 young (18432K), 18 survivors (18432K)
 Metaspace       used 129596K, committed 131200K, reserved 557056K
  class space    used 18404K, committed 19136K, reserved 425984K
}
Event: 128.633 GC heap before
{Heap before GC invocations=92 (full 0):
 garbage-first heap   total 703488K, used 482232K [0x0000000080000000, 0x0000000100000000)
  region size 1024K, 111 young (113664K), 18 survivors (18432K)
 Metaspace       used 132939K, committed 134528K, reserved 557056K
  class space    used 19053K, committed 19776K, reserved 425984K
}

Dll operation events (15 events):
Event: 0.016 Loaded shared library C:\Program Files\Microsoft\jdk-17.0.12.7-hotspot\bin\java.dll
Event: 0.047 Loaded shared library C:\Program Files\Microsoft\jdk-17.0.12.7-hotspot\bin\jsvml.dll
Event: 0.092 Loaded shared library C:\Program Files\Microsoft\jdk-17.0.12.7-hotspot\bin\zip.dll
Event: 0.095 Loaded shared library C:\Program Files\Microsoft\jdk-17.0.12.7-hotspot\bin\instrument.dll
Event: 0.100 Loaded shared library C:\Program Files\Microsoft\jdk-17.0.12.7-hotspot\bin\net.dll
Event: 0.103 Loaded shared library C:\Program Files\Microsoft\jdk-17.0.12.7-hotspot\bin\nio.dll
Event: 0.106 Loaded shared library C:\Program Files\Microsoft\jdk-17.0.12.7-hotspot\bin\zip.dll
Event: 0.368 Loaded shared library C:\Program Files\Microsoft\jdk-17.0.12.7-hotspot\bin\jimage.dll
Event: 0.444 Loaded shared library C:\Program Files\Microsoft\jdk-17.0.12.7-hotspot\bin\verify.dll
Event: 0.611 Loaded shared library C:\Users\arun9\.gradle\native\c067742578af261105cb4f569cf0c3c89f3d7b1fecec35dd04571415982c5e48\windows-amd64\native-platform.dll
Event: 0.626 Loaded shared library C:\Users\arun9\.gradle\native\100fb08df4bc3b14c8652ba06237920a3bd2aa13389f12d3474272988ae205f9\windows-amd64\native-platform-file-events.dll
Event: 2.749 Loaded shared library C:\Program Files\Microsoft\jdk-17.0.12.7-hotspot\bin\management.dll
Event: 2.754 Loaded shared library C:\Program Files\Microsoft\jdk-17.0.12.7-hotspot\bin\management_ext.dll
Event: 2.963 Loaded shared library C:\Program Files\Microsoft\jdk-17.0.12.7-hotspot\bin\extnet.dll
Event: 4.018 Loaded shared library C:\Program Files\Microsoft\jdk-17.0.12.7-hotspot\bin\sunmscapi.dll

Deoptimization events (20 events):
Event: 127.209 Thread 0x00000183ee32dba0 DEOPT PACKING pc=0x00000183b5b587c2 sp=0x000000455aafa220
Event: 127.209 Thread 0x00000183ee32dba0 DEOPT UNPACKING pc=0x00000183bb217143 sp=0x000000455aaf99a8 mode 0
Event: 127.318 Thread 0x00000183ee32dba0 DEOPT PACKING pc=0x00000183b467e5ee sp=0x000000455aafadd0
Event: 127.318 Thread 0x00000183ee32dba0 DEOPT UNPACKING pc=0x00000183bb217143 sp=0x000000455aafa2a0 mode 0
Event: 127.373 Thread 0x00000183ee32dba0 DEOPT PACKING pc=0x00000183b467e5ee sp=0x000000455aafadd0
Event: 127.373 Thread 0x00000183ee32dba0 DEOPT UNPACKING pc=0x00000183bb217143 sp=0x000000455aafa2a0 mode 0
Event: 127.375 Thread 0x00000183ee32dba0 DEOPT PACKING pc=0x00000183b5b58351 sp=0x000000455aafa220
Event: 127.375 Thread 0x00000183ee32dba0 DEOPT UNPACKING pc=0x00000183bb217143 sp=0x000000455aaf99a8 mode 0
Event: 127.406 Thread 0x00000183ee32dba0 DEOPT PACKING pc=0x00000183b5b58645 sp=0x000000455aafa220
Event: 127.406 Thread 0x00000183ee32dba0 DEOPT UNPACKING pc=0x00000183bb217143 sp=0x000000455aaf99a8 mode 0
Event: 127.440 Thread 0x00000183ee32dba0 DEOPT PACKING pc=0x00000183b467e5ee sp=0x000000455aafae00
Event: 127.440 Thread 0x00000183ee32dba0 DEOPT UNPACKING pc=0x00000183bb217143 sp=0x000000455aafa2d0 mode 0
Event: 127.870 Thread 0x00000183ee32dba0 DEOPT PACKING pc=0x00000183b5b58393 sp=0x000000455aafa220
Event: 127.870 Thread 0x00000183ee32dba0 DEOPT UNPACKING pc=0x00000183bb217143 sp=0x000000455aaf99a8 mode 0
Event: 128.431 Thread 0x00000183ee32dba0 Uncommon trap: trap_request=0xffffff45 fr.pc=0x00000183bbcb1fa8 relative=0x00000000000001a8
Event: 128.431 Thread 0x00000183ee32dba0 Uncommon trap: reason=unstable_if action=reinterpret pc=0x00000183bbcb1fa8 method=com.android.tools.r8.internal.zQ.a(Lcom/android/tools/r8/graph/B5;Lcom/android/tools/r8/internal/E9;Lcom/android/tools/r8/internal/HY;Lcom/android/tools/r8/internal/z9;)V @ 
Event: 128.431 Thread 0x00000183ee32dba0 DEOPT PACKING pc=0x00000183bbcb1fa8 sp=0x000000455aafabd0
Event: 128.431 Thread 0x00000183ee32dba0 DEOPT UNPACKING pc=0x00000183bb2169a3 sp=0x000000455aafabe0 mode 2
Event: 128.493 Thread 0x00000183ee32dba0 Uncommon trap: trap_request=0xffffff45 fr.pc=0x00000183bbf48074 relative=0x0000000000000074
Event: 128.493 Thread 0x00000183ee32dba0 Uncommon trap: reason=unstable_if action=reinterpret pc=0x00000183bbf48074 method=com.android.tools.r8.internal.gd.b(I[Lcom/android/tools/r8/internal/WI;)Lcom/android/tools/r8/internal/WI; @ 3 c2

Classes loaded (20 events):
Event: 115.195 Loading class java/util/IdentityHashMap$EntrySet
Event: 115.199 Loading class java/util/IdentityHashMap$EntrySet done
Event: 115.199 Loading class java/util/IdentityHashMap$EntrySpliterator
Event: 115.201 Loading class java/util/IdentityHashMap$IdentityHashMapSpliterator
Event: 115.203 Loading class java/util/IdentityHashMap$IdentityHashMapSpliterator done
Event: 115.204 Loading class java/util/IdentityHashMap$EntrySpliterator done
Event: 115.212 Loading class java/util/stream/SortedOps$RefSortingSink
Event: 115.216 Loading class java/util/stream/SortedOps$RefSortingSink done
Event: 115.832 Loading class java/util/SortedSet$1
Event: 115.846 Loading class java/util/SortedSet$1 done
Event: 122.915 Loading class java/util/stream/SliceOps
Event: 127.031 Loading class java/util/stream/SliceOps done
Event: 127.032 Loading class java/util/stream/SliceOps$1
Event: 127.034 Loading class java/util/stream/SliceOps$1 done
Event: 127.138 Loading class java/util/stream/SliceOps$1$1
Event: 127.146 Loading class java/util/stream/SliceOps$1$1 done
Event: 127.257 Loading class java/util/PriorityQueue
Event: 127.259 Loading class java/util/PriorityQueue done
Event: 127.294 Loading class java/util/IdentityHashMap$ValueIterator
Event: 127.297 Loading class java/util/IdentityHashMap$ValueIterator done

Classes unloaded (15 events):
Event: 115.267 Thread 0x00000183caa135f0 Unloading class 0x00000183cd1aa400 'java/lang/invoke/LambdaForm$DMH+0x00000183cd1aa400'
Event: 115.267 Thread 0x00000183caa135f0 Unloading class 0x00000183cd1aa000 'java/lang/invoke/LambdaForm$DMH+0x00000183cd1aa000'
Event: 115.267 Thread 0x00000183caa135f0 Unloading class 0x00000183cd1a9800 'java/lang/invoke/LambdaForm$DMH+0x00000183cd1a9800'
Event: 115.267 Thread 0x00000183caa135f0 Unloading class 0x00000183cd1a9400 'java/lang/invoke/LambdaForm$DMH+0x00000183cd1a9400'
Event: 115.267 Thread 0x00000183caa135f0 Unloading class 0x00000183cd1a9000 'java/lang/invoke/LambdaForm$DMH+0x00000183cd1a9000'
Event: 115.267 Thread 0x00000183caa135f0 Unloading class 0x00000183cd1a9c00 'java/lang/invoke/LambdaForm$DMH+0x00000183cd1a9c00'
Event: 115.267 Thread 0x00000183caa135f0 Unloading class 0x00000183cd1a8c00 'java/lang/invoke/LambdaForm$DMH+0x00000183cd1a8c00'
Event: 115.267 Thread 0x00000183caa135f0 Unloading class 0x00000183cd1a8800 'java/lang/invoke/LambdaForm$DMH+0x00000183cd1a8800'
Event: 115.267 Thread 0x00000183caa135f0 Unloading class 0x00000183cd1a8400 'java/lang/invoke/LambdaForm$DMH+0x00000183cd1a8400'
Event: 115.267 Thread 0x00000183caa135f0 Unloading class 0x00000183cd12d000 'java/lang/invoke/LambdaForm$DMH+0x00000183cd12d000'
Event: 115.267 Thread 0x00000183caa135f0 Unloading class 0x00000183cd12d800 'java/lang/invoke/LambdaForm$DMH+0x00000183cd12d800'
Event: 115.267 Thread 0x00000183caa135f0 Unloading class 0x00000183cd12d400 'java/lang/invoke/LambdaForm$DMH+0x00000183cd12d400'
Event: 115.267 Thread 0x00000183caa135f0 Unloading class 0x00000183cd12cc00 'java/lang/invoke/LambdaForm$DMH+0x00000183cd12cc00'
Event: 115.267 Thread 0x00000183caa135f0 Unloading class 0x00000183cd12c800 'java/lang/invoke/LambdaForm$DMH+0x00000183cd12c800'
Event: 115.267 Thread 0x00000183caa135f0 Unloading class 0x00000183cd12c000 'java/lang/invoke/LambdaForm$DMH+0x00000183cd12c000'

Classes redefined (0 events):
No events

Internal exceptions (20 events):
Event: 114.563 Thread 0x00000183ee32f4f0 Exception <a 'java/lang/IncompatibleClassChangeError'{0x000000009cb2dc90}: Found class java.lang.Object, but interface was expected> (0x000000009cb2dc90) 
thrown [s\src\hotspot\share\interpreter\linkResolver.cpp, line 826]
Event: 114.563 Thread 0x00000183ec557190 Exception <a 'java/lang/IncompatibleClassChangeError'{0x000000009c3fb878}: Found class java.lang.Object, but interface was expected> (0x000000009c3fb878) 
thrown [s\src\hotspot\share\interpreter\linkResolver.cpp, line 826]
Event: 114.564 Thread 0x00000183ee332280 Exception <a 'java/lang/IncompatibleClassChangeError'{0x000000009c137a58}: Found class java.lang.Object, but interface was expected> (0x000000009c137a58) 
thrown [s\src\hotspot\share\interpreter\linkResolver.cpp, line 826]
Event: 114.569 Thread 0x00000183ec552ab0 Exception <a 'java/lang/IncompatibleClassChangeError'{0x000000009c0f2cd8}: Found class java.lang.Object, but interface was expected> (0x000000009c0f2cd8) 
thrown [s\src\hotspot\share\interpreter\linkResolver.cpp, line 826]
Event: 114.570 Thread 0x00000183ee332790 Exception <a 'java/lang/IncompatibleClassChangeError'{0x000000009c03de48}: Found class java.lang.Object, but interface was expected> (0x000000009c03de48) 
thrown [s\src\hotspot\share\interpreter\linkResolver.cpp, line 826]
Event: 114.570 Thread 0x00000183ee32fa00 Exception <a 'java/lang/IncompatibleClassChangeError'{0x000000009bffaef0}: Found class java.lang.Object, but interface was expected> (0x000000009bffaef0) 
thrown [s\src\hotspot\share\interpreter\linkResolver.cpp, line 826]
Event: 114.570 Thread 0x00000183ee3345f0 Exception <a 'java/lang/IncompatibleClassChangeError'{0x000000009bf36ce0}: Found class java.lang.Object, but interface was expected> (0x000000009bf36ce0) 
thrown [s\src\hotspot\share\interpreter\linkResolver.cpp, line 826]
Event: 114.570 Thread 0x00000183ee32f4f0 Exception <a 'java/lang/IncompatibleClassChangeError'{0x000000009cb32898}: Found class java.lang.Object, but interface was expected> (0x000000009cb32898) 
thrown [s\src\hotspot\share\interpreter\linkResolver.cpp, line 826]
Event: 114.570 Thread 0x00000183eeb20970 Exception <a 'java/lang/IncompatibleClassChangeError'{0x000000009c3ee710}: Found class java.lang.Object, but interface was expected> (0x000000009c3ee710) 
thrown [s\src\hotspot\share\interpreter\linkResolver.cpp, line 826]
Event: 114.968 Thread 0x00000183ee332280 Exception <a 'java/lang/NoSuchMethodError'{0x00000000a1e0f5e8}: 'void java.lang.invoke.DirectMethodHandle$Holder.invokeSpecial(java.lang.Object, java.lang.Object, int, java.lang.Object)'> (0x00000000a1e0f5e8) 
thrown [s\src\hotspot\share\interpreter\linkResolver.cpp, line 759]
Event: 127.368 Thread 0x00000183ee332280 Exception <a 'java/lang/NoSuchMethodError'{0x00000000a91176d8}: 'int java.lang.invoke.DirectMethodHandle$Holder.invokeSpecial(java.lang.Object, java.lang.Object, java.lang.Object, int, java.lang.Object)'> (0x00000000a91176d8) 
thrown [s\src\hotspot\share\interpreter\linkResolver.cpp, line 759]
Event: 127.368 Thread 0x00000183ec557190 Exception <a 'java/lang/NoSuchMethodError'{0x00000000a92a9990}: 'int java.lang.invoke.DirectMethodHandle$Holder.invokeSpecial(java.lang.Object, java.lang.Object, java.lang.Object, int, java.lang.Object)'> (0x00000000a92a9990) 
thrown [s\src\hotspot\share\interpreter\linkResolver.cpp, line 759]
Event: 127.368 Thread 0x00000183ee332790 Exception <a 'java/lang/NoSuchMethodError'{0x00000000a9371a30}: 'int java.lang.invoke.DirectMethodHandle$Holder.invokeSpecial(java.lang.Object, java.lang.Object, java.lang.Object, int, java.lang.Object)'> (0x00000000a9371a30) 
thrown [s\src\hotspot\share\interpreter\linkResolver.cpp, line 759]
Event: 127.368 Thread 0x00000183ec552ab0 Exception <a 'java/lang/NoSuchMethodError'{0x00000000a92ba5b0}: 'int java.lang.invoke.DirectMethodHandle$Holder.invokeSpecial(java.lang.Object, java.lang.Object, java.lang.Object, int, java.lang.Object)'> (0x00000000a92ba5b0) 
thrown [s\src\hotspot\share\interpreter\linkResolver.cpp, line 759]
Event: 127.368 Thread 0x00000183eeb20970 Exception <a 'java/lang/NoSuchMethodError'{0x00000000a9295ad8}: 'int java.lang.invoke.DirectMethodHandle$Holder.invokeSpecial(java.lang.Object, java.lang.Object, java.lang.Object, int, java.lang.Object)'> (0x00000000a9295ad8) 
thrown [s\src\hotspot\share\interpreter\linkResolver.cpp, line 759]
Event: 127.369 Thread 0x00000183ee32fa00 Exception <a 'java/lang/NoSuchMethodError'{0x00000000a907a7c8}: 'int java.lang.invoke.DirectMethodHandle$Holder.invokeSpecial(java.lang.Object, java.lang.Object, java.lang.Object, int, java.lang.Object)'> (0x00000000a907a7c8) 
thrown [s\src\hotspot\share\interpreter\linkResolver.cpp, line 759]
Event: 127.370 Thread 0x00000183ee32f4f0 Exception <a 'java/lang/NoSuchMethodError'{0x00000000a93150f8}: 'int java.lang.invoke.DirectMethodHandle$Holder.invokeSpecial(java.lang.Object, java.lang.Object, java.lang.Object, int, java.lang.Object)'> (0x00000000a93150f8) 
thrown [s\src\hotspot\share\interpreter\linkResolver.cpp, line 759]
Event: 127.371 Thread 0x00000183ee3345f0 Exception <a 'java/lang/NoSuchMethodError'{0x00000000a920dff8}: 'int java.lang.invoke.DirectMethodHandle$Holder.invokeSpecial(java.lang.Object, java.lang.Object, java.lang.Object, int, java.lang.Object)'> (0x00000000a920dff8) 
thrown [s\src\hotspot\share\interpreter\linkResolver.cpp, line 759]
Event: 127.371 Thread 0x00000183ee333bd0 Exception <a 'java/lang/NoSuchMethodError'{0x00000000a9629600}: 'int java.lang.invoke.DirectMethodHandle$Holder.invokeSpecial(java.lang.Object, java.lang.Object, java.lang.Object, int, java.lang.Object)'> (0x00000000a9629600) 
thrown [s\src\hotspot\share\interpreter\linkResolver.cpp, line 759]
Event: 128.493 Thread 0x00000183ee32dba0 Implicit null exception at 0x00000183bbf4801a to 0x00000183bbf48060

VM Operations (20 events):
Event: 115.061 Executing VM operation: ICBufferFull done
Event: 115.061 Executing VM operation: ICBufferFull
Event: 115.061 Executing VM operation: ICBufferFull done
Event: 115.061 Executing VM operation: ICBufferFull
Event: 115.066 Executing VM operation: ICBufferFull done
Event: 115.066 Executing VM operation: ICBufferFull
Event: 115.069 Executing VM operation: ICBufferFull done
Event: 115.254 Executing VM operation: G1PauseRemark
Event: 115.732 Executing VM operation: G1PauseRemark done
Event: 115.851 Executing VM operation: HandshakeAllThreads
Event: 122.410 Executing VM operation: HandshakeAllThreads done
Event: 122.410 Executing VM operation: Cleanup
Event: 127.030 Executing VM operation: Cleanup done
Event: 127.035 Executing VM operation: HandshakeAllThreads
Event: 127.091 Executing VM operation: HandshakeAllThreads done
Event: 127.091 Executing VM operation: HandshakeAllThreads
Event: 127.137 Executing VM operation: HandshakeAllThreads done
Event: 128.147 Executing VM operation: Cleanup
Event: 128.428 Executing VM operation: Cleanup done
Event: 128.491 Executing VM operation: G1CollectForAllocation

Events (20 events):
Event: 114.655 Thread 0x00000183caa42f00 flushing nmethod 0x00000183b5acf290
Event: 114.655 Thread 0x00000183caa42f00 flushing nmethod 0x00000183b5ad1290
Event: 114.655 Thread 0x00000183caa42f00 flushing nmethod 0x00000183b5ad1790
Event: 114.655 Thread 0x00000183caa42f00 flushing nmethod 0x00000183b5ad1f90
Event: 114.655 Thread 0x00000183caa42f00 flushing nmethod 0x00000183b5ad3410
Event: 114.655 Thread 0x00000183caa42f00 flushing nmethod 0x00000183b5ad3790
Event: 114.655 Thread 0x00000183caa42f00 flushing nmethod 0x00000183b5ad3b90
Event: 114.655 Thread 0x00000183caa42f00 flushing nmethod 0x00000183b5ae9a90
Event: 114.655 Thread 0x00000183caa42f00 flushing nmethod 0x00000183b5aee990
Event: 114.655 Thread 0x00000183caa42f00 flushing nmethod 0x00000183b5af0310
Event: 114.655 Thread 0x00000183caa42f00 flushing nmethod 0x00000183b5af0d10
Event: 114.655 Thread 0x00000183caa42f00 flushing nmethod 0x00000183b5afdf10
Event: 114.655 Thread 0x00000183caa42f00 flushing nmethod 0x00000183b5b25610
Event: 114.655 Thread 0x00000183caa42f00 flushing nmethod 0x00000183b5b3e390
Event: 114.655 Thread 0x00000183caa42f00 flushing nmethod 0x00000183b5b42890
Event: 114.655 Thread 0x00000183caa42f00 flushing nmethod 0x00000183b5b42c10
Event: 114.655 Thread 0x00000183caa42f00 flushing nmethod 0x00000183b5b42f90
Event: 114.655 Thread 0x00000183caa42f00 flushing nmethod 0x00000183b5b46d90
Event: 114.655 Thread 0x00000183caa42f00 flushing nmethod 0x00000183b5b47f90
Event: 114.655 Thread 0x00000183caa42f00 flushing nmethod 0x00000183b5b4da10


Dynamic libraries:
0x00007ff700540000 - 0x00007ff70054e000 	C:\Program Files\Microsoft\jdk-17.0.12.7-hotspot\bin\java.exe
0x00007ffffa230000 - 0x00007ffffa447000 	C:\WINDOWS\SYSTEM32\ntdll.dll
0x00007fffc79c0000 - 0x00007fffc79e0000 	C:\Program Files\AVG\Antivirus\aswhook.dll
0x00007ffff9f10000 - 0x00007ffff9fd4000 	C:\WINDOWS\System32\KERNEL32.DLL
0x00007ffff76d0000 - 0x00007ffff7aa3000 	C:\WINDOWS\System32\KERNELBASE.dll
0x00007ffff7320000 - 0x00007ffff7431000 	C:\WINDOWS\System32\ucrtbase.dll
0x00007fffe1fe0000 - 0x00007fffe1ff7000 	C:\Program Files\Microsoft\jdk-17.0.12.7-hotspot\bin\jli.dll
0x00007fffe1fc0000 - 0x00007fffe1fdd000 	C:\Program Files\Microsoft\jdk-17.0.12.7-hotspot\bin\VCRUNTIME140.dll
0x00007ffff8ea0000 - 0x00007ffff9051000 	C:\WINDOWS\System32\USER32.dll
0x00007ffff7ab0000 - 0x00007ffff7ad6000 	C:\WINDOWS\System32\win32u.dll
0x00007ffffa000000 - 0x00007ffffa029000 	C:\WINDOWS\System32\GDI32.dll
0x00007ffff7ae0000 - 0x00007ffff7c02000 	C:\WINDOWS\System32\gdi32full.dll
0x00007fffee710000 - 0x00007fffee9ab000 	C:\WINDOWS\WinSxS\amd64_microsoft.windows.common-controls_6595b64144ccf1df_6.0.22621.5262_none_2712bde373830908\COMCTL32.dll
0x00007ffff74f0000 - 0x00007ffff758a000 	C:\WINDOWS\System32\msvcp_win.dll
0x00007ffff9450000 - 0x00007ffff94f7000 	C:\WINDOWS\System32\msvcrt.dll
0x00007ffffa1b0000 - 0x00007ffffa1e1000 	C:\WINDOWS\System32\IMM32.DLL
0x00007fffe2080000 - 0x00007fffe208c000 	C:\Program Files\Microsoft\jdk-17.0.12.7-hotspot\bin\vcruntime140_1.dll
0x00007fffc24e0000 - 0x00007fffc256d000 	C:\Program Files\Microsoft\jdk-17.0.12.7-hotspot\bin\msvcp140.dll
0x00007fff37980000 - 0x00007fff385f0000 	C:\Program Files\Microsoft\jdk-17.0.12.7-hotspot\bin\server\jvm.dll
0x00007ffff8de0000 - 0x00007ffff8e91000 	C:\WINDOWS\System32\ADVAPI32.dll
0x00007ffff9500000 - 0x00007ffff95a7000 	C:\WINDOWS\System32\sechost.dll
0x00007ffff74c0000 - 0x00007ffff74e8000 	C:\WINDOWS\System32\bcrypt.dll
0x00007ffff9df0000 - 0x00007ffff9f04000 	C:\WINDOWS\System32\RPCRT4.dll
0x00007ffffa130000 - 0x00007ffffa1a1000 	C:\WINDOWS\System32\WS2_32.dll
0x00007ffff71f0000 - 0x00007ffff723d000 	C:\WINDOWS\SYSTEM32\POWRPROF.dll
0x00007ffff0710000 - 0x00007ffff071a000 	C:\WINDOWS\SYSTEM32\VERSION.dll
0x00007ffff1230000 - 0x00007ffff1264000 	C:\WINDOWS\SYSTEM32\WINMM.dll
0x00007ffff71d0000 - 0x00007ffff71e3000 	C:\WINDOWS\SYSTEM32\UMPDC.dll
0x00007ffff6360000 - 0x00007ffff6378000 	C:\WINDOWS\SYSTEM32\kernel.appcore.dll
0x00007fffe1fb0000 - 0x00007fffe1fba000 	C:\Program Files\Microsoft\jdk-17.0.12.7-hotspot\bin\jimage.dll
0x00007fffef8c0000 - 0x00007fffefaf2000 	C:\WINDOWS\SYSTEM32\DBGHELP.DLL
0x00007ffff90b0000 - 0x00007ffff9443000 	C:\WINDOWS\System32\combase.dll
0x00007ffff9d10000 - 0x00007ffff9de7000 	C:\WINDOWS\System32\OLEAUT32.dll
0x00007fffe7380000 - 0x00007fffe73b2000 	C:\WINDOWS\SYSTEM32\dbgcore.DLL
0x00007ffff7cd0000 - 0x00007ffff7d4b000 	C:\WINDOWS\System32\bcryptPrimitives.dll
0x00007fffe20b0000 - 0x00007fffe20be000 	C:\Program Files\Microsoft\jdk-17.0.12.7-hotspot\bin\instrument.dll
0x00007fffe1f80000 - 0x00007fffe1fa5000 	C:\Program Files\Microsoft\jdk-17.0.12.7-hotspot\bin\java.dll
0x00007fffa1470000 - 0x00007fffa1547000 	C:\Program Files\Microsoft\jdk-17.0.12.7-hotspot\bin\jsvml.dll
0x00007ffff7ec0000 - 0x00007ffff875d000 	C:\WINDOWS\System32\SHELL32.dll
0x00007ffff7590000 - 0x00007ffff76cf000 	C:\WINDOWS\System32\wintypes.dll
0x00007ffff5260000 - 0x00007ffff5b7d000 	C:\WINDOWS\SYSTEM32\windows.storage.dll
0x00007ffff8cd0000 - 0x00007ffff8ddb000 	C:\WINDOWS\System32\SHCORE.dll
0x00007ffffa030000 - 0x00007ffffa096000 	C:\WINDOWS\System32\shlwapi.dll
0x00007ffff7250000 - 0x00007ffff727b000 	C:\WINDOWS\SYSTEM32\profapi.dll
0x00007fffe1a60000 - 0x00007fffe1a78000 	C:\Program Files\Microsoft\jdk-17.0.12.7-hotspot\bin\zip.dll
0x00007fffe1f60000 - 0x00007fffe1f7a000 	C:\Program Files\Microsoft\jdk-17.0.12.7-hotspot\bin\net.dll
0x00007ffff3d70000 - 0x00007ffff3e9c000 	C:\WINDOWS\SYSTEM32\WINHTTP.dll
0x00007ffff67e0000 - 0x00007ffff684a000 	C:\WINDOWS\system32\mswsock.dll
0x00007fffe1cc0000 - 0x00007fffe1cd6000 	C:\Program Files\Microsoft\jdk-17.0.12.7-hotspot\bin\nio.dll
0x00007fffe1f50000 - 0x00007fffe1f60000 	C:\Program Files\Microsoft\jdk-17.0.12.7-hotspot\bin\verify.dll
0x00007fffe20e0000 - 0x00007fffe2107000 	C:\Users\arun9\.gradle\native\c067742578af261105cb4f569cf0c3c89f3d7b1fecec35dd04571415982c5e48\windows-amd64\native-platform.dll
0x00007fff9b820000 - 0x00007fff9b964000 	C:\Users\arun9\.gradle\native\100fb08df4bc3b14c8652ba06237920a3bd2aa13389f12d3474272988ae205f9\windows-amd64\native-platform-file-events.dll
0x00007fffe48f0000 - 0x00007fffe48fa000 	C:\Program Files\Microsoft\jdk-17.0.12.7-hotspot\bin\management.dll
0x00007fffe20d0000 - 0x00007fffe20db000 	C:\Program Files\Microsoft\jdk-17.0.12.7-hotspot\bin\management_ext.dll
0x00007ffff88c0000 - 0x00007ffff88c8000 	C:\WINDOWS\System32\PSAPI.DLL
0x00007ffff6ab0000 - 0x00007ffff6acb000 	C:\WINDOWS\SYSTEM32\CRYPTSP.dll
0x00007ffff62c0000 - 0x00007ffff62f7000 	C:\WINDOWS\system32\rsaenh.dll
0x00007ffff68d0000 - 0x00007ffff68f8000 	C:\WINDOWS\SYSTEM32\USERENV.dll
0x00007ffff6aa0000 - 0x00007ffff6aac000 	C:\WINDOWS\SYSTEM32\CRYPTBASE.dll
0x00007ffff5de0000 - 0x00007ffff5e0d000 	C:\WINDOWS\SYSTEM32\IPHLPAPI.DLL
0x00007ffff8cb0000 - 0x00007ffff8cb9000 	C:\WINDOWS\System32\NSI.dll
0x00007ffff27d0000 - 0x00007ffff27e9000 	C:\WINDOWS\SYSTEM32\dhcpcsvc6.DLL
0x00007ffff22a0000 - 0x00007ffff22bf000 	C:\WINDOWS\SYSTEM32\dhcpcsvc.DLL
0x00007ffff5e50000 - 0x00007ffff5f48000 	C:\WINDOWS\SYSTEM32\DNSAPI.dll
0x00007fffe20c0000 - 0x00007fffe20c9000 	C:\Program Files\Microsoft\jdk-17.0.12.7-hotspot\bin\extnet.dll
0x00007fffe20a0000 - 0x00007fffe20ae000 	C:\Program Files\Microsoft\jdk-17.0.12.7-hotspot\bin\sunmscapi.dll
0x00007ffff7d50000 - 0x00007ffff7eb7000 	C:\WINDOWS\System32\CRYPT32.dll
0x00007ffff6c40000 - 0x00007ffff6c6d000 	C:\WINDOWS\SYSTEM32\ncrypt.dll
0x00007ffff6c00000 - 0x00007ffff6c37000 	C:\WINDOWS\SYSTEM32\NTASN1.dll
0x00007fffdc650000 - 0x00007fffdc658000 	C:\WINDOWS\system32\wshunix.dll
0x00007fffcd9d0000 - 0x00007fffcd9e7000 	C:\WINDOWS\system32\napinsp.dll
0x00007fffcd9b0000 - 0x00007fffcd9cb000 	C:\WINDOWS\system32\pnrpnsp.dll
0x00007fffcd1d0000 - 0x00007fffcd1e1000 	C:\WINDOWS\System32\winrnr.dll
0x00007fffcd1b0000 - 0x00007fffcd1cf000 	C:\WINDOWS\system32\wshbth.dll
0x00007fffcd180000 - 0x00007fffcd1a1000 	C:\WINDOWS\system32\nlansp_c.dll
0x00007ffff3000000 - 0x00007ffff300a000 	C:\Windows\System32\rasadhlp.dll
0x00007ffff0950000 - 0x00007ffff09d3000 	C:\WINDOWS\System32\fwpuclnt.dll

dbghelp: loaded successfully - version: 4.0.5 - missing functions: none
symbol engine: initialized successfully - sym options: 0x614 - pdb path: .;C:\Program Files\Microsoft\jdk-17.0.12.7-hotspot\bin;C:\WINDOWS\SYSTEM32;C:\Program Files\AVG\Antivirus;C:\WINDOWS\WinSxS\amd64_microsoft.windows.common-controls_6595b64144ccf1df_6.0.22621.5262_none_2712bde373830908;C:\Program Files\Microsoft\jdk-17.0.12.7-hotspot\bin\server;C:\Users\arun9\.gradle\native\c067742578af261105cb4f569cf0c3c89f3d7b1fecec35dd04571415982c5e48\windows-amd64;C:\Users\arun9\.gradle\native\100fb08df4bc3b14c8652ba06237920a3bd2aa13389f12d3474272988ae205f9\windows-amd64

VM Arguments:
jvm_args: -XX:MaxMetaspaceSize=512m --add-opens=java.base/java.util=ALL-UNNAMED --add-opens=java.base/java.lang=ALL-UNNAMED --add-opens=java.base/java.lang.invoke=ALL-UNNAMED --add-opens=java.prefs/java.util.prefs=ALL-UNNAMED --add-opens=java.base/java.nio.charset=ALL-UNNAMED --add-opens=java.base/java.net=ALL-UNNAMED --add-opens=java.base/java.util.concurrent.atomic=ALL-UNNAMED -Xmx2048m -Dfile.encoding=windows-1252 -Duser.country=US -Duser.language=en -Duser.variant -javaagent:C:\Users\arun9\.gradle\wrapper\dists\gradle-8.8-all\6gdy1pgp427xkqcjbxw3ylt6h\gradle-8.8\lib\agents\gradle-instrumentation-agent-8.8.jar 
java_command: org.gradle.launcher.daemon.bootstrap.GradleDaemon 8.8
java_class_path (initial): C:\Users\arun9\.gradle\wrapper\dists\gradle-8.8-all\6gdy1pgp427xkqcjbxw3ylt6h\gradle-8.8\lib\gradle-launcher-8.8.jar
Launcher Type: SUN_STANDARD

[Global flags]
     intx CICompilerCount                          = 4                                         {product} {ergonomic}
   size_t CompressedClassSpaceSize                 = 436207616                                 {product} {ergonomic}
     uint ConcGCThreads                            = 3                                         {product} {ergonomic}
     uint G1ConcRefinementThreads                  = 10                                        {product} {ergonomic}
   size_t G1HeapRegionSize                         = 1048576                                   {product} {ergonomic}
    uintx GCDrainStackTargetSize                   = 64                                        {product} {ergonomic}
   size_t InitialHeapSize                          = 125829120                                 {product} {ergonomic}
   size_t MarkStackSize                            = 4194304                                   {product} {ergonomic}
   size_t MaxHeapSize                              = 2147483648                                {product} {command line}
   size_t MaxMetaspaceSize                         = 536870912                                 {product} {command line}
   size_t MaxNewSize                               = 1287651328                                {product} {ergonomic}
   size_t MinHeapDeltaBytes                        = 1048576                                   {product} {ergonomic}
   size_t MinHeapSize                              = 8388608                                   {product} {ergonomic}
    uintx NonNMethodCodeHeapSize                   = 5839372                                {pd product} {ergonomic}
    uintx NonProfiledCodeHeapSize                  = 122909434                              {pd product} {ergonomic}
    uintx ProfiledCodeHeapSize                     = 122909434                              {pd product} {ergonomic}
    uintx ReservedCodeCacheSize                    = 251658240                              {pd product} {ergonomic}
     bool SegmentedCodeCache                       = true                                      {product} {ergonomic}
   size_t SoftMaxHeapSize                          = 2147483648                             {manageable} {ergonomic}
     bool UseCompressedClassPointers               = true                           {product lp64_product} {ergonomic}
     bool UseCompressedOops                        = true                           {product lp64_product} {ergonomic}
     bool UseG1GC                                  = true                                      {product} {ergonomic}
     bool UseLargePagesIndividualAllocation        = false                                  {pd product} {ergonomic}

Logging:
Log output configuration:
 #0: stdout all=warning uptime,level,tags
 #1: stderr all=off uptime,level,tags

Environment Variables:
JAVA_HOME=C:\Program Files\Microsoft\jdk-17.0.12.7-hotspot\
CLASSPATH=C:\Users\arun9\ReactProjects\MovieRecommnederApp\MovieApp\android\\gradle\wrapper\gradle-wrapper.jar
PATH=C:\Users\arun9\ReactProjects\MovieRecommnederApp\MovieApp\node_modules\.bin;C:\Users\arun9\ReactProjects\MovieRecommnederApp\MovieApp\node_modules\.bin;C:\Users\arun9\ReactProjects\MovieRecommnederApp\node_modules\.bin;C:\Users\arun9\ReactProjects\node_modules\.bin;C:\Users\arun9\node_modules\.bin;C:\Users\node_modules\.bin;C:\node_modules\.bin;C:\Users\arun9\AppData\Roaming\npm\node_modules\npm\node_modules\@npmcli\run-script\lib\node-gyp-bin;c:\Users\arun9\.vscode\extensions\ms-python.python-2025.4.0-win32-x64\python_files\deactivate\powershell;C:\Users\arun9\ReactProjects\MovieRecommnederApp\venv\Scripts;c:\Users\arun9\.vscode\extensions\ms-python.python-2025.4.0-win32-x64\python_files\deactivate\powershell;C:\Users\arun9\ReactProjects\MovieRecommnederApp\venv\Scripts;C:\Python313\Scripts\;C:\Python313\;C:\Program Files\Microsoft\jdk-17.0.12.7-hotspot\bin;C:\Users\arun9\AppData\Local\Programs\Python\Python312\Scripts\;C:\Users\arun9\AppData\Local\Programs\Python\Python312\;C:\Program Files (x86)\VMware\VMware Workstation\bin\;C:\Program Files\Common Files\Oracle\Java\javapath;C:\Windows\system32;C:\Windows;C:\Windows\System32\Wbem;C:\Windows\System32\WindowsPowerShell\v1.0\;C:\Windows\System32\OpenSSH\;C:\Program Files (x86)\NVIDIA Corporation\PhysX\Common;C:\Program Files\NVIDIA Corporation\NVIDIA NvDLISR;C:\Program Files\Java\jdk-20\bin;C:\Program Files\MySQL\MySQL Server 8.0\bin;C:\WINDOWS\system32;C:\WINDOWS;C:\WINDOWS\System32\Wbem;C:\WINDOWS\System32\WindowsPowerShell\v1.0\;C:\WINDOWS\System32\OpenSSH\;C:\Program Files (x86)\dotnet\;C:\Program Files\Git\cmd;C:\ProgramData\chocolatey\bin;C:\Users\arun9\AppData\Local\Android\Sdk;C:\Users\arun9\AppData\Local\Android\Sdk\platform-tools;C:\Users\arun9\anaconda3\Scripts;C:\Program Files\Redis;C:\Program Files\nodejs\;C:\Program Files\MySQL\MySQL Shell 8.0\bin\;C:\Users\arun9\AppData\Local\Microsoft\WindowsApps;C:\Users\arun9\AppData\Local\Programs\Microsoft VS Code\bin;C:\MinGW\bin;C:\Users\arun9\Downloads\flut
USERNAME=arun9
LANG=en_US.UTF-8
OS=Windows_NT
PROCESSOR_IDENTIFIER=AMD64 Family 23 Model 96 Stepping 1, AuthenticAMD
TMP=C:\Users\arun9\AppData\Local\Temp
TEMP=C:\Users\arun9\AppData\Local\Temp



Periodic native trim disabled


---------------  S Y S T E M  ---------------

OS:
 Windows 11 , 64 bit Build 22621 (10.0.22621.5262)
OS uptime: 2 days 2:50 hours

CPU: total 12 (initial active 12) (12 cores per cpu, 2 threads per core) family 23 model 96 stepping 1 microcode 0x0, cx8, cmov, fxsr, ht, mmx, 3dnowpref, sse, sse2, sse3, ssse3, sse4a, sse4.1, sse4.2, popcnt, lzcnt, tsc, tscinvbit, avx, avx2, aes, clmul, bmi1, bmi2, adx, sha, fma, vzeroupper, clflush, clflushopt
Processor Information for the first 12 processors :
  Max Mhz: 3001, Current Mhz: 3001, Mhz Limit: 3001

Memory: 4k page, system-wide physical 7598M (230M free)
TotalPageFile size 32174M (AvailPageFile size 77M)
current process WorkingSet (physical memory assigned to process): 704M, peak: 769M
current process commit charge ("private bytes"): 1155M, peak: 1612M

vm_info: OpenJDK 64-Bit Server VM (17.0.12+7-LTS) for windows-amd64 JRE (17.0.12+7-LTS), built on Jul 16 2024 18:11:44 by "MicrosoftCorporation" with unknown MS VC++:1939

END.
