#
# There is insufficient memory for the Java Runtime Environment to continue.
# Native memory allocation (mmap) failed to map 294649856 bytes. Error detail: G1 virtual space
# Possible reasons:
#   The system is out of physical RAM or swap space
#   This process is running with CompressedOops enabled, and the Java Heap may be blocking the growth of the native heap
# Possible solutions:
#   Reduce memory load on the system
#   Increase physical memory or swap space
#   Check if swap backing store is full
#   Decrease Java heap size (-Xmx/-Xms)
#   Decrease number of Java threads
#   Decrease Java thread stack sizes (-Xss)
#   Set larger code cache with -XX:ReservedCodeCacheSize=
#   JVM is running with Unscaled Compressed Oops mode in which the Java heap is
#     placed in the first 4GB address space. The Java Heap base address is the
#     maximum limit for the native heap growth. Please use -XX:HeapBaseMinAddress
#     to set the Java Heap base and to place the Java Heap above 4GB virtual address.
# This output file may be truncated or incomplete.
#
#  Out of Memory Error (os_windows.cpp:3678), pid=25732, tid=27072
#
# JRE version: OpenJDK Runtime Environment Microsoft-9889599 (17.0.12+7) (build 17.0.12+7-LTS)
# Java VM: OpenJDK 64-Bit Server VM Microsoft-9889599 (17.0.12+7-LTS, mixed mode, sharing, tiered, compressed oops, compressed class ptrs, g1 gc, windows-amd64)
# No core dump will be written. Minidumps are not enabled by default on client versions of Windows
#

---------------  S U M M A R Y ------------

Command Line: -XX:MaxMetaspaceSize=512m --add-opens=java.base/java.util=ALL-UNNAMED --add-opens=java.base/java.lang=ALL-UNNAMED --add-opens=java.base/java.lang.invoke=ALL-UNNAMED --add-opens=java.prefs/java.util.prefs=ALL-UNNAMED --add-opens=java.base/java.nio.charset=ALL-UNNAMED --add-opens=java.base/java.net=ALL-UNNAMED --add-opens=java.base/java.util.concurrent.atomic=ALL-UNNAMED -Xmx2048m -Dfile.encoding=windows-1252 -Duser.country=US -Duser.language=en -Duser.variant -javaagent:C:\Users\arun9\.gradle\wrapper\dists\gradle-8.8-all\6gdy1pgp427xkqcjbxw3ylt6h\gradle-8.8\lib\agents\gradle-instrumentation-agent-8.8.jar org.gradle.launcher.daemon.bootstrap.GradleDaemon 8.8

Host: AMD Ryzen 5 4600H with Radeon Graphics         , 12 cores, 7G,  Windows 11 , 64 bit Build 22621 (10.0.22621.5262)
Time: Fri Jul 11 18:49:49 2025 India Standard Time elapsed time: 13729.658160 seconds (0d 3h 48m 49s)

---------------  T H R E A D  ---------------

Current thread (0x00000184554ab0a0):  VMThread "VM Thread" [stack: 0x0000000ca6200000,0x0000000ca6300000] [id=27072]

Stack: [0x0000000ca6200000,0x0000000ca6300000]
Native frames: (J=compiled Java code, j=interpreted, Vv=VM code, C=native code)
V  [jvm.dll+0x686d99]
V  [jvm.dll+0x83daf8]
V  [jvm.dll+0x83f5a3]
V  [jvm.dll+0x83fc13]
V  [jvm.dll+0x2492ef]
V  [jvm.dll+0x683dd9]
V  [jvm.dll+0x6782fa]
V  [jvm.dll+0x30a797]
V  [jvm.dll+0x311d06]
V  [jvm.dll+0x36252e]
V  [jvm.dll+0x36276d]
V  [jvm.dll+0x2e1a9c]
V  [jvm.dll+0x2dfe49]
V  [jvm.dll+0x2df5ac]
V  [jvm.dll+0x3220ab]
V  [jvm.dll+0x84444d]
V  [jvm.dll+0x845183]
V  [jvm.dll+0x8456af]
V  [jvm.dll+0x845a94]
V  [jvm.dll+0x845b5e]
V  [jvm.dll+0x7ed87c]
V  [jvm.dll+0x685c77]
C  [ucrtbase.dll+0x29333]
C  [KERNEL32.DLL+0x1259d]
C  [ntdll.dll+0x5af58]

VM_Operation (0x0000000cb65fe7b0): G1CollectForAllocation, mode: safepoint, requested by thread 0x000001847fbcf9b0


---------------  P R O C E S S  ---------------

Threads class SMR info:
_java_thread_list=0x000001847f960c00, length=242, elements={
0x0000018436c17be0, 0x00000184554aef00, 0x00000184554afb90, 0x00000184554cc710,
0x00000184554cd0e0, 0x00000184554d0570, 0x00000184554d36f0, 0x00000184554d5b50,
0x00000184554de810, 0x00000184554ea0d0, 0x00000184555dba80, 0x000001845568d5a0,
0x0000018476095460, 0x0000018475b96640, 0x0000018476203340, 0x000001847504fa70,
0x000001847504cce0, 0x000001847504d1f0, 0x000001847504e120, 0x000001847504f560,
0x00000184774d10a0, 0x00000184774d24e0, 0x000001847656f6c0, 0x0000018476de4770,
0x0000018476de5190, 0x0000018477402e70, 0x00000184773fce40, 0x00000184773feca0,
0x0000018477403380, 0x00000184773fc930, 0x0000018477400b00, 0x0000018477401f40,
0x0000018477401a30, 0x0000018477403da0, 0x00000184774000e0, 0x000001840538abe0,
0x0000018401cfd610, 0x00000184017b8c10, 0x000001840640a380, 0x000001847909e640,
0x000001847ab82c40, 0x000001847ab80de0, 0x000001847f212790, 0x0000018405389cb0,
0x0000018401cfcbf0, 0x000001847ab83150, 0x000001847819d290, 0x0000018404c92320,
0x00000184014e81d0, 0x00000184014e5950, 0x00000184079d1600, 0x00000184079d0be0,
0x00000184079d10f0, 0x00000184079d1b10, 0x00000184079d3460, 0x00000184079d06d0,
0x00000184079d01c0, 0x00000184079d2f50, 0x00000184079d2020, 0x00000184079d2a40,
0x000001847ab803c0, 0x000001847ab7f9a0, 0x000001847ab808d0, 0x000001847ab812f0,
0x000001847ab81800, 0x000001847a780860, 0x000001840640c6f0, 0x000001840640ada0,
0x000001840640a890, 0x0000018401522750, 0x0000018401523170, 0x0000018401522c60,
0x000001847a77dfe0, 0x0000018404c91e10, 0x0000018404c8f590, 0x000001847869a000,
0x0000018478698bc0, 0x0000018478696d60, 0x0000018478697c90, 0x00000184786990d0,
0x0000018478699af0, 0x0000018478696850, 0x00000184786981a0, 0x0000018478697270,
0x0000018478697780, 0x000001847ab7feb0, 0x0000018400aa1840, 0x0000018404c90ee0,
0x0000018404c8eb70, 0x0000018404c909d0, 0x000001847ab81d10, 0x000001847ab82730,
0x000001847ab82220, 0x000001840101e6a0, 0x000001840101ebb0, 0x000001840101f0c0,
0x0000018401020a10, 0x000001840101e190, 0x0000018401cf75e0, 0x0000018401cfc1d0,
0x0000018401cfdb20, 0x0000018401cfad90, 0x0000018403d7ec20, 0x0000018403d7f130,
0x0000018403d7e710, 0x000001847667ef80, 0x000001847667cc10, 0x000001847667ea70,
0x0000018404c8f080, 0x0000018400aa1330, 0x0000018400aa2260, 0x0000018400aa2c80,
0x000001847a77ea00, 0x0000018401cfb2a0, 0x0000018401cf66b0, 0x0000018401cf9e60,
0x0000018400aa40c0, 0x0000018400aa36a0, 0x0000018400aa3190, 0x0000018400aa3bb0,
0x0000018400aa4ae0, 0x0000018400aa2770, 0x00000184055887e0, 0x0000018405588cf0,
0x0000018405589200, 0x0000018405587dc0, 0x00000184055882d0, 0x000001847809a3e0,
0x000001847809b820, 0x000001847809a8f0, 0x000001847809c240, 0x000001847809d680,
0x000001847809c750, 0x000001847809cc60, 0x000001847809d170, 0x0000018401cf8510,
0x0000018401cfb7b0, 0x0000018401cfe030, 0x0000018401cf6bc0, 0x0000018401cfe540,
0x0000018401cfea50, 0x0000018401cfa880, 0x0000018401cfef60, 0x0000018401cf7af0,
0x0000018401cff980, 0x000001847809db90, 0x000001847809b310, 0x000001847809ae00,
0x00000184797d2890, 0x00000184797d32b0, 0x00000184797d4c00, 0x00000184797d46f0,
0x00000184797d37c0, 0x00000184797d5620, 0x00000184797d5110, 0x00000184797d5b30,
0x0000018404c8faa0, 0x0000018404c91900, 0x0000018404c8ffb0, 0x000001847667c1f0,
0x0000018404c904c0, 0x000001840640b7c0, 0x000001840640b2b0, 0x000001840640bcd0,
0x000001847667f490, 0x000001847667c700, 0x000001847667e050, 0x000001847819d7a0,
0x000001847819dcb0, 0x000001847819be50, 0x000001847819e6d0, 0x000001847819c870,
0x000001847819e1c0, 0x000001847819af20, 0x00000184797d6040, 0x00000184797d2da0,
0x00000184797d3cd0, 0x00000184014e6880, 0x00000184014e5e60, 0x00000184014e72a0,
0x00000184014e6370, 0x00000184014e6d90, 0x00000184014e7cc0, 0x00000184014e86e0,
0x00000184014e4f30, 0x00000184014e5440, 0x000001840101f5d0, 0x0000018401020f20,
0x000001847819b940, 0x000001847819cd80, 0x00000184797d41e0, 0x000001847809bd30,
0x00000184054ae4c0, 0x00000184054abc40, 0x00000184054acb70, 0x000001840538c530,
0x000001840538b600, 0x000001840538bb10, 0x00000184054ae9d0, 0x00000184054ad080,
0x00000184054ad590, 0x00000184054ac660, 0x00000184054adaa0, 0x00000184054adfb0,
0x00000184054aeee0, 0x00000184054ac150, 0x000001847667d120, 0x000001847667d630,
0x000001840648cf90, 0x000001840648a710, 0x000001840101fff0, 0x00000184049651c0,
0x0000018404965be0, 0x0000018404964290, 0x000001847a77f930, 0x0000018401cff470,
0x0000018401cffe90, 0x00000184049656d0, 0x000001847a77e4f0, 0x000001847a780350,
0x00000184049bb130, 0x0000018402951990, 0x0000018401cf8f30, 0x0000018404966600,
0x00000184049647a0, 0x0000018404964cb0, 0x0000018404967020, 0x0000018404967a40,
0x0000018404967530, 0x000001840101fae0, 0x000001847fbcf4a0, 0x00000184054ab730,
0x00000184029523b0, 0x000001847a77f420, 0x00000184049bcf90, 0x00000184049660f0,
0x00000184038c9a50, 0x00000184049bc060, 0x000001847fbcf9b0, 0x000001840640c1e0,
0x0000018402951ea0, 0x0000018401d003a0
}

Java Threads: ( => current thread )
  0x0000018436c17be0 JavaThread "main" [_thread_blocked, id=26868, stack(0x0000000ca5c00000,0x0000000ca5d00000)]
  0x00000184554aef00 JavaThread "Reference Handler" daemon [_thread_blocked, id=2304, stack(0x0000000ca6300000,0x0000000ca6400000)]
  0x00000184554afb90 JavaThread "Finalizer" daemon [_thread_blocked, id=16964, stack(0x0000000ca6400000,0x0000000ca6500000)]
  0x00000184554cc710 JavaThread "Signal Dispatcher" daemon [_thread_blocked, id=18656, stack(0x0000000ca6500000,0x0000000ca6600000)]
  0x00000184554cd0e0 JavaThread "Attach Listener" daemon [_thread_blocked, id=22280, stack(0x0000000ca6600000,0x0000000ca6700000)]
  0x00000184554d0570 JavaThread "Service Thread" daemon [_thread_blocked, id=5944, stack(0x0000000ca6700000,0x0000000ca6800000)]
  0x00000184554d36f0 JavaThread "Monitor Deflation Thread" daemon [_thread_blocked, id=25728, stack(0x0000000ca6800000,0x0000000ca6900000)]
  0x00000184554d5b50 JavaThread "C2 CompilerThread0" daemon [_thread_in_native, id=18800, stack(0x0000000ca6900000,0x0000000ca6a00000)]
  0x00000184554de810 JavaThread "C1 CompilerThread0" daemon [_thread_blocked, id=22740, stack(0x0000000ca6a00000,0x0000000ca6b00000)]
  0x00000184554ea0d0 JavaThread "Sweeper thread" daemon [_thread_blocked, id=5076, stack(0x0000000ca6b00000,0x0000000ca6c00000)]
  0x00000184555dba80 JavaThread "Common-Cleaner" daemon [_thread_blocked, id=5696, stack(0x0000000ca6c00000,0x0000000ca6d00000)]
  0x000001845568d5a0 JavaThread "Notification Thread" daemon [_thread_blocked, id=17316, stack(0x0000000ca6d00000,0x0000000ca6e00000)]
  0x0000018476095460 JavaThread "Daemon health stats" [_thread_blocked, id=8648, stack(0x0000000ca7300000,0x0000000ca7400000)]
  0x0000018475b96640 JavaThread "Incoming local TCP Connector on port 50566" [_thread_in_native, id=11120, stack(0x0000000ca7400000,0x0000000ca7500000)]
  0x0000018476203340 JavaThread "Daemon periodic checks" [_thread_blocked, id=25476, stack(0x0000000ca7500000,0x0000000ca7600000)]
  0x000001847504fa70 JavaThread "Cache worker for journal cache (C:\Users\arun9\.gradle\caches\journal-1)" [_thread_blocked, id=14888, stack(0x0000000ca8200000,0x0000000ca8300000)]
  0x000001847504cce0 JavaThread "File lock request listener" [_thread_in_native, id=12072, stack(0x0000000ca8300000,0x0000000ca8400000)]
  0x000001847504d1f0 JavaThread "Cache worker for file hash cache (C:\Users\arun9\.gradle\caches\8.8\fileHashes)" [_thread_blocked, id=25260, stack(0x0000000ca8400000,0x0000000ca8500000)]
  0x000001847504e120 JavaThread "File watcher server" daemon [_thread_blocked, id=25356, stack(0x0000000ca8600000,0x0000000ca8700000)]
  0x000001847504f560 JavaThread "File watcher consumer" daemon [_thread_blocked, id=24256, stack(0x0000000ca8700000,0x0000000ca8800000)]
  0x00000184774d10a0 JavaThread "Cache worker for file content cache (C:\Users\arun9\.gradle\caches\8.8\fileContent)" [_thread_blocked, id=16640, stack(0x0000000ca8b00000,0x0000000ca8c00000)]
  0x00000184774d24e0 JavaThread "jar transforms" [_thread_blocked, id=23188, stack(0x0000000ca8e00000,0x0000000ca8f00000)]
  0x000001847656f6c0 JavaThread "Memory manager" [_thread_blocked, id=22884, stack(0x0000000cab800000,0x0000000cab900000)]
  0x0000018476de4770 JavaThread "jar transforms Thread 2" [_thread_blocked, id=6472, stack(0x0000000cb1700000,0x0000000cb1800000)]
  0x0000018476de5190 JavaThread "jar transforms Thread 3" [_thread_blocked, id=13700, stack(0x0000000cb1900000,0x0000000cb1a00000)]
  0x0000018477402e70 JavaThread "jar transforms Thread 4" [_thread_blocked, id=3952, stack(0x0000000cb2800000,0x0000000cb2900000)]
  0x00000184773fce40 JavaThread "jar transforms Thread 5" [_thread_blocked, id=20824, stack(0x0000000cb2900000,0x0000000cb2a00000)]
  0x00000184773feca0 JavaThread "jar transforms Thread 6" [_thread_blocked, id=27120, stack(0x0000000cb2a00000,0x0000000cb2b00000)]
  0x0000018477403380 JavaThread "jar transforms Thread 7" [_thread_blocked, id=23476, stack(0x0000000cb2c00000,0x0000000cb2d00000)]
  0x00000184773fc930 JavaThread "jar transforms Thread 8" [_thread_blocked, id=21492, stack(0x0000000cb2d00000,0x0000000cb2e00000)]
  0x0000018477400b00 JavaThread "jar transforms Thread 9" [_thread_blocked, id=3884, stack(0x0000000cb2e00000,0x0000000cb2f00000)]
  0x0000018477401f40 JavaThread "jar transforms Thread 10" [_thread_blocked, id=23192, stack(0x0000000cb2f00000,0x0000000cb3000000)]
  0x0000018477401a30 JavaThread "jar transforms Thread 11" [_thread_blocked, id=11164, stack(0x0000000cb3000000,0x0000000cb3100000)]
  0x0000018477403da0 JavaThread "jar transforms Thread 12" [_thread_blocked, id=27004, stack(0x0000000cb3100000,0x0000000cb3200000)]
  0x00000184774000e0 JavaThread "pool-3-thread-1" [_thread_blocked, id=22472, stack(0x0000000caba00000,0x0000000cabb00000)]
  0x000001840538abe0 JavaThread "Monitor" [_thread_in_native, id=19804, stack(0x0000000cb3800000,0x0000000cb3900000)]
  0x0000018401cfd610 JavaThread "Device List Monitor" [_thread_in_native, id=27248, stack(0x0000000cb3900000,0x0000000cb3a00000)]
  0x00000184017b8c10 JavaThread "pool-7-thread-1" [_thread_blocked, id=27448, stack(0x0000000cb2b00000,0x0000000cb2c00000)]
  0x000001840640a380 JavaThread "pool-10-thread-1" [_thread_blocked, id=26620, stack(0x0000000cb3500000,0x0000000cb3600000)]
  0x000001847909e640 JavaThread "pool-13-thread-1" [_thread_blocked, id=24744, stack(0x0000000cb2700000,0x0000000cb2800000)]
  0x000001847ab82c40 JavaThread "pool-16-thread-1" [_thread_blocked, id=25748, stack(0x0000000cb3200000,0x0000000cb3300000)]
  0x000001847ab80de0 JavaThread "ForkJoinPool.commonPool-worker-61" daemon [_thread_blocked, id=17820, stack(0x0000000caa800000,0x0000000caa900000)]
  0x000001847f212790 JavaThread "ForkJoinPool.commonPool-worker-63" daemon [_thread_blocked, id=24276, stack(0x0000000caaa00000,0x0000000caab00000)]
  0x0000018405389cb0 JavaThread "ForkJoinPool.commonPool-worker-66" daemon [_thread_blocked, id=19280, stack(0x0000000caad00000,0x0000000caae00000)]
  0x0000018401cfcbf0 JavaThread "Daemon Thread 7" [_thread_blocked, id=22864, stack(0x0000000ca5900000,0x0000000ca5a00000)]
  0x000001847ab83150 JavaThread "Daemon worker Thread 7" [_thread_blocked, id=2040, stack(0x0000000ca7600000,0x0000000ca7700000)]
  0x000001847819d290 JavaThread "ForkJoinPool.commonPool-worker-71" daemon [_thread_blocked, id=16888, stack(0x0000000caa900000,0x0000000caaa00000)]
  0x0000018404c92320 JavaThread "pool-20-thread-1" [_thread_blocked, id=6852, stack(0x0000000cb2500000,0x0000000cb2600000)]
  0x00000184014e81d0 JavaThread "Handler for socket connection from /127.0.0.1:50566 to /127.0.0.1:50159" [_thread_in_native, id=25656, stack(0x0000000ca5a00000,0x0000000ca5b00000)]
  0x00000184014e5950 JavaThread "Cancel handler" [_thread_blocked, id=27196, stack(0x0000000ca5b00000,0x0000000ca5c00000)]
  0x00000184079d1600 JavaThread "Asynchronous log dispatcher for DefaultDaemonConnection: socket connection from /127.0.0.1:50566 to /127.0.0.1:50159" [_thread_blocked, id=19644, stack(0x0000000ca7800000,0x0000000ca7900000)]
  0x00000184079d0be0 JavaThread "Stdin handler" [_thread_blocked, id=24352, stack(0x0000000ca7900000,0x0000000ca7a00000)]
  0x00000184079d10f0 JavaThread "Daemon client event forwarder" [_thread_blocked, id=23764, stack(0x0000000ca7a00000,0x0000000ca7b00000)]
  0x00000184079d1b10 JavaThread "Cache worker for file hash cache (C:\Users\arun9\ReactProjects\MovieRecommnederApp\MovieApp\android\.gradle\8.8\fileHashes)" [_thread_blocked, id=1020, stack(0x0000000ca7b00000,0x0000000ca7c00000)]
  0x00000184079d3460 JavaThread "Cache worker for checksums cache (C:\Users\arun9\ReactProjects\MovieRecommnederApp\MovieApp\android\.gradle\8.8\checksums)" [_thread_blocked, id=5304, stack(0x0000000ca7c00000,0x0000000ca7d00000)]
  0x00000184079d06d0 JavaThread "Cache worker for cache directory md-rule (C:\Users\arun9\.gradle\caches\8.8\md-rule)" [_thread_blocked, id=25928, stack(0x0000000ca8500000,0x0000000ca8600000)]
  0x00000184079d01c0 JavaThread "Cache worker for cache directory md-supplier (C:\Users\arun9\.gradle\caches\8.8\md-supplier)" [_thread_blocked, id=14892, stack(0x0000000ca8a00000,0x0000000ca8b00000)]
  0x00000184079d2f50 JavaThread "Unconstrained build operations" [_thread_blocked, id=17760, stack(0x0000000ca8c00000,0x0000000ca8d00000)]
  0x00000184079d2020 JavaThread "Unconstrained build operations Thread 2" [_thread_blocked, id=17388, stack(0x0000000ca8d00000,0x0000000ca8e00000)]
  0x00000184079d2a40 JavaThread "Unconstrained build operations Thread 3" [_thread_blocked, id=10812, stack(0x0000000ca8f00000,0x0000000ca9000000)]
  0x000001847ab803c0 JavaThread "Unconstrained build operations Thread 4" [_thread_blocked, id=10756, stack(0x0000000ca9000000,0x0000000ca9100000)]
  0x000001847ab7f9a0 JavaThread "Cache worker for Build Output Cleanup Cache (C:\Users\arun9\ReactProjects\MovieRecommnederApp\MovieApp\node_modules\@react-native\gradle-plugin\.gradle\buildOutputCleanup)" [_thread_blocked, id=18640, stack(0x0000000ca9100000,0x0000000ca9200000)]
  0x000001847ab808d0 JavaThread "Unconstrained build operations Thread 5" [_thread_blocked, id=15416, stack(0x0000000ca9200000,0x0000000ca9300000)]
  0x000001847ab812f0 JavaThread "Unconstrained build operations Thread 6" [_thread_blocked, id=16472, stack(0x0000000ca9300000,0x0000000ca9400000)]
  0x000001847ab81800 JavaThread "Unconstrained build operations Thread 7" [_thread_blocked, id=26036, stack(0x0000000ca9400000,0x0000000ca9500000)]
  0x000001847a780860 JavaThread "Unconstrained build operations Thread 8" [_thread_blocked, id=6512, stack(0x0000000ca9500000,0x0000000ca9600000)]
  0x000001840640c6f0 JavaThread "Unconstrained build operations Thread 9" [_thread_blocked, id=19252, stack(0x0000000ca9600000,0x0000000ca9700000)]
  0x000001840640ada0 JavaThread "Unconstrained build operations Thread 10" [_thread_blocked, id=19020, stack(0x0000000ca9700000,0x0000000ca9800000)]
  0x000001840640a890 JavaThread "Unconstrained build operations Thread 11" [_thread_blocked, id=18624, stack(0x0000000ca9800000,0x0000000ca9900000)]
  0x0000018401522750 JavaThread "Unconstrained build operations Thread 12" [_thread_blocked, id=14940, stack(0x0000000ca9900000,0x0000000ca9a00000)]
  0x0000018401523170 JavaThread "Unconstrained build operations Thread 13" [_thread_blocked, id=8064, stack(0x0000000ca9a00000,0x0000000ca9b00000)]
  0x0000018401522c60 JavaThread "Unconstrained build operations Thread 14" [_thread_blocked, id=27420, stack(0x0000000ca9b00000,0x0000000ca9c00000)]
  0x000001847a77dfe0 JavaThread "Unconstrained build operations Thread 15" [_thread_blocked, id=7364, stack(0x0000000ca9c00000,0x0000000ca9d00000)]
  0x0000018404c91e10 JavaThread "Unconstrained build operations Thread 16" [_thread_blocked, id=10936, stack(0x0000000ca9d00000,0x0000000ca9e00000)]
  0x0000018404c8f590 JavaThread "Unconstrained build operations Thread 17" [_thread_blocked, id=21904, stack(0x0000000ca9e00000,0x0000000ca9f00000)]
  0x000001847869a000 JavaThread "Unconstrained build operations Thread 18" [_thread_blocked, id=12996, stack(0x0000000ca9f00000,0x0000000caa000000)]
  0x0000018478698bc0 JavaThread "Unconstrained build operations Thread 19" [_thread_blocked, id=11464, stack(0x0000000caa000000,0x0000000caa100000)]
  0x0000018478696d60 JavaThread "Unconstrained build operations Thread 20" [_thread_blocked, id=5896, stack(0x0000000caa100000,0x0000000caa200000)]
  0x0000018478697c90 JavaThread "Unconstrained build operations Thread 21" [_thread_blocked, id=26168, stack(0x0000000caa200000,0x0000000caa300000)]
  0x00000184786990d0 JavaThread "Unconstrained build operations Thread 22" [_thread_blocked, id=26324, stack(0x0000000caa300000,0x0000000caa400000)]
  0x0000018478699af0 JavaThread "Unconstrained build operations Thread 23" [_thread_blocked, id=11856, stack(0x0000000caa400000,0x0000000caa500000)]
  0x0000018478696850 JavaThread "Unconstrained build operations Thread 24" [_thread_blocked, id=17116, stack(0x0000000caa500000,0x0000000caa600000)]
  0x00000184786981a0 JavaThread "Unconstrained build operations Thread 25" [_thread_blocked, id=8184, stack(0x0000000caa600000,0x0000000caa700000)]
  0x0000018478697270 JavaThread "Unconstrained build operations Thread 26" [_thread_blocked, id=22840, stack(0x0000000caa700000,0x0000000caa800000)]
  0x0000018478697780 JavaThread "build event listener" [_thread_blocked, id=17432, stack(0x0000000caae00000,0x0000000caaf00000)]
  0x000001847ab7feb0 JavaThread "ForkJoinPool.commonPool-worker-73" daemon [_thread_blocked, id=10432, stack(0x0000000cab200000,0x0000000cab300000)]
  0x0000018400aa1840 JavaThread "included builds" [_thread_blocked, id=22968, stack(0x0000000cab300000,0x0000000cab400000)]
  0x0000018404c90ee0 JavaThread "Execution worker" [_thread_blocked, id=14604, stack(0x0000000cab400000,0x0000000cab500000)]
  0x0000018404c8eb70 JavaThread "Execution worker Thread 2" [_thread_blocked, id=21300, stack(0x0000000cab500000,0x0000000cab600000)]
  0x0000018404c909d0 JavaThread "Execution worker Thread 3" [_thread_blocked, id=21804, stack(0x0000000cab600000,0x0000000cab700000)]
  0x000001847ab81d10 JavaThread "Execution worker Thread 4" [_thread_blocked, id=16692, stack(0x0000000cab700000,0x0000000cab800000)]
  0x000001847ab82730 JavaThread "Execution worker Thread 5" [_thread_blocked, id=18876, stack(0x0000000cab900000,0x0000000caba00000)]
  0x000001847ab82220 JavaThread "Execution worker Thread 6" [_thread_blocked, id=12368, stack(0x0000000cabc00000,0x0000000cabd00000)]
  0x000001840101e6a0 JavaThread "Execution worker Thread 7" [_thread_blocked, id=16092, stack(0x0000000cabd00000,0x0000000cabe00000)]
  0x000001840101ebb0 JavaThread "Execution worker Thread 8" [_thread_blocked, id=24844, stack(0x0000000cabe00000,0x0000000cabf00000)]
  0x000001840101f0c0 JavaThread "Execution worker Thread 9" [_thread_blocked, id=8292, stack(0x0000000cabf00000,0x0000000cac000000)]
  0x0000018401020a10 JavaThread "Execution worker Thread 10" [_thread_blocked, id=21968, stack(0x0000000cac000000,0x0000000cac100000)]
  0x000001840101e190 JavaThread "Execution worker Thread 11" [_thread_blocked, id=20352, stack(0x0000000cac100000,0x0000000cac200000)]
  0x0000018401cf75e0 JavaThread "Cache worker for execution history cache (C:\Users\arun9\ReactProjects\MovieRecommnederApp\MovieApp\node_modules\@react-native\gradle-plugin\.gradle\8.8\executionHistory)" [_thread_blocked, id=24036, stack(0x0000000cac200000,0x0000000cac300000)]
  0x0000018401cfc1d0 JavaThread "Unconstrained build operations Thread 27" [_thread_blocked, id=15108, stack(0x0000000cac300000,0x0000000cac400000)]
  0x0000018401cfdb20 JavaThread "Unconstrained build operations Thread 28" [_thread_blocked, id=20560, stack(0x0000000cac400000,0x0000000cac500000)]
  0x0000018401cfad90 JavaThread "Unconstrained build operations Thread 29" [_thread_blocked, id=18116, stack(0x0000000cac800000,0x0000000cac900000)]
  0x0000018403d7ec20 JavaThread "Unconstrained build operations Thread 30" [_thread_blocked, id=12672, stack(0x0000000cac900000,0x0000000caca00000)]
  0x0000018403d7f130 JavaThread "Unconstrained build operations Thread 31" [_thread_blocked, id=23024, stack(0x0000000caca00000,0x0000000cacb00000)]
  0x0000018403d7e710 JavaThread "Unconstrained build operations Thread 32" [_thread_blocked, id=2464, stack(0x0000000cacb00000,0x0000000cacc00000)]
  0x000001847667ef80 JavaThread "Unconstrained build operations Thread 33" [_thread_blocked, id=23836, stack(0x0000000cacc00000,0x0000000cacd00000)]
  0x000001847667cc10 JavaThread "Unconstrained build operations Thread 34" [_thread_blocked, id=14972, stack(0x0000000cacd00000,0x0000000cace00000)]
  0x000001847667ea70 JavaThread "Unconstrained build operations Thread 35" [_thread_blocked, id=2376, stack(0x0000000cace00000,0x0000000cacf00000)]
  0x0000018404c8f080 JavaThread "Unconstrained build operations Thread 36" [_thread_blocked, id=9504, stack(0x0000000cacf00000,0x0000000cad000000)]
  0x0000018400aa1330 JavaThread "Unconstrained build operations Thread 37" [_thread_blocked, id=13416, stack(0x0000000cad000000,0x0000000cad100000)]
  0x0000018400aa2260 JavaThread "Unconstrained build operations Thread 38" [_thread_blocked, id=26916, stack(0x0000000cad100000,0x0000000cad200000)]
  0x0000018400aa2c80 JavaThread "Unconstrained build operations Thread 39" [_thread_blocked, id=24912, stack(0x0000000cad200000,0x0000000cad300000)]
  0x000001847a77ea00 JavaThread "Unconstrained build operations Thread 40" [_thread_blocked, id=17788, stack(0x0000000cad300000,0x0000000cad400000)]
  0x0000018401cfb2a0 JavaThread "Unconstrained build operations Thread 41" [_thread_blocked, id=23560, stack(0x0000000cad400000,0x0000000cad500000)]
  0x0000018401cf66b0 JavaThread "Unconstrained build operations Thread 42" [_thread_blocked, id=21672, stack(0x0000000cad500000,0x0000000cad600000)]
  0x0000018401cf9e60 JavaThread "Unconstrained build operations Thread 43" [_thread_blocked, id=14716, stack(0x0000000cad600000,0x0000000cad700000)]
  0x0000018400aa40c0 JavaThread "Unconstrained build operations Thread 44" [_thread_blocked, id=18000, stack(0x0000000cad700000,0x0000000cad800000)]
  0x0000018400aa36a0 JavaThread "Unconstrained build operations Thread 45" [_thread_blocked, id=23080, stack(0x0000000cad800000,0x0000000cad900000)]
  0x0000018400aa3190 JavaThread "Unconstrained build operations Thread 46" [_thread_blocked, id=26296, stack(0x0000000cad900000,0x0000000cada00000)]
  0x0000018400aa3bb0 JavaThread "Unconstrained build operations Thread 47" [_thread_blocked, id=12804, stack(0x0000000cada00000,0x0000000cadb00000)]
  0x0000018400aa4ae0 JavaThread "Unconstrained build operations Thread 48" [_thread_blocked, id=19796, stack(0x0000000cadb00000,0x0000000cadc00000)]
  0x0000018400aa2770 JavaThread "Unconstrained build operations Thread 49" [_thread_blocked, id=14784, stack(0x0000000cadc00000,0x0000000cadd00000)]
  0x00000184055887e0 JavaThread "Unconstrained build operations Thread 50" [_thread_blocked, id=16708, stack(0x0000000cadd00000,0x0000000cade00000)]
  0x0000018405588cf0 JavaThread "Unconstrained build operations Thread 51" [_thread_blocked, id=2560, stack(0x0000000cade00000,0x0000000cadf00000)]
  0x0000018405589200 JavaThread "Unconstrained build operations Thread 52" [_thread_blocked, id=7580, stack(0x0000000cadf00000,0x0000000cae000000)]
  0x0000018405587dc0 JavaThread "Unconstrained build operations Thread 53" [_thread_blocked, id=17120, stack(0x0000000cae000000,0x0000000cae100000)]
  0x00000184055882d0 JavaThread "Unconstrained build operations Thread 54" [_thread_blocked, id=7000, stack(0x0000000cae100000,0x0000000cae200000)]
  0x000001847809a3e0 JavaThread "Unconstrained build operations Thread 55" [_thread_blocked, id=13636, stack(0x0000000cae200000,0x0000000cae300000)]
  0x000001847809b820 JavaThread "Unconstrained build operations Thread 56" [_thread_blocked, id=10944, stack(0x0000000cae300000,0x0000000cae400000)]
  0x000001847809a8f0 JavaThread "Unconstrained build operations Thread 57" [_thread_blocked, id=348, stack(0x0000000cae400000,0x0000000cae500000)]
  0x000001847809c240 JavaThread "Unconstrained build operations Thread 58" [_thread_blocked, id=13140, stack(0x0000000cae500000,0x0000000cae600000)]
  0x000001847809d680 JavaThread "Unconstrained build operations Thread 59" [_thread_blocked, id=26612, stack(0x0000000cae600000,0x0000000cae700000)]
  0x000001847809c750 JavaThread "Unconstrained build operations Thread 60" [_thread_blocked, id=26616, stack(0x0000000cae700000,0x0000000cae800000)]
  0x000001847809cc60 JavaThread "Unconstrained build operations Thread 61" [_thread_blocked, id=2196, stack(0x0000000cae800000,0x0000000cae900000)]
  0x000001847809d170 JavaThread "Cache worker for Build Output Cleanup Cache (C:\Users\arun9\ReactProjects\MovieRecommnederApp\MovieApp\android\.gradle\buildOutputCleanup)" [_thread_blocked, id=23472, stack(0x0000000cae900000,0x0000000caea00000)]
  0x0000018401cf8510 JavaThread "Unconstrained build operations Thread 62" [_thread_blocked, id=26596, stack(0x0000000caea00000,0x0000000caeb00000)]
  0x0000018401cfb7b0 JavaThread "Unconstrained build operations Thread 63" [_thread_blocked, id=12248, stack(0x0000000caeb00000,0x0000000caec00000)]
  0x0000018401cfe030 JavaThread "Unconstrained build operations Thread 64" [_thread_blocked, id=17516, stack(0x0000000caec00000,0x0000000caed00000)]
  0x0000018401cf6bc0 JavaThread "Unconstrained build operations Thread 65" [_thread_blocked, id=27056, stack(0x0000000caed00000,0x0000000caee00000)]
  0x0000018401cfe540 JavaThread "Unconstrained build operations Thread 66" [_thread_blocked, id=24304, stack(0x0000000caee00000,0x0000000caef00000)]
  0x0000018401cfea50 JavaThread "Unconstrained build operations Thread 67" [_thread_blocked, id=7432, stack(0x0000000caef00000,0x0000000caf000000)]
  0x0000018401cfa880 JavaThread "Unconstrained build operations Thread 68" [_thread_blocked, id=18984, stack(0x0000000caf000000,0x0000000caf100000)]
  0x0000018401cfef60 JavaThread "Unconstrained build operations Thread 69" [_thread_blocked, id=21704, stack(0x0000000caf100000,0x0000000caf200000)]
  0x0000018401cf7af0 JavaThread "Unconstrained build operations Thread 70" [_thread_blocked, id=21684, stack(0x0000000caf200000,0x0000000caf300000)]
  0x0000018401cff980 JavaThread "Unconstrained build operations Thread 71" [_thread_blocked, id=25980, stack(0x0000000caf300000,0x0000000caf400000)]
  0x000001847809db90 JavaThread "Unconstrained build operations Thread 72" [_thread_blocked, id=24780, stack(0x0000000caf400000,0x0000000caf500000)]
  0x000001847809b310 JavaThread "Unconstrained build operations Thread 73" [_thread_blocked, id=22584, stack(0x0000000caf500000,0x0000000caf600000)]
  0x000001847809ae00 JavaThread "Unconstrained build operations Thread 74" [_thread_blocked, id=24732, stack(0x0000000caf600000,0x0000000caf700000)]
  0x00000184797d2890 JavaThread "Unconstrained build operations Thread 75" [_thread_blocked, id=11228, stack(0x0000000caf700000,0x0000000caf800000)]
  0x00000184797d32b0 JavaThread "Unconstrained build operations Thread 76" [_thread_blocked, id=16944, stack(0x0000000caf800000,0x0000000caf900000)]
  0x00000184797d4c00 JavaThread "Unconstrained build operations Thread 77" [_thread_blocked, id=19384, stack(0x0000000caf900000,0x0000000cafa00000)]
  0x00000184797d46f0 JavaThread "Unconstrained build operations Thread 78" [_thread_blocked, id=4768, stack(0x0000000cafa00000,0x0000000cafb00000)]
  0x00000184797d37c0 JavaThread "Unconstrained build operations Thread 79" [_thread_blocked, id=17824, stack(0x0000000cafb00000,0x0000000cafc00000)]
  0x00000184797d5620 JavaThread "Unconstrained build operations Thread 80" [_thread_blocked, id=24516, stack(0x0000000cafc00000,0x0000000cafd00000)]
  0x00000184797d5110 JavaThread "Unconstrained build operations Thread 81" [_thread_blocked, id=2732, stack(0x0000000cafd00000,0x0000000cafe00000)]
  0x00000184797d5b30 JavaThread "Unconstrained build operations Thread 82" [_thread_blocked, id=8380, stack(0x0000000cafe00000,0x0000000caff00000)]
  0x0000018404c8faa0 JavaThread "Unconstrained build operations Thread 83" [_thread_blocked, id=4860, stack(0x0000000caff00000,0x0000000cb0000000)]
  0x0000018404c91900 JavaThread "Unconstrained build operations Thread 84" [_thread_blocked, id=24656, stack(0x0000000cb0000000,0x0000000cb0100000)]
  0x0000018404c8ffb0 JavaThread "Unconstrained build operations Thread 85" [_thread_blocked, id=4340, stack(0x0000000cb0100000,0x0000000cb0200000)]
  0x000001847667c1f0 JavaThread "Unconstrained build operations Thread 86" [_thread_blocked, id=14020, stack(0x0000000cb0200000,0x0000000cb0300000)]
  0x0000018404c904c0 JavaThread "Unconstrained build operations Thread 87" [_thread_blocked, id=3880, stack(0x0000000cb0300000,0x0000000cb0400000)]
  0x000001840640b7c0 JavaThread "Unconstrained build operations Thread 88" [_thread_blocked, id=21592, stack(0x0000000cb0400000,0x0000000cb0500000)]
  0x000001840640b2b0 JavaThread "Unconstrained build operations Thread 89" [_thread_blocked, id=16652, stack(0x0000000cb0500000,0x0000000cb0600000)]
  0x000001840640bcd0 JavaThread "Unconstrained build operations Thread 90" [_thread_blocked, id=17960, stack(0x0000000cb0600000,0x0000000cb0700000)]
  0x000001847667f490 JavaThread "Unconstrained build operations Thread 91" [_thread_blocked, id=2684, stack(0x0000000cb0700000,0x0000000cb0800000)]
  0x000001847667c700 JavaThread "Unconstrained build operations Thread 92" [_thread_blocked, id=11796, stack(0x0000000cb0800000,0x0000000cb0900000)]
  0x000001847667e050 JavaThread "Unconstrained build operations Thread 93" [_thread_blocked, id=22832, stack(0x0000000cb0900000,0x0000000cb0a00000)]
  0x000001847819d7a0 JavaThread "build event listener" [_thread_blocked, id=12052, stack(0x0000000cb0a00000,0x0000000cb0b00000)]
  0x000001847819dcb0 JavaThread "Unconstrained build operations Thread 94" [_thread_blocked, id=24580, stack(0x0000000cb0b00000,0x0000000cb0c00000)]
  0x000001847819be50 JavaThread "Unconstrained build operations Thread 95" [_thread_blocked, id=16048, stack(0x0000000cb0c00000,0x0000000cb0d00000)]
  0x000001847819e6d0 JavaThread "Unconstrained build operations Thread 96" [_thread_blocked, id=15292, stack(0x0000000cb0d00000,0x0000000cb0e00000)]
  0x000001847819c870 JavaThread "Unconstrained build operations Thread 97" [_thread_blocked, id=352, stack(0x0000000cb0e00000,0x0000000cb0f00000)]
  0x000001847819e1c0 JavaThread "Unconstrained build operations Thread 98" [_thread_blocked, id=27456, stack(0x0000000cb0f00000,0x0000000cb1000000)]
  0x000001847819af20 JavaThread "Unconstrained build operations Thread 99" [_thread_blocked, id=22728, stack(0x0000000cb1000000,0x0000000cb1100000)]
  0x00000184797d6040 JavaThread "Unconstrained build operations Thread 100" [_thread_blocked, id=18088, stack(0x0000000cb1100000,0x0000000cb1200000)]
  0x00000184797d2da0 JavaThread "Unconstrained build operations Thread 101" [_thread_blocked, id=10380, stack(0x0000000cb1200000,0x0000000cb1300000)]
  0x00000184797d3cd0 JavaThread "Unconstrained build operations Thread 102" [_thread_blocked, id=18100, stack(0x0000000cb1300000,0x0000000cb1400000)]
  0x00000184014e6880 JavaThread "Unconstrained build operations Thread 103" [_thread_blocked, id=2060, stack(0x0000000cb1400000,0x0000000cb1500000)]
  0x00000184014e5e60 JavaThread "Unconstrained build operations Thread 104" [_thread_blocked, id=21452, stack(0x0000000cb1500000,0x0000000cb1600000)]
  0x00000184014e72a0 JavaThread "Unconstrained build operations Thread 105" [_thread_blocked, id=8724, stack(0x0000000cb1600000,0x0000000cb1700000)]
  0x00000184014e6370 JavaThread "Unconstrained build operations Thread 106" [_thread_blocked, id=21708, stack(0x0000000cb1800000,0x0000000cb1900000)]
  0x00000184014e6d90 JavaThread "Unconstrained build operations Thread 107" [_thread_blocked, id=16512, stack(0x0000000cb1a00000,0x0000000cb1b00000)]
  0x00000184014e7cc0 JavaThread "Unconstrained build operations Thread 108" [_thread_blocked, id=23656, stack(0x0000000cb1b00000,0x0000000cb1c00000)]
  0x00000184014e86e0 JavaThread "Unconstrained build operations Thread 109" [_thread_blocked, id=5332, stack(0x0000000cb1c00000,0x0000000cb1d00000)]
  0x00000184014e4f30 JavaThread "Unconstrained build operations Thread 110" [_thread_blocked, id=21960, stack(0x0000000cb1d00000,0x0000000cb1e00000)]
  0x00000184014e5440 JavaThread "Unconstrained build operations Thread 111" [_thread_blocked, id=22440, stack(0x0000000cb1e00000,0x0000000cb1f00000)]
  0x000001840101f5d0 JavaThread "Unconstrained build operations Thread 112" [_thread_blocked, id=17920, stack(0x0000000cb1f00000,0x0000000cb2000000)]
  0x0000018401020f20 JavaThread "Unconstrained build operations Thread 113" [_thread_blocked, id=18720, stack(0x0000000cb2000000,0x0000000cb2100000)]
  0x000001847819b940 JavaThread "Unconstrained build operations Thread 114" [_thread_blocked, id=15212, stack(0x0000000cb2100000,0x0000000cb2200000)]
  0x000001847819cd80 JavaThread "Unconstrained build operations Thread 115" [_thread_blocked, id=27036, stack(0x0000000cb2200000,0x0000000cb2300000)]
  0x00000184797d41e0 JavaThread "Unconstrained build operations Thread 116" [_thread_blocked, id=16172, stack(0x0000000cb2300000,0x0000000cb2400000)]
  0x000001847809bd30 JavaThread "Unconstrained build operations Thread 117" [_thread_blocked, id=26676, stack(0x0000000cb2400000,0x0000000cb2500000)]
  0x00000184054ae4c0 JavaThread "Unconstrained build operations Thread 118" [_thread_blocked, id=11000, stack(0x0000000cb2600000,0x0000000cb2700000)]
  0x00000184054abc40 JavaThread "Unconstrained build operations Thread 119" [_thread_blocked, id=17460, stack(0x0000000cb3600000,0x0000000cb3700000)]
  0x00000184054acb70 JavaThread "Unconstrained build operations Thread 120" [_thread_blocked, id=3948, stack(0x0000000cb3700000,0x0000000cb3800000)]
  0x000001840538c530 JavaThread "pool-23-thread-1" [_thread_blocked, id=15028, stack(0x0000000ca7700000,0x0000000ca7800000)]
  0x000001840538b600 JavaThread "build event listener" [_thread_blocked, id=27524, stack(0x0000000cab000000,0x0000000cab100000)]
  0x000001840538bb10 JavaThread "Cache worker for execution history cache (C:\Users\arun9\ReactProjects\MovieRecommnederApp\MovieApp\android\.gradle\8.8\executionHistory)" [_thread_blocked, id=7196, stack(0x0000000cb3a00000,0x0000000cb3b00000)]
  0x00000184054ae9d0 JavaThread "Cache worker for Java compile cache (C:\Users\arun9\.gradle\caches\8.8\javaCompile)" [_thread_blocked, id=13916, stack(0x0000000cb4c00000,0x0000000cb4d00000)]
  0x00000184054ad080 JavaThread "Build operations" [_thread_blocked, id=12884, stack(0x0000000caac00000,0x0000000caad00000)]
  0x00000184054ad590 JavaThread "Build operations Thread 2" [_thread_blocked, id=18664, stack(0x0000000cb4700000,0x0000000cb4800000)]
  0x00000184054ac660 JavaThread "Build operations Thread 3" [_thread_blocked, id=25760, stack(0x0000000cb4f00000,0x0000000cb5000000)]
  0x00000184054adaa0 JavaThread "Build operations Thread 4" [_thread_blocked, id=10312, stack(0x0000000cb5000000,0x0000000cb5100000)]
  0x00000184054adfb0 JavaThread "Build operations Thread 5" [_thread_blocked, id=9120, stack(0x0000000cb5100000,0x0000000cb5200000)]
  0x00000184054aeee0 JavaThread "Build operations Thread 6" [_thread_blocked, id=23856, stack(0x0000000cb5200000,0x0000000cb5300000)]
  0x00000184054ac150 JavaThread "Build operations Thread 7" [_thread_blocked, id=17436, stack(0x0000000cb5300000,0x0000000cb5400000)]
  0x000001847667d120 JavaThread "Build operations Thread 8" [_thread_blocked, id=7128, stack(0x0000000cb5400000,0x0000000cb5500000)]
  0x000001847667d630 JavaThread "Build operations Thread 9" [_thread_blocked, id=21268, stack(0x0000000cb5500000,0x0000000cb5600000)]
  0x000001840648cf90 JavaThread "Build operations Thread 10" [_thread_blocked, id=25336, stack(0x0000000cb5600000,0x0000000cb5700000)]
  0x000001840648a710 JavaThread "Build operations Thread 11" [_thread_blocked, id=1724, stack(0x0000000cb5700000,0x0000000cb5800000)]
  0x000001840101fff0 JavaThread "Build operations Thread 12" [_thread_blocked, id=17500, stack(0x0000000cb3b00000,0x0000000cb3c00000)]
  0x00000184049651c0 JavaThread "RMI Scheduler(0)" daemon [_thread_blocked, id=19916, stack(0x0000000cb4a00000,0x0000000cb4b00000)]
  0x0000018404965be0 JavaThread "RMI RenewClean-[127.0.0.1:17284,org.jetbrains.kotlin.daemon.common.LoopbackNetworkInterface$ClientLoopbackSocketFactory@702d60c4]" daemon [_thread_blocked, id=21928, stack(0x0000000cb4b00000,0x0000000cb4c00000)]
  0x0000018404964290 JavaThread "RMI GC Daemon" daemon [_thread_blocked, id=19032, stack(0x0000000cb5a00000,0x0000000cb5b00000)]
  0x000001847a77f930 JavaThread "WorkerExecutor Queue Thread 21" [_thread_blocked, id=4372, stack(0x0000000cb5b00000,0x0000000cb5c00000)]
  0x0000018401cff470 JavaThread "RMI TCP Accept-0" daemon [_thread_in_native, id=7768, stack(0x0000000cb5d00000,0x0000000cb5e00000)]
  0x0000018401cffe90 JavaThread "RMI Reaper" [_thread_blocked, id=13084, stack(0x0000000cb5e00000,0x0000000cb5f00000)]
  0x00000184049656d0 JavaThread "RMI TCP Connection(idle)" daemon [_thread_blocked, id=11308, stack(0x0000000cb6000000,0x0000000cb6100000)]
  0x000001847a77e4f0 JavaThread "WorkerExecutor Queue Thread 23" [_thread_blocked, id=17540, stack(0x0000000cb3f00000,0x0000000cb4000000)]
  0x000001847a780350 JavaThread "WorkerExecutor Queue Thread 26" [_thread_blocked, id=2804, stack(0x0000000cb4400000,0x0000000cb4500000)]
  0x00000184049bb130 JavaThread "WorkerExecutor Queue Thread 27" [_thread_blocked, id=21280, stack(0x0000000cb4500000,0x0000000cb4600000)]
  0x0000018402951990 JavaThread "RMI RenewClean-[127.0.0.1:17282,org.jetbrains.kotlin.daemon.common.LoopbackNetworkInterface$ClientLoopbackSocketFactory@51aee933]" daemon [_thread_blocked, id=24232, stack(0x0000000caaf00000,0x0000000cab000000)]
  0x0000018401cf8f30 JavaThread "WorkerExecutor Queue Thread 29" [_thread_blocked, id=8748, stack(0x0000000cb4000000,0x0000000cb4100000)]
  0x0000018404966600 JavaThread "WorkerExecutor Queue Thread 30" [_thread_blocked, id=25936, stack(0x0000000cb4300000,0x0000000cb4400000)]
  0x00000184049647a0 JavaThread "WorkerExecutor Queue Thread 31" [_thread_blocked, id=13000, stack(0x0000000cb4600000,0x0000000cb4700000)]
  0x0000018404964cb0 JavaThread "WorkerExecutor Queue Thread 32" [_thread_blocked, id=4220, stack(0x0000000cb4900000,0x0000000cb4a00000)]
  0x0000018404967020 JavaThread "WorkerExecutor Queue Thread 33" [_thread_blocked, id=19012, stack(0x0000000cb5c00000,0x0000000cb5d00000)]
  0x0000018404967a40 JavaThread "WorkerExecutor Queue Thread 34" [_thread_blocked, id=15520, stack(0x0000000cb5f00000,0x0000000cb6000000)]
  0x0000018404967530 JavaThread "WorkerExecutor Queue Thread 35" [_thread_blocked, id=1580, stack(0x0000000cb6100000,0x0000000cb6200000)]
  0x000001840101fae0 JavaThread "WorkerExecutor Queue Thread 36" [_thread_blocked, id=19624, stack(0x0000000caab00000,0x0000000caac00000)]
  0x000001847fbcf4a0 JavaThread "ForkJoinPool-2-worker-1" daemon [_thread_blocked, id=9720, stack(0x0000000cb4100000,0x0000000cb4200000)]
  0x00000184054ab730 JavaThread "ForkJoinPool-2-worker-2" daemon [_thread_blocked, id=12848, stack(0x0000000cb4200000,0x0000000cb4300000)]
  0x00000184029523b0 JavaThread "ForkJoinPool-2-worker-3" daemon [_thread_blocked, id=4620, stack(0x0000000cb4800000,0x0000000cb4900000)]
  0x000001847a77f420 JavaThread "ForkJoinPool-2-worker-4" daemon [_thread_blocked, id=4584, stack(0x0000000cb4d00000,0x0000000cb4e00000)]
  0x00000184049bcf90 JavaThread "ForkJoinPool-2-worker-5" daemon [_thread_blocked, id=21844, stack(0x0000000cb4e00000,0x0000000cb4f00000)]
  0x00000184049660f0 JavaThread "ForkJoinPool-2-worker-6" daemon [_thread_blocked, id=22316, stack(0x0000000cb6200000,0x0000000cb6300000)]
  0x00000184038c9a50 JavaThread "ForkJoinPool-2-worker-7" daemon [_thread_blocked, id=22332, stack(0x0000000cb6300000,0x0000000cb6400000)]
  0x00000184049bc060 JavaThread "ForkJoinPool-2-worker-8" daemon [_thread_blocked, id=23528, stack(0x0000000cb6400000,0x0000000cb6500000)]
  0x000001847fbcf9b0 JavaThread "ForkJoinPool-2-worker-9" daemon [_thread_blocked, id=8440, stack(0x0000000cb6500000,0x0000000cb6600000)]
  0x000001840640c1e0 JavaThread "ForkJoinPool-2-worker-10" daemon [_thread_blocked, id=26388, stack(0x0000000cb6600000,0x0000000cb6700000)]
  0x0000018402951ea0 JavaThread "ForkJoinPool-2-worker-11" daemon [_thread_blocked, id=22720, stack(0x0000000cb6700000,0x0000000cb6800000)]
  0x0000018401d003a0 JavaThread "ForkJoinPool-2-worker-12" daemon [_thread_blocked, id=4904, stack(0x0000000cb6800000,0x0000000cb6900000)]

Other Threads:
=>0x00000184554ab0a0 VMThread "VM Thread" [stack: 0x0000000ca6200000,0x0000000ca6300000] [id=27072]
  0x0000018436c18970 WatcherThread [stack: 0x0000000ca6e00000,0x0000000ca6f00000] [id=24360]
  0x0000018436c73dc0 GCTaskThread "GC Thread#0" [stack: 0x0000000ca5d00000,0x0000000ca5e00000] [id=11324]
  0x000001847560baf0 GCTaskThread "GC Thread#1" [stack: 0x0000000ca6f00000,0x0000000ca7000000] [id=23604]
  0x0000018475225fc0 GCTaskThread "GC Thread#2" [stack: 0x0000000ca7000000,0x0000000ca7100000] [id=19536]
  0x0000018475711fd0 GCTaskThread "GC Thread#3" [stack: 0x0000000ca7100000,0x0000000ca7200000] [id=22752]
  0x00000184757fc870 GCTaskThread "GC Thread#4" [stack: 0x0000000ca7200000,0x0000000ca7300000] [id=22996]
  0x0000018476764700 GCTaskThread "GC Thread#5" [stack: 0x0000000ca7d00000,0x0000000ca7e00000] [id=14808]
  0x00000184558f0500 GCTaskThread "GC Thread#6" [stack: 0x0000000ca7e00000,0x0000000ca7f00000] [id=23824]
  0x00000184762bd440 GCTaskThread "GC Thread#7" [stack: 0x0000000ca7f00000,0x0000000ca8000000] [id=6064]
  0x00000184558ef500 GCTaskThread "GC Thread#8" [stack: 0x0000000ca8000000,0x0000000ca8100000] [id=24092]
  0x000001847587bdf0 GCTaskThread "GC Thread#9" [stack: 0x0000000ca8100000,0x0000000ca8200000] [id=24984]
  0x0000018436c84c20 ConcurrentGCThread "G1 Main Marker" [stack: 0x0000000ca5e00000,0x0000000ca5f00000] [id=26108]
  0x0000018436c85cf0 ConcurrentGCThread "G1 Conc#0" [stack: 0x0000000ca5f00000,0x0000000ca6000000] [id=18616]
  0x00000184767eb450 ConcurrentGCThread "G1 Conc#1" [stack: 0x0000000ca8800000,0x0000000ca8900000] [id=24788]
  0x000001847756e780 ConcurrentGCThread "G1 Conc#2" [stack: 0x0000000ca8900000,0x0000000ca8a00000] [id=24828]
  0x000001845536a550 ConcurrentGCThread "G1 Refine#0" [stack: 0x0000000ca6000000,0x0000000ca6100000] [id=25564]
  0x0000018476e56410 ConcurrentGCThread "G1 Refine#1" [stack: 0x0000000cac500000,0x0000000cac600000] [id=20132]
  0x000001847a1dfd80 ConcurrentGCThread "G1 Refine#2" [stack: 0x0000000cac600000,0x0000000cac700000] [id=16836]
  0x000001847f0e5c60 ConcurrentGCThread "G1 Refine#3" [stack: 0x0000000cac700000,0x0000000cac800000] [id=16376]
  0x0000018477668120 ConcurrentGCThread "G1 Refine#4" [stack: 0x0000000cabb00000,0x0000000cabc00000] [id=23148]
  0x000001847a1df7a0 ConcurrentGCThread "G1 Refine#5" [stack: 0x0000000cb3300000,0x0000000cb3400000] [id=24976]
  0x000001847849bfa0 ConcurrentGCThread "G1 Refine#6" [stack: 0x0000000cb3400000,0x0000000cb3500000] [id=27504]
  0x0000018404bba980 ConcurrentGCThread "G1 Refine#7" [stack: 0x0000000cb3c00000,0x0000000cb3d00000] [id=21760]
  0x000001840228dcb0 ConcurrentGCThread "G1 Refine#8" [stack: 0x0000000cb3d00000,0x0000000cb3e00000] [id=16980]
  0x000001840228d9c0 ConcurrentGCThread "G1 Refine#9" [stack: 0x0000000cb3e00000,0x0000000cb3f00000] [id=24944]
  0x000001845536ae90 ConcurrentGCThread "G1 Service" [stack: 0x0000000ca6100000,0x0000000ca6200000] [id=17136]

Threads with active compile tasks:
C2 CompilerThread0  13729924 56750       4       com.android.tools.r8.dex.code.N::a (3284 bytes)
C1 CompilerThread0  13729924 56770   !   3       java.util.concurrent.ForkJoinTask::awaitDone (656 bytes)

VM state: at safepoint (normal execution)

VM Mutex/Monitor currently owned by a thread:  ([mutex/lock_event])
[0x0000018436c13360] Threads_lock - owner thread: 0x00000184554ab0a0
[0x0000018436c13870] Heap_lock - owner thread: 0x000001847fbcf9b0

Heap address: 0x0000000080000000, size: 2048 MB, Compressed Oops mode: 32-bit

CDS archive(s) mapped at: [0x0000018456000000-0x0000018456bb0000-0x0000018456bb0000), size 12255232, SharedBaseAddress: 0x0000018456000000, ArchiveRelocationMode: 1.
Compressed class space mapped at: 0x0000018457000000-0x0000018471000000, reserved size: 436207616
Narrow klass base: 0x0000018456000000, Narrow klass shift: 0, Narrow klass range: 0x100000000

GC Precious Log:
 CPUs: 12 total, 12 available
 Memory: 7598M
 Large Page Support: Disabled
 NUMA Support: Disabled
 Compressed Oops: Enabled (32-bit)
 Heap Region Size: 1M
 Heap Min Capacity: 8M
 Heap Initial Capacity: 120M
 Heap Max Capacity: 2G
 Pre-touch: Disabled
 Parallel Workers: 10
 Concurrent Workers: 3
 Concurrent Refinement Workers: 10
 Periodic GC: Disabled

Heap:
 garbage-first heap   total 1378304K, used 448904K [0x0000000080000000, 0x0000000100000000)
  region size 1024K, 9 young (9216K), 9 survivors (9216K)
 Metaspace       used 195242K, committed 198016K, reserved 622592K
  class space    used 25878K, committed 27136K, reserved 425984K

Heap Regions: E=young(eden), S=young(survivor), O=old, HS=humongous(starts), HC=humongous(continues), CS=collection set, F=free, OA=open archive, CA=closed archive, TAMS=top-at-mark-start (previous, next)
|   0|0x0000000080000000, 0x0000000080100000, 0x0000000080100000|100%|HS|  |TAMS 0x0000000080100000, 0x0000000080100000| Untracked 
|   1|0x0000000080100000, 0x0000000080200000, 0x0000000080200000|100%|HC|  |TAMS 0x0000000080200000, 0x0000000080200000| Untracked 
|   2|0x0000000080200000, 0x0000000080300000, 0x0000000080300000|100%|HC|  |TAMS 0x0000000080300000, 0x0000000080300000| Untracked 
|   3|0x0000000080300000, 0x0000000080400000, 0x0000000080400000|100%|HC|  |TAMS 0x0000000080400000, 0x0000000080400000| Untracked 
|   4|0x0000000080400000, 0x0000000080500000, 0x0000000080500000|100%| O|  |TAMS 0x0000000080500000, 0x0000000080500000| Untracked 
|   5|0x0000000080500000, 0x0000000080600000, 0x0000000080600000|100%| O|  |TAMS 0x0000000080600000, 0x0000000080600000| Untracked 
|   6|0x0000000080600000, 0x00000000806fffe8, 0x0000000080700000| 99%| O|  |TAMS 0x0000000080600000, 0x00000000806fffe8| Untracked 
|   7|0x0000000080700000, 0x0000000080800000, 0x0000000080800000|100%| O|  |TAMS 0x0000000080700000, 0x0000000080800000| Untracked 
|   8|0x0000000080800000, 0x0000000080900000, 0x0000000080900000|100%| O|  |TAMS 0x0000000080900000, 0x0000000080900000| Untracked 
|   9|0x0000000080900000, 0x0000000080a00000, 0x0000000080a00000|100%| O|  |TAMS 0x0000000080a00000, 0x0000000080a00000| Untracked 
|  10|0x0000000080a00000, 0x0000000080afffb8, 0x0000000080b00000| 99%| O|  |TAMS 0x0000000080a00000, 0x0000000080afffb8| Untracked 
|  11|0x0000000080b00000, 0x0000000080c00000, 0x0000000080c00000|100%|HS|  |TAMS 0x0000000080c00000, 0x0000000080c00000| Untracked 
|  12|0x0000000080c00000, 0x0000000080cfffe8, 0x0000000080d00000| 99%| O|  |TAMS 0x0000000080c00000, 0x0000000080cfffe8| Untracked 
|  13|0x0000000080d00000, 0x0000000080e00000, 0x0000000080e00000|100%| O|  |TAMS 0x0000000080e00000, 0x0000000080e00000| Untracked 
|  14|0x0000000080e00000, 0x0000000080f00000, 0x0000000080f00000|100%| O|  |TAMS 0x0000000080f00000, 0x0000000080f00000| Untracked 
|  15|0x0000000080f00000, 0x0000000081000000, 0x0000000081000000|100%| O|  |TAMS 0x0000000081000000, 0x0000000081000000| Untracked 
|  16|0x0000000081000000, 0x0000000081100000, 0x0000000081100000|100%| O|  |TAMS 0x0000000081000000, 0x0000000081100000| Untracked 
|  17|0x0000000081100000, 0x0000000081200000, 0x0000000081200000|100%| O|  |TAMS 0x0000000081100000, 0x0000000081200000| Untracked 
|  18|0x0000000081200000, 0x0000000081300000, 0x0000000081300000|100%| O|  |TAMS 0x0000000081300000, 0x0000000081300000| Untracked 
|  19|0x0000000081300000, 0x00000000813bbf08, 0x0000000081400000| 73%| O|  |TAMS 0x0000000081300000, 0x00000000813bbf08| Untracked 
|  20|0x0000000081400000, 0x00000000814fffc8, 0x0000000081500000| 99%| O|  |TAMS 0x0000000081400000, 0x00000000814fffc8| Untracked 
|  21|0x0000000081500000, 0x00000000815ffff0, 0x0000000081600000| 99%| O|  |TAMS 0x0000000081500000, 0x00000000815ffff0| Untracked 
|  22|0x0000000081600000, 0x00000000816fffe0, 0x0000000081700000| 99%| O|  |TAMS 0x0000000081600000, 0x00000000816fffe0| Untracked 
|  23|0x0000000081700000, 0x00000000817fffd8, 0x0000000081800000| 99%| O|  |TAMS 0x0000000081700000, 0x00000000817fffd8| Untracked 
|  24|0x0000000081800000, 0x00000000818ffff0, 0x0000000081900000| 99%| O|  |TAMS 0x0000000081800000, 0x00000000818ffff0| Untracked 
|  25|0x0000000081900000, 0x00000000819ffff0, 0x0000000081a00000| 99%| O|  |TAMS 0x0000000081900000, 0x00000000819ffff0| Untracked 
|  26|0x0000000081a00000, 0x0000000081afffe8, 0x0000000081b00000| 99%| O|  |TAMS 0x0000000081a00000, 0x0000000081afffe8| Untracked 
|  27|0x0000000081b00000, 0x0000000081bfff90, 0x0000000081c00000| 99%| O|  |TAMS 0x0000000081b00000, 0x0000000081bfff90| Untracked 
|  28|0x0000000081c00000, 0x0000000081cffff8, 0x0000000081d00000| 99%| O|  |TAMS 0x0000000081c00000, 0x0000000081cffff8| Untracked 
|  29|0x0000000081d00000, 0x0000000081dfffc8, 0x0000000081e00000| 99%| O|  |TAMS 0x0000000081d00000, 0x0000000081dfffc8| Untracked 
|  30|0x0000000081e00000, 0x0000000081effff8, 0x0000000081f00000| 99%| O|  |TAMS 0x0000000081e00000, 0x0000000081effff8| Untracked 
|  31|0x0000000081f00000, 0x0000000081fffd78, 0x0000000082000000| 99%| O|  |TAMS 0x0000000081f00000, 0x0000000081fffd78| Untracked 
|  32|0x0000000082000000, 0x00000000820fffa8, 0x0000000082100000| 99%| O|  |TAMS 0x0000000082000000, 0x00000000820fffa8| Untracked 
|  33|0x0000000082100000, 0x00000000821fffe0, 0x0000000082200000| 99%| O|  |TAMS 0x0000000082100000, 0x00000000821fffe0| Untracked 
|  34|0x0000000082200000, 0x0000000082300000, 0x0000000082300000|100%| O|  |TAMS 0x0000000082200000, 0x0000000082300000| Untracked 
|  35|0x0000000082300000, 0x00000000823ffff8, 0x0000000082400000| 99%| O|  |TAMS 0x0000000082300000, 0x00000000823ffff8| Untracked 
|  36|0x0000000082400000, 0x00000000824fffe0, 0x0000000082500000| 99%| O|  |TAMS 0x0000000082400000, 0x00000000824fffe0| Untracked 
|  37|0x0000000082500000, 0x0000000082600000, 0x0000000082600000|100%| O|  |TAMS 0x0000000082500000, 0x0000000082600000| Untracked 
|  38|0x0000000082600000, 0x00000000826ffff8, 0x0000000082700000| 99%| O|  |TAMS 0x0000000082600000, 0x00000000826ffff8| Untracked 
|  39|0x0000000082700000, 0x00000000827fe280, 0x0000000082800000| 99%| O|  |TAMS 0x0000000082700000, 0x00000000827fe280| Untracked 
|  40|0x0000000082800000, 0x00000000828ffff8, 0x0000000082900000| 99%| O|  |TAMS 0x0000000082800000, 0x00000000828ffff8| Untracked 
|  41|0x0000000082900000, 0x00000000829ffff0, 0x0000000082a00000| 99%| O|  |TAMS 0x0000000082900000, 0x00000000829ffff0| Untracked 
|  42|0x0000000082a00000, 0x0000000082afffe8, 0x0000000082b00000| 99%| O|  |TAMS 0x0000000082a00000, 0x0000000082afffe8| Untracked 
|  43|0x0000000082b00000, 0x0000000082bffff0, 0x0000000082c00000| 99%| O|  |TAMS 0x0000000082b00000, 0x0000000082bffff0| Untracked 
|  44|0x0000000082c00000, 0x0000000082cfffe8, 0x0000000082d00000| 99%| O|  |TAMS 0x0000000082c00000, 0x0000000082cfffe8| Untracked 
|  45|0x0000000082d00000, 0x0000000082dfff30, 0x0000000082e00000| 99%| O|  |TAMS 0x0000000082d00000, 0x0000000082dfff30| Untracked 
|  46|0x0000000082e00000, 0x0000000082effff0, 0x0000000082f00000| 99%| O|  |TAMS 0x0000000082e00000, 0x0000000082effff0| Untracked 
|  47|0x0000000082f00000, 0x0000000082fffff0, 0x0000000083000000| 99%| O|  |TAMS 0x0000000082f00000, 0x0000000082fffff0| Untracked 
|  48|0x0000000083000000, 0x00000000830ffe48, 0x0000000083100000| 99%| O|  |TAMS 0x0000000083000000, 0x00000000830ffe48| Untracked 
|  49|0x0000000083100000, 0x0000000083200000, 0x0000000083200000|100%| O|  |TAMS 0x0000000083100000, 0x0000000083200000| Untracked 
|  50|0x0000000083200000, 0x0000000083300000, 0x0000000083300000|100%|HS|  |TAMS 0x0000000083300000, 0x0000000083300000| Untracked 
|  51|0x0000000083300000, 0x0000000083400000, 0x0000000083400000|100%|HC|  |TAMS 0x0000000083400000, 0x0000000083400000| Untracked 
|  52|0x0000000083400000, 0x0000000083500000, 0x0000000083500000|100%|HS|  |TAMS 0x0000000083500000, 0x0000000083500000| Untracked 
|  53|0x0000000083500000, 0x0000000083600000, 0x0000000083600000|100%|HC|  |TAMS 0x0000000083600000, 0x0000000083600000| Untracked 
|  54|0x0000000083600000, 0x0000000083700000, 0x0000000083700000|100%|HS|  |TAMS 0x0000000083700000, 0x0000000083700000| Untracked 
|  55|0x0000000083700000, 0x0000000083800000, 0x0000000083800000|100%|HC|  |TAMS 0x0000000083800000, 0x0000000083800000| Untracked 
|  56|0x0000000083800000, 0x0000000083900000, 0x0000000083900000|100%|HC|  |TAMS 0x0000000083900000, 0x0000000083900000| Untracked 
|  57|0x0000000083900000, 0x0000000083a00000, 0x0000000083a00000|100%|HC|  |TAMS 0x0000000083a00000, 0x0000000083a00000| Untracked 
|  58|0x0000000083a00000, 0x0000000083b00000, 0x0000000083b00000|100%|HS|  |TAMS 0x0000000083b00000, 0x0000000083b00000| Untracked 
|  59|0x0000000083b00000, 0x0000000083c00000, 0x0000000083c00000|100%|HC|  |TAMS 0x0000000083c00000, 0x0000000083c00000| Untracked 
|  60|0x0000000083c00000, 0x0000000083d00000, 0x0000000083d00000|100%|HC|  |TAMS 0x0000000083d00000, 0x0000000083d00000| Untracked 
|  61|0x0000000083d00000, 0x0000000083e00000, 0x0000000083e00000|100%|HC|  |TAMS 0x0000000083e00000, 0x0000000083e00000| Untracked 
|  62|0x0000000083e00000, 0x0000000083efffe8, 0x0000000083f00000| 99%| O|  |TAMS 0x0000000083e00000, 0x0000000083efffe8| Untracked 
|  63|0x0000000083f00000, 0x0000000083fffff8, 0x0000000084000000| 99%| O|  |TAMS 0x0000000083f00000, 0x0000000083fffff8| Untracked 
|  64|0x0000000084000000, 0x00000000840fffd0, 0x0000000084100000| 99%| O|  |TAMS 0x0000000084000000, 0x00000000840fffd0| Untracked 
|  65|0x0000000084100000, 0x00000000841fffe8, 0x0000000084200000| 99%| O|  |TAMS 0x0000000084100000, 0x00000000841fffe8| Untracked 
|  66|0x0000000084200000, 0x00000000842ffff8, 0x0000000084300000| 99%| O|  |TAMS 0x0000000084200000, 0x00000000842ffff8| Untracked 
|  67|0x0000000084300000, 0x00000000843fffe8, 0x0000000084400000| 99%| O|  |TAMS 0x0000000084300000, 0x00000000843fffe8| Untracked 
|  68|0x0000000084400000, 0x00000000844fffe0, 0x0000000084500000| 99%| O|  |TAMS 0x0000000084400000, 0x00000000844fffe0| Untracked 
|  69|0x0000000084500000, 0x0000000084600000, 0x0000000084600000|100%| O|  |TAMS 0x0000000084500000, 0x0000000084600000| Untracked 
|  70|0x0000000084600000, 0x0000000084700000, 0x0000000084700000|100%| O|  |TAMS 0x0000000084600000, 0x0000000084700000| Untracked 
|  71|0x0000000084700000, 0x0000000084800000, 0x0000000084800000|100%| O|  |TAMS 0x0000000084700000, 0x0000000084800000| Untracked 
|  72|0x0000000084800000, 0x00000000848fffe0, 0x0000000084900000| 99%| O|  |TAMS 0x0000000084800000, 0x00000000848fffe0| Untracked 
|  73|0x0000000084900000, 0x00000000849fff88, 0x0000000084a00000| 99%| O|  |TAMS 0x0000000084900000, 0x00000000849fff88| Untracked 
|  74|0x0000000084a00000, 0x0000000084afffb8, 0x0000000084b00000| 99%| O|  |TAMS 0x0000000084a00000, 0x0000000084afffb8| Untracked 
|  75|0x0000000084b00000, 0x0000000084bffff8, 0x0000000084c00000| 99%| O|  |TAMS 0x0000000084b00000, 0x0000000084bffff8| Untracked 
|  76|0x0000000084c00000, 0x0000000084cffff0, 0x0000000084d00000| 99%| O|  |TAMS 0x0000000084c00000, 0x0000000084cffff0| Untracked 
|  77|0x0000000084d00000, 0x0000000084dfffe8, 0x0000000084e00000| 99%| O|  |TAMS 0x0000000084d00000, 0x0000000084dfffe8| Untracked 
|  78|0x0000000084e00000, 0x0000000084effff0, 0x0000000084f00000| 99%| O|  |TAMS 0x0000000084e00000, 0x0000000084effff0| Untracked 
|  79|0x0000000084f00000, 0x0000000084ffffd8, 0x0000000085000000| 99%| O|  |TAMS 0x0000000084f00000, 0x0000000084ffffd8| Untracked 
|  80|0x0000000085000000, 0x00000000850fffc8, 0x0000000085100000| 99%| O|  |TAMS 0x0000000085000000, 0x00000000850fffc8| Untracked 
|  81|0x0000000085100000, 0x00000000851fffe8, 0x0000000085200000| 99%| O|  |TAMS 0x0000000085100000, 0x00000000851fffe8| Untracked 
|  82|0x0000000085200000, 0x00000000852ffff8, 0x0000000085300000| 99%| O|  |TAMS 0x0000000085200000, 0x00000000852ffff8| Untracked 
|  83|0x0000000085300000, 0x00000000853f23a0, 0x0000000085400000| 94%| O|  |TAMS 0x0000000085300000, 0x00000000853f23a0| Untracked 
|  84|0x0000000085400000, 0x00000000854fffe8, 0x0000000085500000| 99%| O|  |TAMS 0x0000000085400000, 0x00000000854fffe8| Untracked 
|  85|0x0000000085500000, 0x00000000855fd520, 0x0000000085600000| 98%| O|  |TAMS 0x0000000085500000, 0x00000000855fd520| Untracked 
|  86|0x0000000085600000, 0x0000000085700000, 0x0000000085700000|100%|HS|  |TAMS 0x0000000085700000, 0x0000000085700000| Untracked 
|  87|0x0000000085700000, 0x0000000085800000, 0x0000000085800000|100%|HS|  |TAMS 0x0000000085800000, 0x0000000085800000| Untracked 
|  88|0x0000000085800000, 0x0000000085900000, 0x0000000085900000|100%|HS|  |TAMS 0x0000000085900000, 0x0000000085900000| Untracked 
|  89|0x0000000085900000, 0x0000000085a00000, 0x0000000085a00000|100%|HS|  |TAMS 0x0000000085a00000, 0x0000000085a00000| Untracked 
|  90|0x0000000085a00000, 0x0000000085b00000, 0x0000000085b00000|100%|HS|  |TAMS 0x0000000085b00000, 0x0000000085b00000| Untracked 
|  91|0x0000000085b00000, 0x0000000085c00000, 0x0000000085c00000|100%|HS|  |TAMS 0x0000000085c00000, 0x0000000085c00000| Untracked 
|  92|0x0000000085c00000, 0x0000000085cfffd0, 0x0000000085d00000| 99%| O|  |TAMS 0x0000000085c00000, 0x0000000085cfffd0| Untracked 
|  93|0x0000000085d00000, 0x0000000085dfffb8, 0x0000000085e00000| 99%| O|  |TAMS 0x0000000085d00000, 0x0000000085dfffb8| Untracked 
|  94|0x0000000085e00000, 0x0000000085f00000, 0x0000000085f00000|100%| O|  |TAMS 0x0000000085e00000, 0x0000000085f00000| Untracked 
|  95|0x0000000085f00000, 0x0000000085fbfb00, 0x0000000086000000| 74%| O|  |TAMS 0x0000000085f00000, 0x0000000085fbfb00| Untracked 
|  96|0x0000000086000000, 0x00000000860ffff8, 0x0000000086100000| 99%| O|  |TAMS 0x0000000086000000, 0x00000000860ffff8| Untracked 
|  97|0x0000000086100000, 0x00000000861ffff8, 0x0000000086200000| 99%| O|  |TAMS 0x0000000086100000, 0x00000000861ffff8| Untracked 
|  98|0x0000000086200000, 0x00000000862fffe8, 0x0000000086300000| 99%| O|  |TAMS 0x0000000086200000, 0x00000000862fffe8| Untracked 
|  99|0x0000000086300000, 0x00000000863fffe8, 0x0000000086400000| 99%| O|  |TAMS 0x0000000086300000, 0x00000000863fffe8| Untracked 
| 100|0x0000000086400000, 0x00000000864fffb0, 0x0000000086500000| 99%| O|  |TAMS 0x0000000086400000, 0x00000000864fffb0| Untracked 
| 101|0x0000000086500000, 0x00000000865fffc0, 0x0000000086600000| 99%| O|  |TAMS 0x0000000086500000, 0x00000000865fffc0| Untracked 
| 102|0x0000000086600000, 0x00000000866fffd8, 0x0000000086700000| 99%| O|  |TAMS 0x0000000086600000, 0x00000000866fffd8| Untracked 
| 103|0x0000000086700000, 0x00000000867fffe8, 0x0000000086800000| 99%| O|  |TAMS 0x0000000086700000, 0x00000000867fffe8| Untracked 
| 104|0x0000000086800000, 0x00000000868ffff8, 0x0000000086900000| 99%| O|  |TAMS 0x0000000086800000, 0x00000000868ffff8| Untracked 
| 105|0x0000000086900000, 0x0000000086a00000, 0x0000000086a00000|100%| O|  |TAMS 0x0000000086900000, 0x0000000086a00000| Untracked 
| 106|0x0000000086a00000, 0x0000000086afffe8, 0x0000000086b00000| 99%| O|  |TAMS 0x0000000086a00000, 0x0000000086afffe8| Untracked 
| 107|0x0000000086b00000, 0x0000000086c00000, 0x0000000086c00000|100%| O|  |TAMS 0x0000000086b00000, 0x0000000086c00000| Untracked 
| 108|0x0000000086c00000, 0x0000000086d00000, 0x0000000086d00000|100%|HS|  |TAMS 0x0000000086d00000, 0x0000000086d00000| Untracked 
| 109|0x0000000086d00000, 0x0000000086dfd3e8, 0x0000000086e00000| 98%| O|  |TAMS 0x0000000086d00000, 0x0000000086dfd3e8| Untracked 
| 110|0x0000000086e00000, 0x0000000086eecd18, 0x0000000086f00000| 92%| O|  |TAMS 0x0000000086e00000, 0x0000000086eecd18| Untracked 
| 111|0x0000000086f00000, 0x0000000086fffff8, 0x0000000087000000| 99%| O|  |TAMS 0x0000000086f00000, 0x0000000086fffff8| Untracked 
| 112|0x0000000087000000, 0x00000000870ffff8, 0x0000000087100000| 99%| O|  |TAMS 0x0000000087000000, 0x00000000870ffff8| Untracked 
| 113|0x0000000087100000, 0x00000000871fff98, 0x0000000087200000| 99%| O|  |TAMS 0x0000000087100000, 0x00000000871fff98| Untracked 
| 114|0x0000000087200000, 0x00000000872fff88, 0x0000000087300000| 99%| O|  |TAMS 0x0000000087200000, 0x00000000872fff88| Untracked 
| 115|0x0000000087300000, 0x0000000087400000, 0x0000000087400000|100%| O|  |TAMS 0x0000000087300000, 0x0000000087400000| Untracked 
| 116|0x0000000087400000, 0x00000000874ffca0, 0x0000000087500000| 99%| O|  |TAMS 0x0000000087400000, 0x00000000874ffca0| Untracked 
| 117|0x0000000087500000, 0x00000000875fd230, 0x0000000087600000| 98%| O|  |TAMS 0x0000000087500000, 0x00000000875fd230| Untracked 
| 118|0x0000000087600000, 0x00000000876c9650, 0x0000000087700000| 78%| O|  |TAMS 0x0000000087600000, 0x00000000876c9650| Untracked 
| 119|0x0000000087700000, 0x0000000087800000, 0x0000000087800000|100%| O|  |TAMS 0x0000000087700000, 0x0000000087800000| Untracked 
| 120|0x0000000087800000, 0x00000000878f4eb0, 0x0000000087900000| 95%| O|  |TAMS 0x0000000087800000, 0x00000000878f4eb0| Untracked 
| 121|0x0000000087900000, 0x00000000879ffff0, 0x0000000087a00000| 99%| O|  |TAMS 0x0000000087900000, 0x00000000879ffff0| Untracked 
| 122|0x0000000087a00000, 0x0000000087affff0, 0x0000000087b00000| 99%| O|  |TAMS 0x0000000087a00000, 0x0000000087affff0| Untracked 
| 123|0x0000000087b00000, 0x0000000087bfdfa0, 0x0000000087c00000| 99%| O|  |TAMS 0x0000000087b00000, 0x0000000087bfdfa0| Untracked 
| 124|0x0000000087c00000, 0x0000000087cfd930, 0x0000000087d00000| 99%| O|  |TAMS 0x0000000087c00000, 0x0000000087cfd930| Untracked 
| 125|0x0000000087d00000, 0x0000000087dffff0, 0x0000000087e00000| 99%| O|  |TAMS 0x0000000087d00000, 0x0000000087dffff0| Untracked 
| 126|0x0000000087e00000, 0x0000000087efffe0, 0x0000000087f00000| 99%| O|  |TAMS 0x0000000087e00000, 0x0000000087efffe0| Untracked 
| 127|0x0000000087f00000, 0x0000000087fffff0, 0x0000000088000000| 99%| O|  |TAMS 0x0000000087f00000, 0x0000000087fffff0| Untracked 
| 128|0x0000000088000000, 0x00000000880ffff0, 0x0000000088100000| 99%| O|  |TAMS 0x0000000088000000, 0x00000000880ffff0| Untracked 
| 129|0x0000000088100000, 0x00000000881fff88, 0x0000000088200000| 99%| O|  |TAMS 0x0000000088100000, 0x00000000881fff88| Untracked 
| 130|0x0000000088200000, 0x0000000088300000, 0x0000000088300000|100%| O|  |TAMS 0x0000000088200000, 0x0000000088300000| Untracked 
| 131|0x0000000088300000, 0x00000000883ffff0, 0x0000000088400000| 99%| O|  |TAMS 0x0000000088300000, 0x00000000883ffff0| Untracked 
| 132|0x0000000088400000, 0x00000000884ffff0, 0x0000000088500000| 99%| O|  |TAMS 0x0000000088400000, 0x00000000884ffff0| Untracked 
| 133|0x0000000088500000, 0x00000000885ffff0, 0x0000000088600000| 99%| O|  |TAMS 0x0000000088500000, 0x00000000885ffff0| Untracked 
| 134|0x0000000088600000, 0x00000000886ffff8, 0x0000000088700000| 99%| O|  |TAMS 0x0000000088600000, 0x00000000886ffff8| Untracked 
| 135|0x0000000088700000, 0x00000000887ffec0, 0x0000000088800000| 99%| O|  |TAMS 0x0000000088700000, 0x00000000887ffec0| Untracked 
| 136|0x0000000088800000, 0x00000000888ffff8, 0x0000000088900000| 99%| O|  |TAMS 0x0000000088800000, 0x00000000888ffff8| Untracked 
| 137|0x0000000088900000, 0x0000000088a00000, 0x0000000088a00000|100%| O|  |TAMS 0x0000000088900000, 0x0000000088a00000| Untracked 
| 138|0x0000000088a00000, 0x0000000088affff8, 0x0000000088b00000| 99%| O|  |TAMS 0x0000000088a00000, 0x0000000088affff8| Untracked 
| 139|0x0000000088b00000, 0x0000000088bfffd8, 0x0000000088c00000| 99%| O|  |TAMS 0x0000000088b00000, 0x0000000088bfffd8| Untracked 
| 140|0x0000000088c00000, 0x0000000088d00000, 0x0000000088d00000|100%| O|  |TAMS 0x0000000088c00000, 0x0000000088d00000| Untracked 
| 141|0x0000000088d00000, 0x0000000088df8440, 0x0000000088e00000| 96%| O|  |TAMS 0x0000000088d00000, 0x0000000088df8440| Untracked 
| 142|0x0000000088e00000, 0x0000000088effff0, 0x0000000088f00000| 99%| O|  |TAMS 0x0000000088e00000, 0x0000000088effff0| Untracked 
| 143|0x0000000088f00000, 0x0000000088fffff0, 0x0000000089000000| 99%| O|  |TAMS 0x0000000088f00000, 0x0000000088fffff0| Untracked 
| 144|0x0000000089000000, 0x00000000890fffe8, 0x0000000089100000| 99%| O|  |TAMS 0x0000000089000000, 0x00000000890fffe8| Untracked 
| 145|0x0000000089100000, 0x00000000891ffff8, 0x0000000089200000| 99%| O|  |TAMS 0x0000000089100000, 0x00000000891ffff8| Untracked 
| 146|0x0000000089200000, 0x0000000089300000, 0x0000000089300000|100%| O|  |TAMS 0x0000000089200000, 0x0000000089300000| Untracked 
| 147|0x0000000089300000, 0x00000000893ffff0, 0x0000000089400000| 99%| O|  |TAMS 0x0000000089300000, 0x00000000893ffff0| Untracked 
| 148|0x0000000089400000, 0x00000000894f26a8, 0x0000000089500000| 94%| O|  |TAMS 0x0000000089400000, 0x00000000894f26a8| Untracked 
| 149|0x0000000089500000, 0x00000000895ffff0, 0x0000000089600000| 99%| O|  |TAMS 0x0000000089500000, 0x00000000895ffff0| Untracked 
| 150|0x0000000089600000, 0x0000000089700000, 0x0000000089700000|100%|HS|  |TAMS 0x0000000089700000, 0x0000000089700000| Untracked 
| 151|0x0000000089700000, 0x0000000089800000, 0x0000000089800000|100%|HS|  |TAMS 0x0000000089800000, 0x0000000089800000| Untracked 
| 152|0x0000000089800000, 0x00000000898fff80, 0x0000000089900000| 99%| O|  |TAMS 0x0000000089800000, 0x00000000898fff80| Untracked 
| 153|0x0000000089900000, 0x0000000089a00000, 0x0000000089a00000|100%|HS|  |TAMS 0x0000000089a00000, 0x0000000089a00000| Untracked 
| 154|0x0000000089a00000, 0x0000000089b00000, 0x0000000089b00000|100%|HC|  |TAMS 0x0000000089b00000, 0x0000000089b00000| Untracked 
| 155|0x0000000089b00000, 0x0000000089bff148, 0x0000000089c00000| 99%| O|  |TAMS 0x0000000089b00000, 0x0000000089bff148| Untracked 
| 156|0x0000000089c00000, 0x0000000089cffff0, 0x0000000089d00000| 99%| O|  |TAMS 0x0000000089c00000, 0x0000000089cffff0| Untracked 
| 157|0x0000000089d00000, 0x0000000089dffff8, 0x0000000089e00000| 99%| O|  |TAMS 0x0000000089d00000, 0x0000000089dffff8| Untracked 
| 158|0x0000000089e00000, 0x0000000089efffb0, 0x0000000089f00000| 99%| O|  |TAMS 0x0000000089e00000, 0x0000000089efffb0| Untracked 
| 159|0x0000000089f00000, 0x0000000089ffffe0, 0x000000008a000000| 99%| O|  |TAMS 0x0000000089f00000, 0x0000000089ffffe0| Untracked 
| 160|0x000000008a000000, 0x000000008a0fffc8, 0x000000008a100000| 99%| O|  |TAMS 0x000000008a000000, 0x000000008a0fffc8| Untracked 
| 161|0x000000008a100000, 0x000000008a1ffff0, 0x000000008a200000| 99%| O|  |TAMS 0x000000008a100000, 0x000000008a1ffff0| Untracked 
| 162|0x000000008a200000, 0x000000008a300000, 0x000000008a300000|100%| O|  |TAMS 0x000000008a300000, 0x000000008a300000| Untracked 
| 163|0x000000008a300000, 0x000000008a400000, 0x000000008a400000|100%| O|  |TAMS 0x000000008a400000, 0x000000008a400000| Untracked 
| 164|0x000000008a400000, 0x000000008a4fffe8, 0x000000008a500000| 99%| O|  |TAMS 0x000000008a400000, 0x000000008a4fffe8| Untracked 
| 165|0x000000008a500000, 0x000000008a600000, 0x000000008a600000|100%| O|  |TAMS 0x000000008a500000, 0x000000008a600000| Untracked 
| 166|0x000000008a600000, 0x000000008a700000, 0x000000008a700000|100%| O|  |TAMS 0x000000008a600000, 0x000000008a700000| Untracked 
| 167|0x000000008a700000, 0x000000008a7ffff8, 0x000000008a800000| 99%| O|  |TAMS 0x000000008a700000, 0x000000008a7ffff8| Untracked 
| 168|0x000000008a800000, 0x000000008a8fffb8, 0x000000008a900000| 99%| O|  |TAMS 0x000000008a800000, 0x000000008a8fffb8| Untracked 
| 169|0x000000008a900000, 0x000000008aa00000, 0x000000008aa00000|100%| O|  |TAMS 0x000000008a900000, 0x000000008aa00000| Untracked 
| 170|0x000000008aa00000, 0x000000008aaffff8, 0x000000008ab00000| 99%| O|  |TAMS 0x000000008aa00000, 0x000000008aaffff8| Untracked 
| 171|0x000000008ab00000, 0x000000008abfffc8, 0x000000008ac00000| 99%| O|  |TAMS 0x000000008ab00000, 0x000000008abfffc8| Untracked 
| 172|0x000000008ac00000, 0x000000008acffff0, 0x000000008ad00000| 99%| O|  |TAMS 0x000000008ac00000, 0x000000008acffff0| Untracked 
| 173|0x000000008ad00000, 0x000000008adfffe0, 0x000000008ae00000| 99%| O|  |TAMS 0x000000008ad00000, 0x000000008adfffe0| Untracked 
| 174|0x000000008ae00000, 0x000000008aeffff8, 0x000000008af00000| 99%| O|  |TAMS 0x000000008ae00000, 0x000000008aeffff8| Untracked 
| 175|0x000000008af00000, 0x000000008b000000, 0x000000008b000000|100%| O|  |TAMS 0x000000008af00000, 0x000000008b000000| Untracked 
| 176|0x000000008b000000, 0x000000008b0ffff0, 0x000000008b100000| 99%| O|  |TAMS 0x000000008b000000, 0x000000008b0ffff0| Untracked 
| 177|0x000000008b100000, 0x000000008b1fffe8, 0x000000008b200000| 99%| O|  |TAMS 0x000000008b100000, 0x000000008b1fffe8| Untracked 
| 178|0x000000008b200000, 0x000000008b2fffe8, 0x000000008b300000| 99%| O|  |TAMS 0x000000008b200000, 0x000000008b2fffe8| Untracked 
| 179|0x000000008b300000, 0x000000008b400000, 0x000000008b400000|100%| O|  |TAMS 0x000000008b400000, 0x000000008b400000| Untracked 
| 180|0x000000008b400000, 0x000000008b4fffd0, 0x000000008b500000| 99%| O|  |TAMS 0x000000008b400000, 0x000000008b4fffd0| Untracked 
| 181|0x000000008b500000, 0x000000008b600000, 0x000000008b600000|100%| O|  |TAMS 0x000000008b500000, 0x000000008b600000| Untracked 
| 182|0x000000008b600000, 0x000000008b6ffff0, 0x000000008b700000| 99%| O|  |TAMS 0x000000008b600000, 0x000000008b6ffff0| Untracked 
| 183|0x000000008b700000, 0x000000008b7fffc8, 0x000000008b800000| 99%| O|  |TAMS 0x000000008b700000, 0x000000008b7fffc8| Untracked 
| 184|0x000000008b800000, 0x000000008b900000, 0x000000008b900000|100%| O|  |TAMS 0x000000008b800000, 0x000000008b900000| Untracked 
| 185|0x000000008b900000, 0x000000008b9fffd0, 0x000000008ba00000| 99%| O|  |TAMS 0x000000008b900000, 0x000000008b9fffd0| Untracked 
| 186|0x000000008ba00000, 0x000000008bafffe0, 0x000000008bb00000| 99%| O|  |TAMS 0x000000008ba00000, 0x000000008bafffe0| Untracked 
| 187|0x000000008bb00000, 0x000000008bbfff78, 0x000000008bc00000| 99%| O|  |TAMS 0x000000008bb00000, 0x000000008bbfff78| Untracked 
| 188|0x000000008bc00000, 0x000000008bd00000, 0x000000008bd00000|100%| O|  |TAMS 0x000000008bc00000, 0x000000008bd00000| Untracked 
| 189|0x000000008bd00000, 0x000000008bdffff0, 0x000000008be00000| 99%| O|  |TAMS 0x000000008bd00000, 0x000000008bdffff0| Untracked 
| 190|0x000000008be00000, 0x000000008beffed8, 0x000000008bf00000| 99%| O|  |TAMS 0x000000008be00000, 0x000000008beffed8| Untracked 
| 191|0x000000008bf00000, 0x000000008bfacf30, 0x000000008c000000| 67%| O|  |TAMS 0x000000008bf00000, 0x000000008bfacf30| Untracked 
| 192|0x000000008c000000, 0x000000008c0fffe8, 0x000000008c100000| 99%| O|  |TAMS 0x000000008c000000, 0x000000008c0fffe8| Untracked 
| 193|0x000000008c100000, 0x000000008c200000, 0x000000008c200000|100%| O|  |TAMS 0x000000008c100000, 0x000000008c200000| Untracked 
| 194|0x000000008c200000, 0x000000008c2ffff8, 0x000000008c300000| 99%| O|  |TAMS 0x000000008c200000, 0x000000008c2ffff8| Untracked 
| 195|0x000000008c300000, 0x000000008c3fffe8, 0x000000008c400000| 99%| O|  |TAMS 0x000000008c300000, 0x000000008c3fffe8| Untracked 
| 196|0x000000008c400000, 0x000000008c4ffff8, 0x000000008c500000| 99%| O|  |TAMS 0x000000008c400000, 0x000000008c4ffff8| Untracked 
| 197|0x000000008c500000, 0x000000008c5beeb8, 0x000000008c600000| 74%| O|  |TAMS 0x000000008c500000, 0x000000008c5beeb8| Untracked 
| 198|0x000000008c600000, 0x000000008c6ffff0, 0x000000008c700000| 99%| O|  |TAMS 0x000000008c600000, 0x000000008c6ffff0| Untracked 
| 199|0x000000008c700000, 0x000000008c7ffff8, 0x000000008c800000| 99%| O|  |TAMS 0x000000008c700000, 0x000000008c7ffff8| Untracked 
| 200|0x000000008c800000, 0x000000008c8ed200, 0x000000008c900000| 92%| O|  |TAMS 0x000000008c800000, 0x000000008c8ed200| Untracked 
| 201|0x000000008c900000, 0x000000008ca00000, 0x000000008ca00000|100%| O|  |TAMS 0x000000008c900000, 0x000000008ca00000| Untracked 
| 202|0x000000008ca00000, 0x000000008cb00000, 0x000000008cb00000|100%| O|  |TAMS 0x000000008ca00000, 0x000000008cb00000| Untracked 
| 203|0x000000008cb00000, 0x000000008cc00000, 0x000000008cc00000|100%|HS|  |TAMS 0x000000008cc00000, 0x000000008cc00000| Untracked 
| 204|0x000000008cc00000, 0x000000008cd00000, 0x000000008cd00000|100%| O|  |TAMS 0x000000008cc00000, 0x000000008cd00000| Untracked 
| 205|0x000000008cd00000, 0x000000008cdffff8, 0x000000008ce00000| 99%| O|  |TAMS 0x000000008cd00000, 0x000000008cdffff8| Untracked 
| 206|0x000000008ce00000, 0x000000008cf00000, 0x000000008cf00000|100%| O|  |TAMS 0x000000008ce00000, 0x000000008cf00000| Untracked 
| 207|0x000000008cf00000, 0x000000008d000000, 0x000000008d000000|100%| O|  |TAMS 0x000000008cf00000, 0x000000008d000000| Untracked 
| 208|0x000000008d000000, 0x000000008d0ffff8, 0x000000008d100000| 99%| O|  |TAMS 0x000000008d000000, 0x000000008d0ffff8| Untracked 
| 209|0x000000008d100000, 0x000000008d1af8f8, 0x000000008d200000| 68%| O|  |TAMS 0x000000008d100000, 0x000000008d1af8f8| Untracked 
| 210|0x000000008d200000, 0x000000008d2ffaf0, 0x000000008d300000| 99%| O|  |TAMS 0x000000008d200000, 0x000000008d2ffaf0| Untracked 
| 211|0x000000008d300000, 0x000000008d3e3768, 0x000000008d400000| 88%| O|  |TAMS 0x000000008d300000, 0x000000008d3e3768| Untracked 
| 212|0x000000008d400000, 0x000000008d500000, 0x000000008d500000|100%| O|  |TAMS 0x000000008d400000, 0x000000008d500000| Untracked 
| 213|0x000000008d500000, 0x000000008d5fff58, 0x000000008d600000| 99%| O|  |TAMS 0x000000008d500000, 0x000000008d5fff58| Untracked 
| 214|0x000000008d600000, 0x000000008d700000, 0x000000008d700000|100%| O|  |TAMS 0x000000008d600000, 0x000000008d700000| Untracked 
| 215|0x000000008d700000, 0x000000008d7980d0, 0x000000008d800000| 59%| O|  |TAMS 0x000000008d700000, 0x000000008d7980d0| Untracked 
| 216|0x000000008d800000, 0x000000008d8e0ce0, 0x000000008d900000| 87%| O|  |TAMS 0x000000008d800000, 0x000000008d8e0ce0| Untracked 
| 217|0x000000008d900000, 0x000000008da00000, 0x000000008da00000|100%| O|  |TAMS 0x000000008d900000, 0x000000008da00000| Untracked 
| 218|0x000000008da00000, 0x000000008db00000, 0x000000008db00000|100%| O|  |TAMS 0x000000008da00000, 0x000000008db00000| Untracked 
| 219|0x000000008db00000, 0x000000008db4f700, 0x000000008dc00000| 31%| O|  |TAMS 0x000000008db00000, 0x000000008db4f700| Untracked 
| 220|0x000000008dc00000, 0x000000008dce0a80, 0x000000008dd00000| 87%| O|  |TAMS 0x000000008dc00000, 0x000000008dce0a80| Untracked 
| 221|0x000000008dd00000, 0x000000008de00000, 0x000000008de00000|100%| O|  |TAMS 0x000000008dd00000, 0x000000008de00000| Untracked 
| 222|0x000000008de00000, 0x000000008df00000, 0x000000008df00000|100%| O|  |TAMS 0x000000008de00000, 0x000000008df00000| Untracked 
| 223|0x000000008df00000, 0x000000008e000000, 0x000000008e000000|100%| O|  |TAMS 0x000000008df00000, 0x000000008e000000| Untracked 
| 224|0x000000008e000000, 0x000000008e100000, 0x000000008e100000|100%| O|  |TAMS 0x000000008e000000, 0x000000008e100000| Untracked 
| 225|0x000000008e100000, 0x000000008e200000, 0x000000008e200000|100%| O|  |TAMS 0x000000008e100000, 0x000000008e200000| Untracked 
| 226|0x000000008e200000, 0x000000008e300000, 0x000000008e300000|100%|HS|  |TAMS 0x000000008e300000, 0x000000008e300000| Untracked 
| 227|0x000000008e300000, 0x000000008e400000, 0x000000008e400000|100%|HS|  |TAMS 0x000000008e400000, 0x000000008e400000| Untracked 
| 228|0x000000008e400000, 0x000000008e451848, 0x000000008e500000| 31%| O|  |TAMS 0x000000008e400000, 0x000000008e451848| Untracked 
| 229|0x000000008e500000, 0x000000008e600000, 0x000000008e600000|100%| O|  |TAMS 0x000000008e500000, 0x000000008e600000| Untracked 
| 230|0x000000008e600000, 0x000000008e700000, 0x000000008e700000|100%| O|  |TAMS 0x000000008e600000, 0x000000008e700000| Untracked 
| 231|0x000000008e700000, 0x000000008e7ffff0, 0x000000008e800000| 99%| O|  |TAMS 0x000000008e700000, 0x000000008e7ffff0| Untracked 
| 232|0x000000008e800000, 0x000000008e900000, 0x000000008e900000|100%| O|  |TAMS 0x000000008e800000, 0x000000008e900000| Untracked 
| 233|0x000000008e900000, 0x000000008ea00000, 0x000000008ea00000|100%| O|  |TAMS 0x000000008e900000, 0x000000008ea00000| Untracked 
| 234|0x000000008ea00000, 0x000000008eb00000, 0x000000008eb00000|100%| O|  |TAMS 0x000000008ea00000, 0x000000008eb00000| Untracked 
| 235|0x000000008eb00000, 0x000000008ec00000, 0x000000008ec00000|100%| O|  |TAMS 0x000000008eb00000, 0x000000008ec00000| Untracked 
| 236|0x000000008ec00000, 0x000000008ed00000, 0x000000008ed00000|100%| O|  |TAMS 0x000000008ec00000, 0x000000008ed00000| Untracked 
| 237|0x000000008ed00000, 0x000000008ee00000, 0x000000008ee00000|100%| O|  |TAMS 0x000000008ed00000, 0x000000008ee00000| Untracked 
| 238|0x000000008ee00000, 0x000000008ee89768, 0x000000008ef00000| 53%| O|  |TAMS 0x000000008ee00000, 0x000000008ee89768| Untracked 
| 239|0x000000008ef00000, 0x000000008f000000, 0x000000008f000000|100%|HS|  |TAMS 0x000000008ef00000, 0x000000008ef00000| Complete 
| 240|0x000000008f000000, 0x000000008f100000, 0x000000008f100000|100%| O|  |TAMS 0x000000008f000000, 0x000000008f000000| Untracked 
| 241|0x000000008f100000, 0x000000008f200000, 0x000000008f200000|100%| O|  |TAMS 0x000000008f100000, 0x000000008f200000| Untracked 
| 242|0x000000008f200000, 0x000000008f300000, 0x000000008f300000|100%| O|  |TAMS 0x000000008f200000, 0x000000008f300000| Untracked 
| 243|0x000000008f300000, 0x000000008f400000, 0x000000008f400000|100%| O|  |TAMS 0x000000008f300000, 0x000000008f400000| Untracked 
| 244|0x000000008f400000, 0x000000008f500000, 0x000000008f500000|100%| O|  |TAMS 0x000000008f400000, 0x000000008f500000| Untracked 
| 245|0x000000008f500000, 0x000000008f600000, 0x000000008f600000|100%| O|  |TAMS 0x000000008f500000, 0x000000008f600000| Untracked 
| 246|0x000000008f600000, 0x000000008f700000, 0x000000008f700000|100%| O|  |TAMS 0x000000008f600000, 0x000000008f700000| Untracked 
| 247|0x000000008f700000, 0x000000008f800000, 0x000000008f800000|100%| O|  |TAMS 0x000000008f700000, 0x000000008f800000| Untracked 
| 248|0x000000008f800000, 0x000000008f900000, 0x000000008f900000|100%| O|  |TAMS 0x000000008f800000, 0x000000008f900000| Untracked 
| 249|0x000000008f900000, 0x000000008fa00000, 0x000000008fa00000|100%| O|  |TAMS 0x000000008f900000, 0x000000008fa00000| Untracked 
| 250|0x000000008fa00000, 0x000000008fb00000, 0x000000008fb00000|100%| O|  |TAMS 0x000000008fa00000, 0x000000008fb00000| Untracked 
| 251|0x000000008fb00000, 0x000000008fc00000, 0x000000008fc00000|100%| O|  |TAMS 0x000000008fb00000, 0x000000008fc00000| Untracked 
| 252|0x000000008fc00000, 0x000000008fd00000, 0x000000008fd00000|100%| O|  |TAMS 0x000000008fc00000, 0x000000008fd00000| Untracked 
| 253|0x000000008fd00000, 0x000000008fe00000, 0x000000008fe00000|100%| O|  |TAMS 0x000000008fe00000, 0x000000008fe00000| Untracked 
| 254|0x000000008fe00000, 0x000000008ff00000, 0x000000008ff00000|100%| O|  |TAMS 0x000000008fe00000, 0x000000008ff00000| Untracked 
| 255|0x000000008ff00000, 0x0000000090000000, 0x0000000090000000|100%| O|  |TAMS 0x000000008ff00000, 0x0000000090000000| Untracked 
| 256|0x0000000090000000, 0x0000000090100000, 0x0000000090100000|100%| O|  |TAMS 0x0000000090000000, 0x0000000090100000| Untracked 
| 257|0x0000000090100000, 0x0000000090200000, 0x0000000090200000|100%| O|  |TAMS 0x0000000090100000, 0x0000000090200000| Untracked 
| 258|0x0000000090200000, 0x0000000090300000, 0x0000000090300000|100%|HS|  |TAMS 0x0000000090200000, 0x0000000090300000| Complete 
| 259|0x0000000090300000, 0x0000000090400000, 0x0000000090400000|100%|HC|  |TAMS 0x0000000090300000, 0x0000000090400000| Complete 
| 260|0x0000000090400000, 0x0000000090500000, 0x0000000090500000|100%| O|  |TAMS 0x0000000090400000, 0x0000000090500000| Untracked 
| 261|0x0000000090500000, 0x0000000090600000, 0x0000000090600000|100%| O|  |TAMS 0x0000000090500000, 0x0000000090600000| Untracked 
| 262|0x0000000090600000, 0x0000000090700000, 0x0000000090700000|100%| O|  |TAMS 0x0000000090600000, 0x0000000090700000| Untracked 
| 263|0x0000000090700000, 0x0000000090800000, 0x0000000090800000|100%| O|  |TAMS 0x0000000090700000, 0x0000000090800000| Untracked 
| 264|0x0000000090800000, 0x0000000090900000, 0x0000000090900000|100%| O|  |TAMS 0x0000000090800000, 0x0000000090872800| Untracked 
| 265|0x0000000090900000, 0x0000000090a00000, 0x0000000090a00000|100%|HS|  |TAMS 0x0000000090900000, 0x0000000090900000| Complete 
| 266|0x0000000090a00000, 0x0000000090b00000, 0x0000000090b00000|100%|HC|  |TAMS 0x0000000090a00000, 0x0000000090a00000| Complete 
| 267|0x0000000090b00000, 0x0000000090c00000, 0x0000000090c00000|100%|HS|  |TAMS 0x0000000090b00000, 0x0000000090b00000| Complete 
| 268|0x0000000090c00000, 0x0000000090d00000, 0x0000000090d00000|100%|HS|  |TAMS 0x0000000090c00000, 0x0000000090c00000| Complete 
| 269|0x0000000090d00000, 0x0000000090e00000, 0x0000000090e00000|100%|HS|  |TAMS 0x0000000090d00000, 0x0000000090d00000| Complete 
| 270|0x0000000090e00000, 0x0000000090f00000, 0x0000000090f00000|100%|HS|  |TAMS 0x0000000090e00000, 0x0000000090e00000| Complete 
| 271|0x0000000090f00000, 0x0000000091000000, 0x0000000091000000|100%|HC|  |TAMS 0x0000000090f00000, 0x0000000090f00000| Complete 
| 272|0x0000000091000000, 0x0000000091100000, 0x0000000091100000|100%|HS|  |TAMS 0x0000000091000000, 0x0000000091000000| Complete 
| 273|0x0000000091100000, 0x0000000091200000, 0x0000000091200000|100%|HC|  |TAMS 0x0000000091100000, 0x0000000091100000| Complete 
| 274|0x0000000091200000, 0x0000000091300000, 0x0000000091300000|100%|HS|  |TAMS 0x0000000091200000, 0x0000000091200000| Complete 
| 275|0x0000000091300000, 0x0000000091400000, 0x0000000091400000|100%|HC|  |TAMS 0x0000000091300000, 0x0000000091300000| Complete 
| 276|0x0000000091400000, 0x0000000091500000, 0x0000000091500000|100%|HC|  |TAMS 0x0000000091400000, 0x0000000091400000| Complete 
| 277|0x0000000091500000, 0x0000000091600000, 0x0000000091600000|100%| O|  |TAMS 0x0000000091500000, 0x0000000091500000| Untracked 
| 278|0x0000000091600000, 0x0000000091700000, 0x0000000091700000|100%| O|  |TAMS 0x0000000091600000, 0x0000000091600000| Untracked 
| 279|0x0000000091700000, 0x0000000091800000, 0x0000000091800000|100%| O|  |TAMS 0x0000000091700000, 0x0000000091700000| Untracked 
| 280|0x0000000091800000, 0x0000000091900000, 0x0000000091900000|100%|HS|  |TAMS 0x0000000091800000, 0x0000000091800000| Complete 
| 281|0x0000000091900000, 0x0000000091a00000, 0x0000000091a00000|100%|HC|  |TAMS 0x0000000091900000, 0x0000000091900000| Complete 
| 282|0x0000000091a00000, 0x0000000091b00000, 0x0000000091b00000|100%| O|  |TAMS 0x0000000091a00000, 0x0000000091a00000| Untracked 
| 283|0x0000000091b00000, 0x0000000091c00000, 0x0000000091c00000|100%| O|  |TAMS 0x0000000091b00000, 0x0000000091b00000| Untracked 
| 284|0x0000000091c00000, 0x0000000091d00000, 0x0000000091d00000|100%| O|  |TAMS 0x0000000091c00000, 0x0000000091c00000| Untracked 
| 285|0x0000000091d00000, 0x0000000091e00000, 0x0000000091e00000|100%|HS|  |TAMS 0x0000000091d00000, 0x0000000091d00000| Complete 
| 286|0x0000000091e00000, 0x0000000091f00000, 0x0000000091f00000|100%|HC|  |TAMS 0x0000000091e00000, 0x0000000091e00000| Complete 
| 287|0x0000000091f00000, 0x0000000092000000, 0x0000000092000000|100%| O|  |TAMS 0x0000000091f00000, 0x0000000091f00000| Untracked 
| 288|0x0000000092000000, 0x0000000092100000, 0x0000000092100000|100%|HS|  |TAMS 0x0000000092000000, 0x0000000092000000| Complete 
| 289|0x0000000092100000, 0x0000000092200000, 0x0000000092200000|100%| O|  |TAMS 0x0000000092100000, 0x0000000092100000| Untracked 
| 290|0x0000000092200000, 0x0000000092300000, 0x0000000092300000|100%|HS|  |TAMS 0x0000000092200000, 0x0000000092200000| Complete 
| 291|0x0000000092300000, 0x0000000092400000, 0x0000000092400000|100%| O|  |TAMS 0x0000000092300000, 0x0000000092300000| Untracked 
| 292|0x0000000092400000, 0x0000000092500000, 0x0000000092500000|100%|HS|  |TAMS 0x0000000092400000, 0x0000000092400000| Complete 
| 293|0x0000000092500000, 0x0000000092600000, 0x0000000092600000|100%| O|  |TAMS 0x0000000092500000, 0x0000000092500000| Untracked 
| 294|0x0000000092600000, 0x0000000092700000, 0x0000000092700000|100%| O|  |TAMS 0x0000000092600000, 0x0000000092600000| Untracked 
| 295|0x0000000092700000, 0x0000000092800000, 0x0000000092800000|100%| O|  |TAMS 0x0000000092700000, 0x0000000092700000| Untracked 
| 296|0x0000000092800000, 0x0000000092900000, 0x0000000092900000|100%|HS|  |TAMS 0x0000000092800000, 0x0000000092800000| Complete 
| 297|0x0000000092900000, 0x0000000092a00000, 0x0000000092a00000|100%|HC|  |TAMS 0x0000000092900000, 0x0000000092900000| Complete 
| 298|0x0000000092a00000, 0x0000000092b00000, 0x0000000092b00000|100%| O|  |TAMS 0x0000000092a00000, 0x0000000092a00000| Untracked 
| 299|0x0000000092b00000, 0x0000000092c00000, 0x0000000092c00000|100%| O|  |TAMS 0x0000000092b00000, 0x0000000092b00000| Untracked 
| 300|0x0000000092c00000, 0x0000000092d00000, 0x0000000092d00000|100%| O|  |TAMS 0x0000000092c00000, 0x0000000092c00000| Untracked 
| 301|0x0000000092d00000, 0x0000000092e00000, 0x0000000092e00000|100%|HS|  |TAMS 0x0000000092d00000, 0x0000000092d00000| Complete 
| 302|0x0000000092e00000, 0x0000000092f00000, 0x0000000092f00000|100%|HC|  |TAMS 0x0000000092e00000, 0x0000000092e00000| Complete 
| 303|0x0000000092f00000, 0x0000000093000000, 0x0000000093000000|100%| O|  |TAMS 0x0000000092f00000, 0x0000000092f00000| Untracked 
| 304|0x0000000093000000, 0x0000000093100000, 0x0000000093100000|100%| O|  |TAMS 0x0000000093000000, 0x0000000093000000| Untracked 
| 305|0x0000000093100000, 0x0000000093200000, 0x0000000093200000|100%| O|  |TAMS 0x0000000093100000, 0x0000000093100000| Untracked 
| 306|0x0000000093200000, 0x0000000093300000, 0x0000000093300000|100%| O|  |TAMS 0x0000000093200000, 0x0000000093200000| Untracked 
| 307|0x0000000093300000, 0x0000000093400000, 0x0000000093400000|100%| O|  |TAMS 0x0000000093300000, 0x0000000093300000| Untracked 
| 308|0x0000000093400000, 0x0000000093500000, 0x0000000093500000|100%| O|  |TAMS 0x0000000093400000, 0x0000000093400000| Untracked 
| 309|0x0000000093500000, 0x0000000093600000, 0x0000000093600000|100%| O|  |TAMS 0x0000000093500000, 0x0000000093500000| Untracked 
| 310|0x0000000093600000, 0x0000000093700000, 0x0000000093700000|100%|HS|  |TAMS 0x0000000093600000, 0x0000000093600000| Complete 
| 311|0x0000000093700000, 0x0000000093800000, 0x0000000093800000|100%|HC|  |TAMS 0x0000000093700000, 0x0000000093700000| Complete 
| 312|0x0000000093800000, 0x0000000093900000, 0x0000000093900000|100%|HC|  |TAMS 0x0000000093800000, 0x0000000093800000| Complete 
| 313|0x0000000093900000, 0x0000000093a00000, 0x0000000093a00000|100%|HS|  |TAMS 0x0000000093900000, 0x0000000093900000| Complete 
| 314|0x0000000093a00000, 0x0000000093b00000, 0x0000000093b00000|100%| O|  |TAMS 0x0000000093a00000, 0x0000000093a00000| Untracked 
| 315|0x0000000093b00000, 0x0000000093c00000, 0x0000000093c00000|100%| O|  |TAMS 0x0000000093b00000, 0x0000000093b00000| Untracked 
| 316|0x0000000093c00000, 0x0000000093d00000, 0x0000000093d00000|100%| O|  |TAMS 0x0000000093c00000, 0x0000000093c00000| Untracked 
| 317|0x0000000093d00000, 0x0000000093e00000, 0x0000000093e00000|100%| O|  |TAMS 0x0000000093d00000, 0x0000000093d00000| Untracked 
| 318|0x0000000093e00000, 0x0000000093f00000, 0x0000000093f00000|100%| O|  |TAMS 0x0000000093e00000, 0x0000000093e00000| Untracked 
| 319|0x0000000093f00000, 0x0000000094000000, 0x0000000094000000|100%| O|  |TAMS 0x0000000093f00000, 0x0000000093f00000| Untracked 
| 320|0x0000000094000000, 0x0000000094100000, 0x0000000094100000|100%| O|  |TAMS 0x0000000094000000, 0x0000000094000000| Untracked 
| 321|0x0000000094100000, 0x0000000094200000, 0x0000000094200000|100%| O|  |TAMS 0x0000000094100000, 0x0000000094100000| Untracked 
| 322|0x0000000094200000, 0x0000000094300000, 0x0000000094300000|100%| O|  |TAMS 0x0000000094200000, 0x0000000094200000| Untracked 
| 323|0x0000000094300000, 0x0000000094400000, 0x0000000094400000|100%| O|  |TAMS 0x0000000094300000, 0x0000000094300000| Untracked 
| 324|0x0000000094400000, 0x0000000094500000, 0x0000000094500000|100%| O|  |TAMS 0x0000000094400000, 0x0000000094400000| Untracked 
| 325|0x0000000094500000, 0x0000000094600000, 0x0000000094600000|100%| O|  |TAMS 0x0000000094500000, 0x0000000094500000| Untracked 
| 326|0x0000000094600000, 0x0000000094700000, 0x0000000094700000|100%| O|  |TAMS 0x0000000094600000, 0x0000000094600000| Untracked 
| 327|0x0000000094700000, 0x0000000094800000, 0x0000000094800000|100%| O|  |TAMS 0x0000000094700000, 0x0000000094700000| Untracked 
| 328|0x0000000094800000, 0x0000000094900000, 0x0000000094900000|100%| O|  |TAMS 0x0000000094800000, 0x0000000094800000| Untracked 
| 329|0x0000000094900000, 0x0000000094a00000, 0x0000000094a00000|100%| O|  |TAMS 0x0000000094900000, 0x0000000094900000| Untracked 
| 330|0x0000000094a00000, 0x0000000094b00000, 0x0000000094b00000|100%| O|  |TAMS 0x0000000094a00000, 0x0000000094a00000| Untracked 
| 331|0x0000000094b00000, 0x0000000094c00000, 0x0000000094c00000|100%| O|  |TAMS 0x0000000094b00000, 0x0000000094b00000| Untracked 
| 332|0x0000000094c00000, 0x0000000094d00000, 0x0000000094d00000|100%| O|  |TAMS 0x0000000094c00000, 0x0000000094c00000| Untracked 
| 333|0x0000000094d00000, 0x0000000094e00000, 0x0000000094e00000|100%| O|  |TAMS 0x0000000094d00000, 0x0000000094d00000| Untracked 
| 334|0x0000000094e00000, 0x0000000094f00000, 0x0000000094f00000|100%| O|  |TAMS 0x0000000094e00000, 0x0000000094e00000| Untracked 
| 335|0x0000000094f00000, 0x0000000095000000, 0x0000000095000000|100%| O|  |TAMS 0x0000000094f00000, 0x0000000094f00000| Untracked 
| 336|0x0000000095000000, 0x0000000095100000, 0x0000000095100000|100%| O|  |TAMS 0x0000000095000000, 0x0000000095000000| Untracked 
| 337|0x0000000095100000, 0x0000000095200000, 0x0000000095200000|100%| O|  |TAMS 0x0000000095100000, 0x0000000095100000| Untracked 
| 338|0x0000000095200000, 0x0000000095300000, 0x0000000095300000|100%| O|  |TAMS 0x0000000095200000, 0x0000000095200000| Untracked 
| 339|0x0000000095300000, 0x0000000095400000, 0x0000000095400000|100%| O|  |TAMS 0x0000000095300000, 0x0000000095300000| Untracked 
| 340|0x0000000095400000, 0x0000000095500000, 0x0000000095500000|100%| O|  |TAMS 0x0000000095400000, 0x0000000095400000| Untracked 
| 341|0x0000000095500000, 0x0000000095600000, 0x0000000095600000|100%| O|  |TAMS 0x0000000095500000, 0x0000000095500000| Untracked 
| 342|0x0000000095600000, 0x0000000095700000, 0x0000000095700000|100%| O|  |TAMS 0x0000000095600000, 0x0000000095600000| Untracked 
| 343|0x0000000095700000, 0x0000000095800000, 0x0000000095800000|100%| O|  |TAMS 0x0000000095700000, 0x0000000095700000| Untracked 
| 344|0x0000000095800000, 0x0000000095900000, 0x0000000095900000|100%| O|  |TAMS 0x0000000095800000, 0x0000000095800000| Untracked 
| 345|0x0000000095900000, 0x0000000095a00000, 0x0000000095a00000|100%| O|  |TAMS 0x0000000095900000, 0x0000000095900000| Untracked 
| 346|0x0000000095a00000, 0x0000000095b00000, 0x0000000095b00000|100%| O|  |TAMS 0x0000000095a00000, 0x0000000095a00000| Untracked 
| 347|0x0000000095b00000, 0x0000000095c00000, 0x0000000095c00000|100%| O|  |TAMS 0x0000000095b00000, 0x0000000095b00000| Untracked 
| 348|0x0000000095c00000, 0x0000000095d00000, 0x0000000095d00000|100%| O|  |TAMS 0x0000000095c00000, 0x0000000095c00000| Untracked 
| 349|0x0000000095d00000, 0x0000000095e00000, 0x0000000095e00000|100%| O|  |TAMS 0x0000000095d00000, 0x0000000095d00000| Untracked 
| 350|0x0000000095e00000, 0x0000000095f00000, 0x0000000095f00000|100%| O|  |TAMS 0x0000000095e00000, 0x0000000095e00000| Untracked 
| 351|0x0000000095f00000, 0x0000000096000000, 0x0000000096000000|100%| O|  |TAMS 0x0000000095f00000, 0x0000000095f00000| Untracked 
| 352|0x0000000096000000, 0x0000000096100000, 0x0000000096100000|100%| O|  |TAMS 0x0000000096000000, 0x0000000096000000| Untracked 
| 353|0x0000000096100000, 0x0000000096200000, 0x0000000096200000|100%| O|  |TAMS 0x0000000096100000, 0x0000000096100000| Untracked 
| 354|0x0000000096200000, 0x0000000096300000, 0x0000000096300000|100%| O|  |TAMS 0x0000000096200000, 0x0000000096200000| Untracked 
| 355|0x0000000096300000, 0x0000000096400000, 0x0000000096400000|100%| O|  |TAMS 0x0000000096300000, 0x0000000096300000| Untracked 
| 356|0x0000000096400000, 0x0000000096500000, 0x0000000096500000|100%| O|  |TAMS 0x0000000096400000, 0x0000000096400000| Untracked 
| 357|0x0000000096500000, 0x0000000096600000, 0x0000000096600000|100%| O|  |TAMS 0x0000000096500000, 0x0000000096500000| Untracked 
| 358|0x0000000096600000, 0x0000000096700000, 0x0000000096700000|100%| O|  |TAMS 0x0000000096600000, 0x0000000096600000| Untracked 
| 359|0x0000000096700000, 0x0000000096800000, 0x0000000096800000|100%| O|  |TAMS 0x0000000096700000, 0x0000000096700000| Untracked 
| 360|0x0000000096800000, 0x0000000096900000, 0x0000000096900000|100%| O|  |TAMS 0x0000000096800000, 0x0000000096800000| Untracked 
| 361|0x0000000096900000, 0x0000000096a00000, 0x0000000096a00000|100%| O|  |TAMS 0x0000000096900000, 0x0000000096900000| Untracked 
| 362|0x0000000096a00000, 0x0000000096b00000, 0x0000000096b00000|100%| O|  |TAMS 0x0000000096a00000, 0x0000000096a00000| Untracked 
| 363|0x0000000096b00000, 0x0000000096c00000, 0x0000000096c00000|100%| O|  |TAMS 0x0000000096b00000, 0x0000000096b00000| Untracked 
| 364|0x0000000096c00000, 0x0000000096d00000, 0x0000000096d00000|100%| O|  |TAMS 0x0000000096c00000, 0x0000000096c00000| Untracked 
| 365|0x0000000096d00000, 0x0000000096e00000, 0x0000000096e00000|100%| O|  |TAMS 0x0000000096d00000, 0x0000000096d00000| Untracked 
| 366|0x0000000096e00000, 0x0000000096f00000, 0x0000000096f00000|100%| O|  |TAMS 0x0000000096e00000, 0x0000000096e00000| Untracked 
| 367|0x0000000096f00000, 0x0000000097000000, 0x0000000097000000|100%| O|  |TAMS 0x0000000096f00000, 0x0000000096f00000| Untracked 
| 368|0x0000000097000000, 0x0000000097100000, 0x0000000097100000|100%| O|  |TAMS 0x0000000097000000, 0x0000000097000000| Untracked 
| 369|0x0000000097100000, 0x0000000097200000, 0x0000000097200000|100%| O|  |TAMS 0x0000000097100000, 0x0000000097100000| Untracked 
| 370|0x0000000097200000, 0x0000000097300000, 0x0000000097300000|100%| O|  |TAMS 0x0000000097200000, 0x0000000097200000| Untracked 
| 371|0x0000000097300000, 0x0000000097400000, 0x0000000097400000|100%| O|  |TAMS 0x0000000097300000, 0x0000000097300000| Untracked 
| 372|0x0000000097400000, 0x0000000097500000, 0x0000000097500000|100%| O|  |TAMS 0x0000000097400000, 0x0000000097400000| Untracked 
| 373|0x0000000097500000, 0x0000000097600000, 0x0000000097600000|100%| O|  |TAMS 0x0000000097500000, 0x0000000097500000| Untracked 
| 374|0x0000000097600000, 0x0000000097700000, 0x0000000097700000|100%| O|  |TAMS 0x0000000097600000, 0x0000000097600000| Untracked 
| 375|0x0000000097700000, 0x0000000097800000, 0x0000000097800000|100%| O|  |TAMS 0x0000000097700000, 0x0000000097700000| Untracked 
| 376|0x0000000097800000, 0x0000000097900000, 0x0000000097900000|100%| O|  |TAMS 0x0000000097800000, 0x0000000097800000| Untracked 
| 377|0x0000000097900000, 0x0000000097a00000, 0x0000000097a00000|100%|HS|  |TAMS 0x0000000097a00000, 0x0000000097a00000| Untracked 
| 378|0x0000000097a00000, 0x0000000097b00000, 0x0000000097b00000|100%|HC|  |TAMS 0x0000000097b00000, 0x0000000097b00000| Untracked 
| 379|0x0000000097b00000, 0x0000000097c00000, 0x0000000097c00000|100%|HC|  |TAMS 0x0000000097c00000, 0x0000000097c00000| Untracked 
| 380|0x0000000097c00000, 0x0000000097d00000, 0x0000000097d00000|100%|HC|  |TAMS 0x0000000097d00000, 0x0000000097d00000| Untracked 
| 381|0x0000000097d00000, 0x0000000097e00000, 0x0000000097e00000|100%|HC|  |TAMS 0x0000000097e00000, 0x0000000097e00000| Untracked 
| 382|0x0000000097e00000, 0x0000000097f00000, 0x0000000097f00000|100%|HC|  |TAMS 0x0000000097f00000, 0x0000000097f00000| Untracked 
| 383|0x0000000097f00000, 0x0000000098000000, 0x0000000098000000|100%|HC|  |TAMS 0x0000000098000000, 0x0000000098000000| Untracked 
| 384|0x0000000098000000, 0x0000000098100000, 0x0000000098100000|100%| O|  |TAMS 0x0000000098000000, 0x0000000098000000| Untracked 
| 385|0x0000000098100000, 0x0000000098200000, 0x0000000098200000|100%| O|  |TAMS 0x0000000098100000, 0x0000000098100000| Untracked 
| 386|0x0000000098200000, 0x0000000098300000, 0x0000000098300000|100%| O|  |TAMS 0x0000000098200000, 0x0000000098200000| Untracked 
| 387|0x0000000098300000, 0x0000000098400000, 0x0000000098400000|100%| O|  |TAMS 0x0000000098300000, 0x0000000098300000| Untracked 
| 388|0x0000000098400000, 0x0000000098500000, 0x0000000098500000|100%| O|  |TAMS 0x0000000098400000, 0x0000000098400000| Untracked 
| 389|0x0000000098500000, 0x0000000098600000, 0x0000000098600000|100%| O|  |TAMS 0x0000000098500000, 0x0000000098500000| Untracked 
| 390|0x0000000098600000, 0x0000000098700000, 0x0000000098700000|100%| O|  |TAMS 0x0000000098600000, 0x0000000098600000| Untracked 
| 391|0x0000000098700000, 0x0000000098800000, 0x0000000098800000|100%| O|  |TAMS 0x0000000098700000, 0x0000000098700000| Untracked 
| 392|0x0000000098800000, 0x0000000098900000, 0x0000000098900000|100%| O|  |TAMS 0x0000000098800000, 0x0000000098800000| Untracked 
| 393|0x0000000098900000, 0x0000000098a00000, 0x0000000098a00000|100%| O|  |TAMS 0x0000000098900000, 0x0000000098900000| Untracked 
| 394|0x0000000098a00000, 0x0000000098b00000, 0x0000000098b00000|100%| O|  |TAMS 0x0000000098a00000, 0x0000000098a00000| Untracked 
| 395|0x0000000098b00000, 0x0000000098c00000, 0x0000000098c00000|100%| O|  |TAMS 0x0000000098b00000, 0x0000000098b00000| Untracked 
| 396|0x0000000098c00000, 0x0000000098d00000, 0x0000000098d00000|100%| O|  |TAMS 0x0000000098c00000, 0x0000000098c00000| Untracked 
| 397|0x0000000098d00000, 0x0000000098e00000, 0x0000000098e00000|100%| O|  |TAMS 0x0000000098d00000, 0x0000000098d00000| Untracked 
| 398|0x0000000098e00000, 0x0000000098f00000, 0x0000000098f00000|100%| O|  |TAMS 0x0000000098e00000, 0x0000000098e00000| Untracked 
| 399|0x0000000098f00000, 0x0000000098f00000, 0x0000000099000000|  0%| F|  |TAMS 0x0000000098f00000, 0x0000000098f00000| Untracked 
| 400|0x0000000099000000, 0x0000000099000000, 0x0000000099100000|  0%| F|  |TAMS 0x0000000099000000, 0x0000000099000000| Untracked 
| 401|0x0000000099100000, 0x0000000099100000, 0x0000000099200000|  0%| F|  |TAMS 0x0000000099100000, 0x0000000099100000| Untracked 
| 402|0x0000000099200000, 0x0000000099200000, 0x0000000099300000|  0%| F|  |TAMS 0x0000000099200000, 0x0000000099200000| Untracked 
| 403|0x0000000099300000, 0x0000000099300000, 0x0000000099400000|  0%| F|  |TAMS 0x0000000099300000, 0x0000000099300000| Untracked 
| 404|0x0000000099400000, 0x0000000099400000, 0x0000000099500000|  0%| F|  |TAMS 0x0000000099400000, 0x0000000099400000| Untracked 
| 405|0x0000000099500000, 0x0000000099500000, 0x0000000099600000|  0%| F|  |TAMS 0x0000000099500000, 0x0000000099500000| Untracked 
| 406|0x0000000099600000, 0x0000000099600000, 0x0000000099700000|  0%| F|  |TAMS 0x0000000099600000, 0x0000000099600000| Untracked 
| 407|0x0000000099700000, 0x0000000099700000, 0x0000000099800000|  0%| F|  |TAMS 0x0000000099700000, 0x0000000099700000| Untracked 
| 408|0x0000000099800000, 0x0000000099800000, 0x0000000099900000|  0%| F|  |TAMS 0x0000000099800000, 0x0000000099800000| Untracked 
| 409|0x0000000099900000, 0x0000000099900000, 0x0000000099a00000|  0%| F|  |TAMS 0x0000000099900000, 0x0000000099900000| Untracked 
| 410|0x0000000099a00000, 0x0000000099a00000, 0x0000000099b00000|  0%| F|  |TAMS 0x0000000099a00000, 0x0000000099a00000| Untracked 
| 411|0x0000000099b00000, 0x0000000099b00000, 0x0000000099c00000|  0%| F|  |TAMS 0x0000000099b00000, 0x0000000099b00000| Untracked 
| 412|0x0000000099c00000, 0x0000000099c00000, 0x0000000099d00000|  0%| F|  |TAMS 0x0000000099c00000, 0x0000000099c00000| Untracked 
| 413|0x0000000099d00000, 0x0000000099d00000, 0x0000000099e00000|  0%| F|  |TAMS 0x0000000099d00000, 0x0000000099d00000| Untracked 
| 414|0x0000000099e00000, 0x0000000099e00000, 0x0000000099f00000|  0%| F|  |TAMS 0x0000000099e00000, 0x0000000099e00000| Untracked 
| 415|0x0000000099f00000, 0x0000000099f00000, 0x000000009a000000|  0%| F|  |TAMS 0x0000000099f00000, 0x0000000099f00000| Untracked 
| 416|0x000000009a000000, 0x000000009a000000, 0x000000009a100000|  0%| F|  |TAMS 0x000000009a000000, 0x000000009a000000| Untracked 
| 417|0x000000009a100000, 0x000000009a100000, 0x000000009a200000|  0%| F|  |TAMS 0x000000009a100000, 0x000000009a100000| Untracked 
| 418|0x000000009a200000, 0x000000009a200000, 0x000000009a300000|  0%| F|  |TAMS 0x000000009a200000, 0x000000009a200000| Untracked 
| 419|0x000000009a300000, 0x000000009a300000, 0x000000009a400000|  0%| F|  |TAMS 0x000000009a300000, 0x000000009a300000| Untracked 
| 420|0x000000009a400000, 0x000000009a400000, 0x000000009a500000|  0%| F|  |TAMS 0x000000009a400000, 0x000000009a400000| Untracked 
| 421|0x000000009a500000, 0x000000009a500000, 0x000000009a600000|  0%| F|  |TAMS 0x000000009a500000, 0x000000009a500000| Untracked 
| 422|0x000000009a600000, 0x000000009a600000, 0x000000009a700000|  0%| F|  |TAMS 0x000000009a600000, 0x000000009a600000| Untracked 
| 423|0x000000009a700000, 0x000000009a700000, 0x000000009a800000|  0%| F|  |TAMS 0x000000009a700000, 0x000000009a700000| Untracked 
| 424|0x000000009a800000, 0x000000009a800000, 0x000000009a900000|  0%| F|  |TAMS 0x000000009a800000, 0x000000009a800000| Untracked 
| 425|0x000000009a900000, 0x000000009a900000, 0x000000009aa00000|  0%| F|  |TAMS 0x000000009a900000, 0x000000009a900000| Untracked 
| 426|0x000000009aa00000, 0x000000009aa00000, 0x000000009ab00000|  0%| F|  |TAMS 0x000000009aa00000, 0x000000009aa00000| Untracked 
| 427|0x000000009ab00000, 0x000000009ab00000, 0x000000009ac00000|  0%| F|  |TAMS 0x000000009ab00000, 0x000000009ab00000| Untracked 
| 428|0x000000009ac00000, 0x000000009ac00000, 0x000000009ad00000|  0%| F|  |TAMS 0x000000009ac00000, 0x000000009ac00000| Untracked 
| 429|0x000000009ad00000, 0x000000009ad00000, 0x000000009ae00000|  0%| F|  |TAMS 0x000000009ad00000, 0x000000009ad00000| Untracked 
| 430|0x000000009ae00000, 0x000000009ae00000, 0x000000009af00000|  0%| F|  |TAMS 0x000000009ae00000, 0x000000009ae00000| Untracked 
| 431|0x000000009af00000, 0x000000009af00000, 0x000000009b000000|  0%| F|  |TAMS 0x000000009af00000, 0x000000009af00000| Untracked 
| 432|0x000000009b000000, 0x000000009b000000, 0x000000009b100000|  0%| F|  |TAMS 0x000000009b000000, 0x000000009b000000| Untracked 
| 433|0x000000009b100000, 0x000000009b100000, 0x000000009b200000|  0%| F|  |TAMS 0x000000009b100000, 0x000000009b100000| Untracked 
| 434|0x000000009b200000, 0x000000009b200000, 0x000000009b300000|  0%| F|  |TAMS 0x000000009b200000, 0x000000009b200000| Untracked 
| 435|0x000000009b300000, 0x000000009b300000, 0x000000009b400000|  0%| F|  |TAMS 0x000000009b300000, 0x000000009b300000| Untracked 
| 436|0x000000009b400000, 0x000000009b400000, 0x000000009b500000|  0%| F|  |TAMS 0x000000009b400000, 0x000000009b400000| Untracked 
| 437|0x000000009b500000, 0x000000009b500000, 0x000000009b600000|  0%| F|  |TAMS 0x000000009b500000, 0x000000009b500000| Untracked 
| 438|0x000000009b600000, 0x000000009b600000, 0x000000009b700000|  0%| F|  |TAMS 0x000000009b600000, 0x000000009b600000| Untracked 
| 439|0x000000009b700000, 0x000000009b700000, 0x000000009b800000|  0%| F|  |TAMS 0x000000009b700000, 0x000000009b700000| Untracked 
| 440|0x000000009b800000, 0x000000009b800000, 0x000000009b900000|  0%| F|  |TAMS 0x000000009b800000, 0x000000009b800000| Untracked 
| 441|0x000000009b900000, 0x000000009b900000, 0x000000009ba00000|  0%| F|  |TAMS 0x000000009b900000, 0x000000009b900000| Untracked 
| 442|0x000000009ba00000, 0x000000009ba00000, 0x000000009bb00000|  0%| F|  |TAMS 0x000000009ba00000, 0x000000009ba00000| Untracked 
| 443|0x000000009bb00000, 0x000000009bb00000, 0x000000009bc00000|  0%| F|  |TAMS 0x000000009bb00000, 0x000000009bb00000| Untracked 
| 444|0x000000009bc00000, 0x000000009bc00000, 0x000000009bd00000|  0%| F|  |TAMS 0x000000009bc00000, 0x000000009bc00000| Untracked 
| 445|0x000000009bd00000, 0x000000009bd00000, 0x000000009be00000|  0%| F|  |TAMS 0x000000009bd00000, 0x000000009bd00000| Untracked 
| 446|0x000000009be00000, 0x000000009be00000, 0x000000009bf00000|  0%| F|  |TAMS 0x000000009be00000, 0x000000009be00000| Untracked 
| 447|0x000000009bf00000, 0x000000009bf00000, 0x000000009c000000|  0%| F|  |TAMS 0x000000009bf00000, 0x000000009bf00000| Untracked 
| 448|0x000000009c000000, 0x000000009c000000, 0x000000009c100000|  0%| F|  |TAMS 0x000000009c000000, 0x000000009c000000| Untracked 
| 449|0x000000009c100000, 0x000000009c100000, 0x000000009c200000|  0%| F|  |TAMS 0x000000009c100000, 0x000000009c100000| Untracked 
| 450|0x000000009c200000, 0x000000009c200000, 0x000000009c300000|  0%| F|  |TAMS 0x000000009c200000, 0x000000009c200000| Untracked 
| 451|0x000000009c300000, 0x000000009c300000, 0x000000009c400000|  0%| F|  |TAMS 0x000000009c300000, 0x000000009c300000| Untracked 
| 452|0x000000009c400000, 0x000000009c400000, 0x000000009c500000|  0%| F|  |TAMS 0x000000009c400000, 0x000000009c400000| Untracked 
| 453|0x000000009c500000, 0x000000009c500000, 0x000000009c600000|  0%| F|  |TAMS 0x000000009c500000, 0x000000009c500000| Untracked 
| 454|0x000000009c600000, 0x000000009c600000, 0x000000009c700000|  0%| F|  |TAMS 0x000000009c600000, 0x000000009c600000| Untracked 
| 455|0x000000009c700000, 0x000000009c700000, 0x000000009c800000|  0%| F|  |TAMS 0x000000009c700000, 0x000000009c700000| Untracked 
| 456|0x000000009c800000, 0x000000009c800000, 0x000000009c900000|  0%| F|  |TAMS 0x000000009c800000, 0x000000009c800000| Untracked 
| 457|0x000000009c900000, 0x000000009c900000, 0x000000009ca00000|  0%| F|  |TAMS 0x000000009c900000, 0x000000009c900000| Untracked 
| 458|0x000000009ca00000, 0x000000009ca00000, 0x000000009cb00000|  0%| F|  |TAMS 0x000000009ca00000, 0x000000009ca00000| Untracked 
| 459|0x000000009cb00000, 0x000000009cb00000, 0x000000009cc00000|  0%| F|  |TAMS 0x000000009cb00000, 0x000000009cb00000| Untracked 
| 460|0x000000009cc00000, 0x000000009cc00000, 0x000000009cd00000|  0%| F|  |TAMS 0x000000009cc00000, 0x000000009cc00000| Untracked 
| 461|0x000000009cd00000, 0x000000009cd00000, 0x000000009ce00000|  0%| F|  |TAMS 0x000000009cd00000, 0x000000009cd00000| Untracked 
| 462|0x000000009ce00000, 0x000000009ce00000, 0x000000009cf00000|  0%| F|  |TAMS 0x000000009ce00000, 0x000000009ce00000| Untracked 
| 463|0x000000009cf00000, 0x000000009cf00000, 0x000000009d000000|  0%| F|  |TAMS 0x000000009cf00000, 0x000000009cf00000| Untracked 
| 464|0x000000009d000000, 0x000000009d000000, 0x000000009d100000|  0%| F|  |TAMS 0x000000009d000000, 0x000000009d000000| Untracked 
| 465|0x000000009d100000, 0x000000009d100000, 0x000000009d200000|  0%| F|  |TAMS 0x000000009d100000, 0x000000009d100000| Untracked 
| 466|0x000000009d200000, 0x000000009d200000, 0x000000009d300000|  0%| F|  |TAMS 0x000000009d200000, 0x000000009d200000| Untracked 
| 467|0x000000009d300000, 0x000000009d300000, 0x000000009d400000|  0%| F|  |TAMS 0x000000009d300000, 0x000000009d300000| Untracked 
| 468|0x000000009d400000, 0x000000009d400000, 0x000000009d500000|  0%| F|  |TAMS 0x000000009d400000, 0x000000009d400000| Untracked 
| 469|0x000000009d500000, 0x000000009d500000, 0x000000009d600000|  0%| F|  |TAMS 0x000000009d500000, 0x000000009d500000| Untracked 
| 470|0x000000009d600000, 0x000000009d600000, 0x000000009d700000|  0%| F|  |TAMS 0x000000009d600000, 0x000000009d600000| Untracked 
| 471|0x000000009d700000, 0x000000009d700000, 0x000000009d800000|  0%| F|  |TAMS 0x000000009d700000, 0x000000009d700000| Untracked 
| 472|0x000000009d800000, 0x000000009d800000, 0x000000009d900000|  0%| F|  |TAMS 0x000000009d800000, 0x000000009d800000| Untracked 
| 473|0x000000009d900000, 0x000000009d900000, 0x000000009da00000|  0%| F|  |TAMS 0x000000009d900000, 0x000000009d900000| Untracked 
| 474|0x000000009da00000, 0x000000009da00000, 0x000000009db00000|  0%| F|  |TAMS 0x000000009da00000, 0x000000009da00000| Untracked 
| 475|0x000000009db00000, 0x000000009db00000, 0x000000009dc00000|  0%| F|  |TAMS 0x000000009db00000, 0x000000009db00000| Untracked 
| 476|0x000000009dc00000, 0x000000009dc00000, 0x000000009dd00000|  0%| F|  |TAMS 0x000000009dc00000, 0x000000009dc00000| Untracked 
| 477|0x000000009dd00000, 0x000000009dd00000, 0x000000009de00000|  0%| F|  |TAMS 0x000000009dd00000, 0x000000009dd00000| Untracked 
| 478|0x000000009de00000, 0x000000009de00000, 0x000000009df00000|  0%| F|  |TAMS 0x000000009de00000, 0x000000009de00000| Untracked 
| 479|0x000000009df00000, 0x000000009df00000, 0x000000009e000000|  0%| F|  |TAMS 0x000000009df00000, 0x000000009df00000| Untracked 
| 480|0x000000009e000000, 0x000000009e000000, 0x000000009e100000|  0%| F|  |TAMS 0x000000009e000000, 0x000000009e000000| Untracked 
| 481|0x000000009e100000, 0x000000009e100000, 0x000000009e200000|  0%| F|  |TAMS 0x000000009e100000, 0x000000009e100000| Untracked 
| 482|0x000000009e200000, 0x000000009e200000, 0x000000009e300000|  0%| F|  |TAMS 0x000000009e200000, 0x000000009e200000| Untracked 
| 483|0x000000009e300000, 0x000000009e300000, 0x000000009e400000|  0%| F|  |TAMS 0x000000009e300000, 0x000000009e300000| Untracked 
| 484|0x000000009e400000, 0x000000009e400000, 0x000000009e500000|  0%| F|  |TAMS 0x000000009e400000, 0x000000009e400000| Untracked 
| 485|0x000000009e500000, 0x000000009e500000, 0x000000009e600000|  0%| F|  |TAMS 0x000000009e500000, 0x000000009e500000| Untracked 
| 486|0x000000009e600000, 0x000000009e600000, 0x000000009e700000|  0%| F|  |TAMS 0x000000009e600000, 0x000000009e600000| Untracked 
| 487|0x000000009e700000, 0x000000009e700000, 0x000000009e800000|  0%| F|  |TAMS 0x000000009e700000, 0x000000009e700000| Untracked 
| 488|0x000000009e800000, 0x000000009e800000, 0x000000009e900000|  0%| F|  |TAMS 0x000000009e800000, 0x000000009e800000| Untracked 
| 489|0x000000009e900000, 0x000000009e900000, 0x000000009ea00000|  0%| F|  |TAMS 0x000000009e900000, 0x000000009e900000| Untracked 
| 490|0x000000009ea00000, 0x000000009ea00000, 0x000000009eb00000|  0%| F|  |TAMS 0x000000009ea00000, 0x000000009ea00000| Untracked 
| 491|0x000000009eb00000, 0x000000009eb00000, 0x000000009ec00000|  0%| F|  |TAMS 0x000000009eb00000, 0x000000009eb00000| Untracked 
| 492|0x000000009ec00000, 0x000000009ec00000, 0x000000009ed00000|  0%| F|  |TAMS 0x000000009ec00000, 0x000000009ec00000| Untracked 
| 493|0x000000009ed00000, 0x000000009ed00000, 0x000000009ee00000|  0%| F|  |TAMS 0x000000009ed00000, 0x000000009ed00000| Untracked 
| 494|0x000000009ee00000, 0x000000009ee00000, 0x000000009ef00000|  0%| F|  |TAMS 0x000000009ee00000, 0x000000009ee00000| Untracked 
| 495|0x000000009ef00000, 0x000000009ef00000, 0x000000009f000000|  0%| F|  |TAMS 0x000000009ef00000, 0x000000009ef00000| Untracked 
| 496|0x000000009f000000, 0x000000009f000000, 0x000000009f100000|  0%| F|  |TAMS 0x000000009f000000, 0x000000009f000000| Untracked 
| 497|0x000000009f100000, 0x000000009f100000, 0x000000009f200000|  0%| F|  |TAMS 0x000000009f100000, 0x000000009f100000| Untracked 
| 498|0x000000009f200000, 0x000000009f200000, 0x000000009f300000|  0%| F|  |TAMS 0x000000009f200000, 0x000000009f200000| Untracked 
| 499|0x000000009f300000, 0x000000009f300000, 0x000000009f400000|  0%| F|  |TAMS 0x000000009f300000, 0x000000009f300000| Untracked 
| 500|0x000000009f400000, 0x000000009f400000, 0x000000009f500000|  0%| F|  |TAMS 0x000000009f400000, 0x000000009f400000| Untracked 
| 501|0x000000009f500000, 0x000000009f500000, 0x000000009f600000|  0%| F|  |TAMS 0x000000009f500000, 0x000000009f500000| Untracked 
| 502|0x000000009f600000, 0x000000009f600000, 0x000000009f700000|  0%| F|  |TAMS 0x000000009f600000, 0x000000009f600000| Untracked 
| 503|0x000000009f700000, 0x000000009f700000, 0x000000009f800000|  0%| F|  |TAMS 0x000000009f700000, 0x000000009f700000| Untracked 
| 504|0x000000009f800000, 0x000000009f800000, 0x000000009f900000|  0%| F|  |TAMS 0x000000009f800000, 0x000000009f800000| Untracked 
| 505|0x000000009f900000, 0x000000009f900000, 0x000000009fa00000|  0%| F|  |TAMS 0x000000009f900000, 0x000000009f900000| Untracked 
| 506|0x000000009fa00000, 0x000000009fa00000, 0x000000009fb00000|  0%| F|  |TAMS 0x000000009fa00000, 0x000000009fa00000| Untracked 
| 507|0x000000009fb00000, 0x000000009fb00000, 0x000000009fc00000|  0%| F|  |TAMS 0x000000009fb00000, 0x000000009fb00000| Untracked 
| 508|0x000000009fc00000, 0x000000009fc00000, 0x000000009fd00000|  0%| F|  |TAMS 0x000000009fc00000, 0x000000009fc00000| Untracked 
| 509|0x000000009fd00000, 0x000000009fd00000, 0x000000009fe00000|  0%| F|  |TAMS 0x000000009fd00000, 0x000000009fd00000| Untracked 
| 510|0x000000009fe00000, 0x000000009fe00000, 0x000000009ff00000|  0%| F|  |TAMS 0x000000009fe00000, 0x000000009fe00000| Untracked 
| 511|0x000000009ff00000, 0x000000009ff00000, 0x00000000a0000000|  0%| F|  |TAMS 0x000000009ff00000, 0x000000009ff00000| Untracked 
| 512|0x00000000a0000000, 0x00000000a0000000, 0x00000000a0100000|  0%| F|  |TAMS 0x00000000a0000000, 0x00000000a0000000| Untracked 
| 513|0x00000000a0100000, 0x00000000a0100000, 0x00000000a0200000|  0%| F|  |TAMS 0x00000000a0100000, 0x00000000a0100000| Untracked 
| 514|0x00000000a0200000, 0x00000000a0200000, 0x00000000a0300000|  0%| F|  |TAMS 0x00000000a0200000, 0x00000000a0200000| Untracked 
| 515|0x00000000a0300000, 0x00000000a0300000, 0x00000000a0400000|  0%| F|  |TAMS 0x00000000a0300000, 0x00000000a0300000| Untracked 
| 516|0x00000000a0400000, 0x00000000a0400000, 0x00000000a0500000|  0%| F|  |TAMS 0x00000000a0400000, 0x00000000a0400000| Untracked 
| 517|0x00000000a0500000, 0x00000000a0500000, 0x00000000a0600000|  0%| F|  |TAMS 0x00000000a0500000, 0x00000000a0500000| Untracked 
| 518|0x00000000a0600000, 0x00000000a0600000, 0x00000000a0700000|  0%| F|  |TAMS 0x00000000a0600000, 0x00000000a0600000| Untracked 
| 519|0x00000000a0700000, 0x00000000a0700000, 0x00000000a0800000|  0%| F|  |TAMS 0x00000000a0700000, 0x00000000a0700000| Untracked 
| 520|0x00000000a0800000, 0x00000000a0800000, 0x00000000a0900000|  0%| F|  |TAMS 0x00000000a0800000, 0x00000000a0800000| Untracked 
| 521|0x00000000a0900000, 0x00000000a0900000, 0x00000000a0a00000|  0%| F|  |TAMS 0x00000000a0900000, 0x00000000a0900000| Untracked 
| 522|0x00000000a0a00000, 0x00000000a0a00000, 0x00000000a0b00000|  0%| F|  |TAMS 0x00000000a0a00000, 0x00000000a0a00000| Untracked 
| 523|0x00000000a0b00000, 0x00000000a0b00000, 0x00000000a0c00000|  0%| F|  |TAMS 0x00000000a0b00000, 0x00000000a0b00000| Untracked 
| 524|0x00000000a0c00000, 0x00000000a0c00000, 0x00000000a0d00000|  0%| F|  |TAMS 0x00000000a0c00000, 0x00000000a0c00000| Untracked 
| 525|0x00000000a0d00000, 0x00000000a0d00000, 0x00000000a0e00000|  0%| F|  |TAMS 0x00000000a0d00000, 0x00000000a0d00000| Untracked 
| 526|0x00000000a0e00000, 0x00000000a0e00000, 0x00000000a0f00000|  0%| F|  |TAMS 0x00000000a0e00000, 0x00000000a0e00000| Untracked 
| 527|0x00000000a0f00000, 0x00000000a0f00000, 0x00000000a1000000|  0%| F|  |TAMS 0x00000000a0f00000, 0x00000000a0f00000| Untracked 
| 528|0x00000000a1000000, 0x00000000a1000000, 0x00000000a1100000|  0%| F|  |TAMS 0x00000000a1000000, 0x00000000a1000000| Untracked 
| 529|0x00000000a1100000, 0x00000000a1100000, 0x00000000a1200000|  0%| F|  |TAMS 0x00000000a1100000, 0x00000000a1100000| Untracked 
| 530|0x00000000a1200000, 0x00000000a1200000, 0x00000000a1300000|  0%| F|  |TAMS 0x00000000a1200000, 0x00000000a1200000| Untracked 
| 531|0x00000000a1300000, 0x00000000a1300000, 0x00000000a1400000|  0%| F|  |TAMS 0x00000000a1300000, 0x00000000a1300000| Untracked 
| 532|0x00000000a1400000, 0x00000000a1400000, 0x00000000a1500000|  0%| F|  |TAMS 0x00000000a1400000, 0x00000000a1400000| Untracked 
| 533|0x00000000a1500000, 0x00000000a1500000, 0x00000000a1600000|  0%| F|  |TAMS 0x00000000a1500000, 0x00000000a1500000| Untracked 
| 534|0x00000000a1600000, 0x00000000a1600000, 0x00000000a1700000|  0%| F|  |TAMS 0x00000000a1600000, 0x00000000a1600000| Untracked 
| 535|0x00000000a1700000, 0x00000000a1700000, 0x00000000a1800000|  0%| F|  |TAMS 0x00000000a1700000, 0x00000000a1700000| Untracked 
| 536|0x00000000a1800000, 0x00000000a1800000, 0x00000000a1900000|  0%| F|  |TAMS 0x00000000a1800000, 0x00000000a1800000| Untracked 
| 537|0x00000000a1900000, 0x00000000a1900000, 0x00000000a1a00000|  0%| F|  |TAMS 0x00000000a1900000, 0x00000000a1900000| Untracked 
| 538|0x00000000a1a00000, 0x00000000a1a00000, 0x00000000a1b00000|  0%| F|  |TAMS 0x00000000a1a00000, 0x00000000a1a00000| Untracked 
| 539|0x00000000a1b00000, 0x00000000a1b00000, 0x00000000a1c00000|  0%| F|  |TAMS 0x00000000a1b00000, 0x00000000a1b00000| Untracked 
| 540|0x00000000a1c00000, 0x00000000a1c00000, 0x00000000a1d00000|  0%| F|  |TAMS 0x00000000a1c00000, 0x00000000a1c00000| Untracked 
| 541|0x00000000a1d00000, 0x00000000a1d00000, 0x00000000a1e00000|  0%| F|  |TAMS 0x00000000a1d00000, 0x00000000a1d00000| Untracked 
| 542|0x00000000a1e00000, 0x00000000a1e00000, 0x00000000a1f00000|  0%| F|  |TAMS 0x00000000a1e00000, 0x00000000a1e00000| Untracked 
| 543|0x00000000a1f00000, 0x00000000a1f00000, 0x00000000a2000000|  0%| F|  |TAMS 0x00000000a1f00000, 0x00000000a1f00000| Untracked 
| 544|0x00000000a2000000, 0x00000000a2000000, 0x00000000a2100000|  0%| F|  |TAMS 0x00000000a2000000, 0x00000000a2000000| Untracked 
| 545|0x00000000a2100000, 0x00000000a2100000, 0x00000000a2200000|  0%| F|  |TAMS 0x00000000a2100000, 0x00000000a2100000| Untracked 
| 546|0x00000000a2200000, 0x00000000a2200000, 0x00000000a2300000|  0%| F|  |TAMS 0x00000000a2200000, 0x00000000a2200000| Untracked 
| 547|0x00000000a2300000, 0x00000000a2300000, 0x00000000a2400000|  0%| F|  |TAMS 0x00000000a2300000, 0x00000000a2300000| Untracked 
| 548|0x00000000a2400000, 0x00000000a2400000, 0x00000000a2500000|  0%| F|  |TAMS 0x00000000a2400000, 0x00000000a2400000| Untracked 
| 549|0x00000000a2500000, 0x00000000a2500000, 0x00000000a2600000|  0%| F|  |TAMS 0x00000000a2500000, 0x00000000a2500000| Untracked 
| 550|0x00000000a2600000, 0x00000000a2600000, 0x00000000a2700000|  0%| F|  |TAMS 0x00000000a2600000, 0x00000000a2600000| Untracked 
| 551|0x00000000a2700000, 0x00000000a2700000, 0x00000000a2800000|  0%| F|  |TAMS 0x00000000a2700000, 0x00000000a2700000| Untracked 
| 552|0x00000000a2800000, 0x00000000a2800000, 0x00000000a2900000|  0%| F|  |TAMS 0x00000000a2800000, 0x00000000a2800000| Untracked 
| 553|0x00000000a2900000, 0x00000000a2900000, 0x00000000a2a00000|  0%| F|  |TAMS 0x00000000a2900000, 0x00000000a2900000| Untracked 
| 554|0x00000000a2a00000, 0x00000000a2a00000, 0x00000000a2b00000|  0%| F|  |TAMS 0x00000000a2a00000, 0x00000000a2a00000| Untracked 
| 555|0x00000000a2b00000, 0x00000000a2b00000, 0x00000000a2c00000|  0%| F|  |TAMS 0x00000000a2b00000, 0x00000000a2b00000| Untracked 
| 556|0x00000000a2c00000, 0x00000000a2c00000, 0x00000000a2d00000|  0%| F|  |TAMS 0x00000000a2c00000, 0x00000000a2c00000| Untracked 
| 557|0x00000000a2d00000, 0x00000000a2d00000, 0x00000000a2e00000|  0%| F|  |TAMS 0x00000000a2d00000, 0x00000000a2d00000| Untracked 
| 558|0x00000000a2e00000, 0x00000000a2e00000, 0x00000000a2f00000|  0%| F|  |TAMS 0x00000000a2e00000, 0x00000000a2e00000| Untracked 
| 559|0x00000000a2f00000, 0x00000000a2f00000, 0x00000000a3000000|  0%| F|  |TAMS 0x00000000a2f00000, 0x00000000a2f00000| Untracked 
| 560|0x00000000a3000000, 0x00000000a3000000, 0x00000000a3100000|  0%| F|  |TAMS 0x00000000a3000000, 0x00000000a3000000| Untracked 
| 561|0x00000000a3100000, 0x00000000a3100000, 0x00000000a3200000|  0%| F|  |TAMS 0x00000000a3100000, 0x00000000a3100000| Untracked 
| 562|0x00000000a3200000, 0x00000000a3200000, 0x00000000a3300000|  0%| F|  |TAMS 0x00000000a3200000, 0x00000000a3200000| Untracked 
| 563|0x00000000a3300000, 0x00000000a3300000, 0x00000000a3400000|  0%| F|  |TAMS 0x00000000a3300000, 0x00000000a3300000| Untracked 
| 564|0x00000000a3400000, 0x00000000a3400000, 0x00000000a3500000|  0%| F|  |TAMS 0x00000000a3400000, 0x00000000a3400000| Untracked 
| 565|0x00000000a3500000, 0x00000000a3500000, 0x00000000a3600000|  0%| F|  |TAMS 0x00000000a3500000, 0x00000000a3500000| Untracked 
| 566|0x00000000a3600000, 0x00000000a3600000, 0x00000000a3700000|  0%| F|  |TAMS 0x00000000a3600000, 0x00000000a3600000| Untracked 
| 567|0x00000000a3700000, 0x00000000a3700000, 0x00000000a3800000|  0%| F|  |TAMS 0x00000000a3700000, 0x00000000a3700000| Untracked 
| 568|0x00000000a3800000, 0x00000000a3800000, 0x00000000a3900000|  0%| F|  |TAMS 0x00000000a3800000, 0x00000000a3800000| Untracked 
| 569|0x00000000a3900000, 0x00000000a3900000, 0x00000000a3a00000|  0%| F|  |TAMS 0x00000000a3900000, 0x00000000a3900000| Untracked 
| 570|0x00000000a3a00000, 0x00000000a3a00000, 0x00000000a3b00000|  0%| F|  |TAMS 0x00000000a3a00000, 0x00000000a3a00000| Untracked 
| 571|0x00000000a3b00000, 0x00000000a3b00000, 0x00000000a3c00000|  0%| F|  |TAMS 0x00000000a3b00000, 0x00000000a3b00000| Untracked 
| 572|0x00000000a3c00000, 0x00000000a3c00000, 0x00000000a3d00000|  0%| F|  |TAMS 0x00000000a3c00000, 0x00000000a3c00000| Untracked 
| 573|0x00000000a3d00000, 0x00000000a3d00000, 0x00000000a3e00000|  0%| F|  |TAMS 0x00000000a3d00000, 0x00000000a3d00000| Untracked 
| 574|0x00000000a3e00000, 0x00000000a3e00000, 0x00000000a3f00000|  0%| F|  |TAMS 0x00000000a3e00000, 0x00000000a3e00000| Untracked 
| 575|0x00000000a3f00000, 0x00000000a3f00000, 0x00000000a4000000|  0%| F|  |TAMS 0x00000000a3f00000, 0x00000000a3f00000| Untracked 
| 576|0x00000000a4000000, 0x00000000a4000000, 0x00000000a4100000|  0%| F|  |TAMS 0x00000000a4000000, 0x00000000a4000000| Untracked 
| 577|0x00000000a4100000, 0x00000000a4100000, 0x00000000a4200000|  0%| F|  |TAMS 0x00000000a4100000, 0x00000000a4100000| Untracked 
| 578|0x00000000a4200000, 0x00000000a4200000, 0x00000000a4300000|  0%| F|  |TAMS 0x00000000a4200000, 0x00000000a4200000| Untracked 
| 579|0x00000000a4300000, 0x00000000a4300000, 0x00000000a4400000|  0%| F|  |TAMS 0x00000000a4300000, 0x00000000a4300000| Untracked 
| 580|0x00000000a4400000, 0x00000000a4400000, 0x00000000a4500000|  0%| F|  |TAMS 0x00000000a4400000, 0x00000000a4400000| Untracked 
| 581|0x00000000a4500000, 0x00000000a4500000, 0x00000000a4600000|  0%| F|  |TAMS 0x00000000a4500000, 0x00000000a4500000| Untracked 
| 582|0x00000000a4600000, 0x00000000a4600000, 0x00000000a4700000|  0%| F|  |TAMS 0x00000000a4600000, 0x00000000a4600000| Untracked 
| 583|0x00000000a4700000, 0x00000000a4700000, 0x00000000a4800000|  0%| F|  |TAMS 0x00000000a4700000, 0x00000000a4700000| Untracked 
| 584|0x00000000a4800000, 0x00000000a4800000, 0x00000000a4900000|  0%| F|  |TAMS 0x00000000a4800000, 0x00000000a4800000| Untracked 
| 585|0x00000000a4900000, 0x00000000a4900000, 0x00000000a4a00000|  0%| F|  |TAMS 0x00000000a4900000, 0x00000000a4900000| Untracked 
| 586|0x00000000a4a00000, 0x00000000a4a00000, 0x00000000a4b00000|  0%| F|  |TAMS 0x00000000a4a00000, 0x00000000a4a00000| Untracked 
| 587|0x00000000a4b00000, 0x00000000a4b00000, 0x00000000a4c00000|  0%| F|  |TAMS 0x00000000a4b00000, 0x00000000a4b00000| Untracked 
| 588|0x00000000a4c00000, 0x00000000a4c00000, 0x00000000a4d00000|  0%| F|  |TAMS 0x00000000a4c00000, 0x00000000a4c00000| Untracked 
| 589|0x00000000a4d00000, 0x00000000a4d00000, 0x00000000a4e00000|  0%| F|  |TAMS 0x00000000a4d00000, 0x00000000a4d00000| Untracked 
| 590|0x00000000a4e00000, 0x00000000a4e00000, 0x00000000a4f00000|  0%| F|  |TAMS 0x00000000a4e00000, 0x00000000a4e00000| Untracked 
| 591|0x00000000a4f00000, 0x00000000a4f00000, 0x00000000a5000000|  0%| F|  |TAMS 0x00000000a4f00000, 0x00000000a4f00000| Untracked 
| 592|0x00000000a5000000, 0x00000000a5000000, 0x00000000a5100000|  0%| F|  |TAMS 0x00000000a5000000, 0x00000000a5000000| Untracked 
| 593|0x00000000a5100000, 0x00000000a5100000, 0x00000000a5200000|  0%| F|  |TAMS 0x00000000a5100000, 0x00000000a5100000| Untracked 
| 594|0x00000000a5200000, 0x00000000a5200000, 0x00000000a5300000|  0%| F|  |TAMS 0x00000000a5200000, 0x00000000a5200000| Untracked 
| 595|0x00000000a5300000, 0x00000000a5300000, 0x00000000a5400000|  0%| F|  |TAMS 0x00000000a5300000, 0x00000000a5300000| Untracked 
| 596|0x00000000a5400000, 0x00000000a5400000, 0x00000000a5500000|  0%| F|  |TAMS 0x00000000a5400000, 0x00000000a5400000| Untracked 
| 597|0x00000000a5500000, 0x00000000a5500000, 0x00000000a5600000|  0%| F|  |TAMS 0x00000000a5500000, 0x00000000a5500000| Untracked 
| 598|0x00000000a5600000, 0x00000000a5600000, 0x00000000a5700000|  0%| F|  |TAMS 0x00000000a5600000, 0x00000000a5600000| Untracked 
| 599|0x00000000a5700000, 0x00000000a5700000, 0x00000000a5800000|  0%| F|  |TAMS 0x00000000a5700000, 0x00000000a5700000| Untracked 
| 600|0x00000000a5800000, 0x00000000a5800000, 0x00000000a5900000|  0%| F|  |TAMS 0x00000000a5800000, 0x00000000a5800000| Untracked 
| 601|0x00000000a5900000, 0x00000000a5900000, 0x00000000a5a00000|  0%| F|  |TAMS 0x00000000a5900000, 0x00000000a5900000| Untracked 
| 602|0x00000000a5a00000, 0x00000000a5a00000, 0x00000000a5b00000|  0%| F|  |TAMS 0x00000000a5a00000, 0x00000000a5a00000| Untracked 
| 603|0x00000000a5b00000, 0x00000000a5b00000, 0x00000000a5c00000|  0%| F|  |TAMS 0x00000000a5b00000, 0x00000000a5b00000| Untracked 
| 604|0x00000000a5c00000, 0x00000000a5c00000, 0x00000000a5d00000|  0%| F|  |TAMS 0x00000000a5c00000, 0x00000000a5c00000| Untracked 
| 605|0x00000000a5d00000, 0x00000000a5d00000, 0x00000000a5e00000|  0%| F|  |TAMS 0x00000000a5d00000, 0x00000000a5d00000| Untracked 
| 606|0x00000000a5e00000, 0x00000000a5e00000, 0x00000000a5f00000|  0%| F|  |TAMS 0x00000000a5e00000, 0x00000000a5e00000| Untracked 
| 607|0x00000000a5f00000, 0x00000000a5f00000, 0x00000000a6000000|  0%| F|  |TAMS 0x00000000a5f00000, 0x00000000a5f00000| Untracked 
| 608|0x00000000a6000000, 0x00000000a6000000, 0x00000000a6100000|  0%| F|  |TAMS 0x00000000a6000000, 0x00000000a6000000| Untracked 
| 609|0x00000000a6100000, 0x00000000a6100000, 0x00000000a6200000|  0%| F|  |TAMS 0x00000000a6100000, 0x00000000a6100000| Untracked 
| 610|0x00000000a6200000, 0x00000000a6200000, 0x00000000a6300000|  0%| F|  |TAMS 0x00000000a6200000, 0x00000000a6200000| Untracked 
| 611|0x00000000a6300000, 0x00000000a6300000, 0x00000000a6400000|  0%| F|  |TAMS 0x00000000a6300000, 0x00000000a6300000| Untracked 
| 612|0x00000000a6400000, 0x00000000a6400000, 0x00000000a6500000|  0%| F|  |TAMS 0x00000000a6400000, 0x00000000a6400000| Untracked 
| 613|0x00000000a6500000, 0x00000000a6500000, 0x00000000a6600000|  0%| F|  |TAMS 0x00000000a6500000, 0x00000000a6500000| Untracked 
| 614|0x00000000a6600000, 0x00000000a6600000, 0x00000000a6700000|  0%| F|  |TAMS 0x00000000a6600000, 0x00000000a6600000| Untracked 
| 615|0x00000000a6700000, 0x00000000a6700000, 0x00000000a6800000|  0%| F|  |TAMS 0x00000000a6700000, 0x00000000a6700000| Untracked 
| 616|0x00000000a6800000, 0x00000000a6800000, 0x00000000a6900000|  0%| F|  |TAMS 0x00000000a6800000, 0x00000000a6800000| Untracked 
| 617|0x00000000a6900000, 0x00000000a6900000, 0x00000000a6a00000|  0%| F|  |TAMS 0x00000000a6900000, 0x00000000a6900000| Untracked 
| 618|0x00000000a6a00000, 0x00000000a6a00000, 0x00000000a6b00000|  0%| F|  |TAMS 0x00000000a6a00000, 0x00000000a6a00000| Untracked 
| 619|0x00000000a6b00000, 0x00000000a6b00000, 0x00000000a6c00000|  0%| F|  |TAMS 0x00000000a6b00000, 0x00000000a6b00000| Untracked 
| 620|0x00000000a6c00000, 0x00000000a6c00000, 0x00000000a6d00000|  0%| F|  |TAMS 0x00000000a6c00000, 0x00000000a6c00000| Untracked 
| 621|0x00000000a6d00000, 0x00000000a6d00000, 0x00000000a6e00000|  0%| F|  |TAMS 0x00000000a6d00000, 0x00000000a6d00000| Untracked 
| 622|0x00000000a6e00000, 0x00000000a6e00000, 0x00000000a6f00000|  0%| F|  |TAMS 0x00000000a6e00000, 0x00000000a6e00000| Untracked 
| 623|0x00000000a6f00000, 0x00000000a6f00000, 0x00000000a7000000|  0%| F|  |TAMS 0x00000000a6f00000, 0x00000000a6f00000| Untracked 
| 624|0x00000000a7000000, 0x00000000a7000000, 0x00000000a7100000|  0%| F|  |TAMS 0x00000000a7000000, 0x00000000a7000000| Untracked 
| 625|0x00000000a7100000, 0x00000000a7100000, 0x00000000a7200000|  0%| F|  |TAMS 0x00000000a7100000, 0x00000000a7100000| Untracked 
| 626|0x00000000a7200000, 0x00000000a7200000, 0x00000000a7300000|  0%| F|  |TAMS 0x00000000a7200000, 0x00000000a7200000| Untracked 
| 627|0x00000000a7300000, 0x00000000a7300000, 0x00000000a7400000|  0%| F|  |TAMS 0x00000000a7300000, 0x00000000a7300000| Untracked 
| 628|0x00000000a7400000, 0x00000000a7400000, 0x00000000a7500000|  0%| F|  |TAMS 0x00000000a7400000, 0x00000000a7400000| Untracked 
| 629|0x00000000a7500000, 0x00000000a7500000, 0x00000000a7600000|  0%| F|  |TAMS 0x00000000a7500000, 0x00000000a7500000| Untracked 
| 630|0x00000000a7600000, 0x00000000a7600000, 0x00000000a7700000|  0%| F|  |TAMS 0x00000000a7600000, 0x00000000a7600000| Untracked 
| 631|0x00000000a7700000, 0x00000000a7700000, 0x00000000a7800000|  0%| F|  |TAMS 0x00000000a7700000, 0x00000000a7700000| Untracked 
| 632|0x00000000a7800000, 0x00000000a7800000, 0x00000000a7900000|  0%| F|  |TAMS 0x00000000a7800000, 0x00000000a7800000| Untracked 
| 633|0x00000000a7900000, 0x00000000a7900000, 0x00000000a7a00000|  0%| F|  |TAMS 0x00000000a7900000, 0x00000000a7900000| Untracked 
| 634|0x00000000a7a00000, 0x00000000a7a00000, 0x00000000a7b00000|  0%| F|  |TAMS 0x00000000a7a00000, 0x00000000a7a00000| Untracked 
| 635|0x00000000a7b00000, 0x00000000a7b00000, 0x00000000a7c00000|  0%| F|  |TAMS 0x00000000a7b00000, 0x00000000a7b00000| Untracked 
| 636|0x00000000a7c00000, 0x00000000a7c00000, 0x00000000a7d00000|  0%| F|  |TAMS 0x00000000a7c00000, 0x00000000a7c00000| Untracked 
| 637|0x00000000a7d00000, 0x00000000a7d00000, 0x00000000a7e00000|  0%| F|  |TAMS 0x00000000a7d00000, 0x00000000a7d00000| Untracked 
| 638|0x00000000a7e00000, 0x00000000a7e00000, 0x00000000a7f00000|  0%| F|  |TAMS 0x00000000a7e00000, 0x00000000a7e00000| Untracked 
| 639|0x00000000a7f00000, 0x00000000a7f00000, 0x00000000a8000000|  0%| F|  |TAMS 0x00000000a7f00000, 0x00000000a7f00000| Untracked 
| 640|0x00000000a8000000, 0x00000000a8000000, 0x00000000a8100000|  0%| F|  |TAMS 0x00000000a8000000, 0x00000000a8000000| Untracked 
| 641|0x00000000a8100000, 0x00000000a8100000, 0x00000000a8200000|  0%| F|  |TAMS 0x00000000a8100000, 0x00000000a8100000| Untracked 
| 642|0x00000000a8200000, 0x00000000a8200000, 0x00000000a8300000|  0%| F|  |TAMS 0x00000000a8200000, 0x00000000a8200000| Untracked 
| 643|0x00000000a8300000, 0x00000000a8300000, 0x00000000a8400000|  0%| F|  |TAMS 0x00000000a8300000, 0x00000000a8300000| Untracked 
| 644|0x00000000a8400000, 0x00000000a8400000, 0x00000000a8500000|  0%| F|  |TAMS 0x00000000a8400000, 0x00000000a8400000| Untracked 
| 645|0x00000000a8500000, 0x00000000a8500000, 0x00000000a8600000|  0%| F|  |TAMS 0x00000000a8500000, 0x00000000a8500000| Untracked 
| 646|0x00000000a8600000, 0x00000000a8600000, 0x00000000a8700000|  0%| F|  |TAMS 0x00000000a8600000, 0x00000000a8600000| Untracked 
| 647|0x00000000a8700000, 0x00000000a8700000, 0x00000000a8800000|  0%| F|  |TAMS 0x00000000a8700000, 0x00000000a8700000| Untracked 
| 648|0x00000000a8800000, 0x00000000a8800000, 0x00000000a8900000|  0%| F|  |TAMS 0x00000000a8800000, 0x00000000a8800000| Untracked 
| 649|0x00000000a8900000, 0x00000000a8900000, 0x00000000a8a00000|  0%| F|  |TAMS 0x00000000a8900000, 0x00000000a8900000| Untracked 
| 650|0x00000000a8a00000, 0x00000000a8a00000, 0x00000000a8b00000|  0%| F|  |TAMS 0x00000000a8a00000, 0x00000000a8a00000| Untracked 
| 651|0x00000000a8b00000, 0x00000000a8b00000, 0x00000000a8c00000|  0%| F|  |TAMS 0x00000000a8b00000, 0x00000000a8b00000| Untracked 
| 652|0x00000000a8c00000, 0x00000000a8c00000, 0x00000000a8d00000|  0%| F|  |TAMS 0x00000000a8c00000, 0x00000000a8c00000| Untracked 
| 653|0x00000000a8d00000, 0x00000000a8d00000, 0x00000000a8e00000|  0%| F|  |TAMS 0x00000000a8d00000, 0x00000000a8d00000| Untracked 
| 654|0x00000000a8e00000, 0x00000000a8e00000, 0x00000000a8f00000|  0%| F|  |TAMS 0x00000000a8e00000, 0x00000000a8e00000| Untracked 
| 655|0x00000000a8f00000, 0x00000000a8f00000, 0x00000000a9000000|  0%| F|  |TAMS 0x00000000a8f00000, 0x00000000a8f00000| Untracked 
| 656|0x00000000a9000000, 0x00000000a9000000, 0x00000000a9100000|  0%| F|  |TAMS 0x00000000a9000000, 0x00000000a9000000| Untracked 
| 657|0x00000000a9100000, 0x00000000a9100000, 0x00000000a9200000|  0%| F|  |TAMS 0x00000000a9100000, 0x00000000a9100000| Untracked 
| 658|0x00000000a9200000, 0x00000000a9200000, 0x00000000a9300000|  0%| F|  |TAMS 0x00000000a9200000, 0x00000000a9200000| Untracked 
| 659|0x00000000a9300000, 0x00000000a9300000, 0x00000000a9400000|  0%| F|  |TAMS 0x00000000a9300000, 0x00000000a9300000| Untracked 
| 660|0x00000000a9400000, 0x00000000a9400000, 0x00000000a9500000|  0%| F|  |TAMS 0x00000000a9400000, 0x00000000a9400000| Untracked 
| 661|0x00000000a9500000, 0x00000000a9500000, 0x00000000a9600000|  0%| F|  |TAMS 0x00000000a9500000, 0x00000000a9500000| Untracked 
| 662|0x00000000a9600000, 0x00000000a9600000, 0x00000000a9700000|  0%| F|  |TAMS 0x00000000a9600000, 0x00000000a9600000| Untracked 
| 663|0x00000000a9700000, 0x00000000a9700000, 0x00000000a9800000|  0%| F|  |TAMS 0x00000000a9700000, 0x00000000a9700000| Untracked 
| 664|0x00000000a9800000, 0x00000000a9800000, 0x00000000a9900000|  0%| F|  |TAMS 0x00000000a9800000, 0x00000000a9800000| Untracked 
| 665|0x00000000a9900000, 0x00000000a9900000, 0x00000000a9a00000|  0%| F|  |TAMS 0x00000000a9900000, 0x00000000a9900000| Untracked 
| 666|0x00000000a9a00000, 0x00000000a9a00000, 0x00000000a9b00000|  0%| F|  |TAMS 0x00000000a9a00000, 0x00000000a9a00000| Untracked 
| 667|0x00000000a9b00000, 0x00000000a9b00000, 0x00000000a9c00000|  0%| F|  |TAMS 0x00000000a9b00000, 0x00000000a9b00000| Untracked 
| 668|0x00000000a9c00000, 0x00000000a9c00000, 0x00000000a9d00000|  0%| F|  |TAMS 0x00000000a9c00000, 0x00000000a9c00000| Untracked 
| 669|0x00000000a9d00000, 0x00000000a9d00000, 0x00000000a9e00000|  0%| F|  |TAMS 0x00000000a9d00000, 0x00000000a9d00000| Untracked 
| 670|0x00000000a9e00000, 0x00000000a9e00000, 0x00000000a9f00000|  0%| F|  |TAMS 0x00000000a9e00000, 0x00000000a9e00000| Untracked 
| 671|0x00000000a9f00000, 0x00000000a9f00000, 0x00000000aa000000|  0%| F|  |TAMS 0x00000000a9f00000, 0x00000000a9f00000| Untracked 
| 672|0x00000000aa000000, 0x00000000aa000000, 0x00000000aa100000|  0%| F|  |TAMS 0x00000000aa000000, 0x00000000aa000000| Untracked 
| 673|0x00000000aa100000, 0x00000000aa100000, 0x00000000aa200000|  0%| F|  |TAMS 0x00000000aa100000, 0x00000000aa100000| Untracked 
| 674|0x00000000aa200000, 0x00000000aa200000, 0x00000000aa300000|  0%| F|  |TAMS 0x00000000aa200000, 0x00000000aa200000| Untracked 
| 675|0x00000000aa300000, 0x00000000aa300000, 0x00000000aa400000|  0%| F|  |TAMS 0x00000000aa300000, 0x00000000aa300000| Untracked 
| 676|0x00000000aa400000, 0x00000000aa400000, 0x00000000aa500000|  0%| F|  |TAMS 0x00000000aa400000, 0x00000000aa400000| Untracked 
| 677|0x00000000aa500000, 0x00000000aa500000, 0x00000000aa600000|  0%| F|  |TAMS 0x00000000aa500000, 0x00000000aa500000| Untracked 
| 678|0x00000000aa600000, 0x00000000aa600000, 0x00000000aa700000|  0%| F|  |TAMS 0x00000000aa600000, 0x00000000aa600000| Untracked 
| 679|0x00000000aa700000, 0x00000000aa700000, 0x00000000aa800000|  0%| F|  |TAMS 0x00000000aa700000, 0x00000000aa700000| Untracked 
| 680|0x00000000aa800000, 0x00000000aa800000, 0x00000000aa900000|  0%| F|  |TAMS 0x00000000aa800000, 0x00000000aa800000| Untracked 
| 681|0x00000000aa900000, 0x00000000aa900000, 0x00000000aaa00000|  0%| F|  |TAMS 0x00000000aa900000, 0x00000000aa900000| Untracked 
| 682|0x00000000aaa00000, 0x00000000aaa00000, 0x00000000aab00000|  0%| F|  |TAMS 0x00000000aaa00000, 0x00000000aaa00000| Untracked 
| 683|0x00000000aab00000, 0x00000000aab00000, 0x00000000aac00000|  0%| F|  |TAMS 0x00000000aab00000, 0x00000000aab00000| Untracked 
| 684|0x00000000aac00000, 0x00000000aac00000, 0x00000000aad00000|  0%| F|  |TAMS 0x00000000aac00000, 0x00000000aac00000| Untracked 
| 685|0x00000000aad00000, 0x00000000aad00000, 0x00000000aae00000|  0%| F|  |TAMS 0x00000000aad00000, 0x00000000aad00000| Untracked 
| 686|0x00000000aae00000, 0x00000000aae00000, 0x00000000aaf00000|  0%| F|  |TAMS 0x00000000aae00000, 0x00000000aae00000| Untracked 
| 687|0x00000000aaf00000, 0x00000000aaf00000, 0x00000000ab000000|  0%| F|  |TAMS 0x00000000aaf00000, 0x00000000aaf00000| Untracked 
| 688|0x00000000ab000000, 0x00000000ab000000, 0x00000000ab100000|  0%| F|  |TAMS 0x00000000ab000000, 0x00000000ab000000| Untracked 
| 689|0x00000000ab100000, 0x00000000ab100000, 0x00000000ab200000|  0%| F|  |TAMS 0x00000000ab100000, 0x00000000ab100000| Untracked 
| 690|0x00000000ab200000, 0x00000000ab200000, 0x00000000ab300000|  0%| F|  |TAMS 0x00000000ab200000, 0x00000000ab200000| Untracked 
| 691|0x00000000ab300000, 0x00000000ab300000, 0x00000000ab400000|  0%| F|  |TAMS 0x00000000ab300000, 0x00000000ab300000| Untracked 
| 692|0x00000000ab400000, 0x00000000ab400000, 0x00000000ab500000|  0%| F|  |TAMS 0x00000000ab400000, 0x00000000ab400000| Untracked 
| 693|0x00000000ab500000, 0x00000000ab500000, 0x00000000ab600000|  0%| F|  |TAMS 0x00000000ab500000, 0x00000000ab500000| Untracked 
| 694|0x00000000ab600000, 0x00000000ab600000, 0x00000000ab700000|  0%| F|  |TAMS 0x00000000ab600000, 0x00000000ab600000| Untracked 
| 695|0x00000000ab700000, 0x00000000ab700000, 0x00000000ab800000|  0%| F|  |TAMS 0x00000000ab700000, 0x00000000ab700000| Untracked 
| 696|0x00000000ab800000, 0x00000000ab800000, 0x00000000ab900000|  0%| F|  |TAMS 0x00000000ab800000, 0x00000000ab800000| Untracked 
| 697|0x00000000ab900000, 0x00000000ab900000, 0x00000000aba00000|  0%| F|  |TAMS 0x00000000ab900000, 0x00000000ab900000| Untracked 
| 698|0x00000000aba00000, 0x00000000aba00000, 0x00000000abb00000|  0%| F|  |TAMS 0x00000000aba00000, 0x00000000aba00000| Untracked 
| 699|0x00000000abb00000, 0x00000000abb00000, 0x00000000abc00000|  0%| F|  |TAMS 0x00000000abb00000, 0x00000000abb00000| Untracked 
| 700|0x00000000abc00000, 0x00000000abc00000, 0x00000000abd00000|  0%| F|  |TAMS 0x00000000abc00000, 0x00000000abc00000| Untracked 
| 701|0x00000000abd00000, 0x00000000abd00000, 0x00000000abe00000|  0%| F|  |TAMS 0x00000000abd00000, 0x00000000abd00000| Untracked 
| 702|0x00000000abe00000, 0x00000000abe00000, 0x00000000abf00000|  0%| F|  |TAMS 0x00000000abe00000, 0x00000000abe00000| Untracked 
| 703|0x00000000abf00000, 0x00000000abf00000, 0x00000000ac000000|  0%| F|  |TAMS 0x00000000abf00000, 0x00000000abf00000| Untracked 
| 704|0x00000000ac000000, 0x00000000ac000000, 0x00000000ac100000|  0%| F|  |TAMS 0x00000000ac000000, 0x00000000ac000000| Untracked 
| 705|0x00000000ac100000, 0x00000000ac100000, 0x00000000ac200000|  0%| F|  |TAMS 0x00000000ac100000, 0x00000000ac100000| Untracked 
| 706|0x00000000ac200000, 0x00000000ac200000, 0x00000000ac300000|  0%| F|  |TAMS 0x00000000ac200000, 0x00000000ac200000| Untracked 
| 707|0x00000000ac300000, 0x00000000ac300000, 0x00000000ac400000|  0%| F|  |TAMS 0x00000000ac300000, 0x00000000ac300000| Untracked 
| 708|0x00000000ac400000, 0x00000000ac400000, 0x00000000ac500000|  0%| F|  |TAMS 0x00000000ac400000, 0x00000000ac400000| Untracked 
| 709|0x00000000ac500000, 0x00000000ac500000, 0x00000000ac600000|  0%| F|  |TAMS 0x00000000ac500000, 0x00000000ac500000| Untracked 
| 710|0x00000000ac600000, 0x00000000ac600000, 0x00000000ac700000|  0%| F|  |TAMS 0x00000000ac600000, 0x00000000ac600000| Untracked 
| 711|0x00000000ac700000, 0x00000000ac700000, 0x00000000ac800000|  0%| F|  |TAMS 0x00000000ac700000, 0x00000000ac700000| Untracked 
| 712|0x00000000ac800000, 0x00000000ac800000, 0x00000000ac900000|  0%| F|  |TAMS 0x00000000ac800000, 0x00000000ac800000| Untracked 
| 713|0x00000000ac900000, 0x00000000ac900000, 0x00000000aca00000|  0%| F|  |TAMS 0x00000000ac900000, 0x00000000ac900000| Untracked 
| 714|0x00000000aca00000, 0x00000000aca00000, 0x00000000acb00000|  0%| F|  |TAMS 0x00000000aca00000, 0x00000000aca00000| Untracked 
| 715|0x00000000acb00000, 0x00000000acb00000, 0x00000000acc00000|  0%| F|  |TAMS 0x00000000acb00000, 0x00000000acb00000| Untracked 
| 716|0x00000000acc00000, 0x00000000acc00000, 0x00000000acd00000|  0%| F|  |TAMS 0x00000000acc00000, 0x00000000acc00000| Untracked 
| 717|0x00000000acd00000, 0x00000000acd00000, 0x00000000ace00000|  0%| F|  |TAMS 0x00000000acd00000, 0x00000000acd00000| Untracked 
| 718|0x00000000ace00000, 0x00000000ace00000, 0x00000000acf00000|  0%| F|  |TAMS 0x00000000ace00000, 0x00000000ace00000| Untracked 
| 719|0x00000000acf00000, 0x00000000acf00000, 0x00000000ad000000|  0%| F|  |TAMS 0x00000000acf00000, 0x00000000acf00000| Untracked 
| 720|0x00000000ad000000, 0x00000000ad000000, 0x00000000ad100000|  0%| F|  |TAMS 0x00000000ad000000, 0x00000000ad000000| Untracked 
| 721|0x00000000ad100000, 0x00000000ad100000, 0x00000000ad200000|  0%| F|  |TAMS 0x00000000ad100000, 0x00000000ad100000| Untracked 
| 722|0x00000000ad200000, 0x00000000ad200000, 0x00000000ad300000|  0%| F|  |TAMS 0x00000000ad200000, 0x00000000ad200000| Untracked 
| 723|0x00000000ad300000, 0x00000000ad300000, 0x00000000ad400000|  0%| F|  |TAMS 0x00000000ad300000, 0x00000000ad300000| Untracked 
| 724|0x00000000ad400000, 0x00000000ad400000, 0x00000000ad500000|  0%| F|  |TAMS 0x00000000ad400000, 0x00000000ad400000| Untracked 
| 725|0x00000000ad500000, 0x00000000ad500000, 0x00000000ad600000|  0%| F|  |TAMS 0x00000000ad500000, 0x00000000ad500000| Untracked 
| 726|0x00000000ad600000, 0x00000000ad600000, 0x00000000ad700000|  0%| F|  |TAMS 0x00000000ad600000, 0x00000000ad600000| Untracked 
| 727|0x00000000ad700000, 0x00000000ad700000, 0x00000000ad800000|  0%| F|  |TAMS 0x00000000ad700000, 0x00000000ad700000| Untracked 
| 728|0x00000000ad800000, 0x00000000ad800000, 0x00000000ad900000|  0%| F|  |TAMS 0x00000000ad800000, 0x00000000ad800000| Untracked 
| 729|0x00000000ad900000, 0x00000000ad900000, 0x00000000ada00000|  0%| F|  |TAMS 0x00000000ad900000, 0x00000000ad900000| Untracked 
| 730|0x00000000ada00000, 0x00000000ada00000, 0x00000000adb00000|  0%| F|  |TAMS 0x00000000ada00000, 0x00000000ada00000| Untracked 
| 731|0x00000000adb00000, 0x00000000adb00000, 0x00000000adc00000|  0%| F|  |TAMS 0x00000000adb00000, 0x00000000adb00000| Untracked 
| 732|0x00000000adc00000, 0x00000000adc00000, 0x00000000add00000|  0%| F|  |TAMS 0x00000000adc00000, 0x00000000adc00000| Untracked 
| 733|0x00000000add00000, 0x00000000add00000, 0x00000000ade00000|  0%| F|  |TAMS 0x00000000add00000, 0x00000000add00000| Untracked 
| 734|0x00000000ade00000, 0x00000000ade00000, 0x00000000adf00000|  0%| F|  |TAMS 0x00000000ade00000, 0x00000000ade00000| Untracked 
| 735|0x00000000adf00000, 0x00000000adf00000, 0x00000000ae000000|  0%| F|  |TAMS 0x00000000adf00000, 0x00000000adf00000| Untracked 
| 736|0x00000000ae000000, 0x00000000ae000000, 0x00000000ae100000|  0%| F|  |TAMS 0x00000000ae000000, 0x00000000ae000000| Untracked 
| 737|0x00000000ae100000, 0x00000000ae100000, 0x00000000ae200000|  0%| F|  |TAMS 0x00000000ae100000, 0x00000000ae100000| Untracked 
| 738|0x00000000ae200000, 0x00000000ae200000, 0x00000000ae300000|  0%| F|  |TAMS 0x00000000ae200000, 0x00000000ae200000| Untracked 
| 739|0x00000000ae300000, 0x00000000ae300000, 0x00000000ae400000|  0%| F|  |TAMS 0x00000000ae300000, 0x00000000ae300000| Untracked 
| 740|0x00000000ae400000, 0x00000000ae400000, 0x00000000ae500000|  0%| F|  |TAMS 0x00000000ae400000, 0x00000000ae400000| Untracked 
| 741|0x00000000ae500000, 0x00000000ae500000, 0x00000000ae600000|  0%| F|  |TAMS 0x00000000ae500000, 0x00000000ae500000| Untracked 
| 742|0x00000000ae600000, 0x00000000ae600000, 0x00000000ae700000|  0%| F|  |TAMS 0x00000000ae600000, 0x00000000ae600000| Untracked 
| 743|0x00000000ae700000, 0x00000000ae700000, 0x00000000ae800000|  0%| F|  |TAMS 0x00000000ae700000, 0x00000000ae700000| Untracked 
| 744|0x00000000ae800000, 0x00000000ae800000, 0x00000000ae900000|  0%| F|  |TAMS 0x00000000ae800000, 0x00000000ae800000| Untracked 
| 745|0x00000000ae900000, 0x00000000ae900000, 0x00000000aea00000|  0%| F|  |TAMS 0x00000000ae900000, 0x00000000ae900000| Untracked 
| 746|0x00000000aea00000, 0x00000000aea00000, 0x00000000aeb00000|  0%| F|  |TAMS 0x00000000aea00000, 0x00000000aea00000| Untracked 
| 747|0x00000000aeb00000, 0x00000000aeb00000, 0x00000000aec00000|  0%| F|  |TAMS 0x00000000aeb00000, 0x00000000aeb00000| Untracked 
| 748|0x00000000aec00000, 0x00000000aec00000, 0x00000000aed00000|  0%| F|  |TAMS 0x00000000aec00000, 0x00000000aec00000| Untracked 
| 749|0x00000000aed00000, 0x00000000aed00000, 0x00000000aee00000|  0%| F|  |TAMS 0x00000000aed00000, 0x00000000aed00000| Untracked 
| 750|0x00000000aee00000, 0x00000000aee00000, 0x00000000aef00000|  0%| F|  |TAMS 0x00000000aee00000, 0x00000000aee00000| Untracked 
| 751|0x00000000aef00000, 0x00000000aef00000, 0x00000000af000000|  0%| F|  |TAMS 0x00000000aef00000, 0x00000000aef00000| Untracked 
| 752|0x00000000af000000, 0x00000000af000000, 0x00000000af100000|  0%| F|  |TAMS 0x00000000af000000, 0x00000000af000000| Untracked 
| 753|0x00000000af100000, 0x00000000af100000, 0x00000000af200000|  0%| F|  |TAMS 0x00000000af100000, 0x00000000af100000| Untracked 
| 754|0x00000000af200000, 0x00000000af200000, 0x00000000af300000|  0%| F|  |TAMS 0x00000000af200000, 0x00000000af200000| Untracked 
| 755|0x00000000af300000, 0x00000000af300000, 0x00000000af400000|  0%| F|  |TAMS 0x00000000af300000, 0x00000000af300000| Untracked 
| 756|0x00000000af400000, 0x00000000af400000, 0x00000000af500000|  0%| F|  |TAMS 0x00000000af400000, 0x00000000af400000| Untracked 
| 757|0x00000000af500000, 0x00000000af500000, 0x00000000af600000|  0%| F|  |TAMS 0x00000000af500000, 0x00000000af500000| Untracked 
| 758|0x00000000af600000, 0x00000000af600000, 0x00000000af700000|  0%| F|  |TAMS 0x00000000af600000, 0x00000000af600000| Untracked 
| 759|0x00000000af700000, 0x00000000af700000, 0x00000000af800000|  0%| F|  |TAMS 0x00000000af700000, 0x00000000af700000| Untracked 
| 760|0x00000000af800000, 0x00000000af800000, 0x00000000af900000|  0%| F|  |TAMS 0x00000000af800000, 0x00000000af800000| Untracked 
| 761|0x00000000af900000, 0x00000000af900000, 0x00000000afa00000|  0%| F|  |TAMS 0x00000000af900000, 0x00000000af900000| Untracked 
| 762|0x00000000afa00000, 0x00000000afa00000, 0x00000000afb00000|  0%| F|  |TAMS 0x00000000afa00000, 0x00000000afa00000| Untracked 
| 763|0x00000000afb00000, 0x00000000afb00000, 0x00000000afc00000|  0%| F|  |TAMS 0x00000000afb00000, 0x00000000afb00000| Untracked 
| 764|0x00000000afc00000, 0x00000000afc00000, 0x00000000afd00000|  0%| F|  |TAMS 0x00000000afc00000, 0x00000000afc00000| Untracked 
| 765|0x00000000afd00000, 0x00000000afd00000, 0x00000000afe00000|  0%| F|  |TAMS 0x00000000afd00000, 0x00000000afd00000| Untracked 
| 766|0x00000000afe00000, 0x00000000afe00000, 0x00000000aff00000|  0%| F|  |TAMS 0x00000000afe00000, 0x00000000afe00000| Untracked 
| 767|0x00000000aff00000, 0x00000000aff00000, 0x00000000b0000000|  0%| F|  |TAMS 0x00000000aff00000, 0x00000000aff00000| Untracked 
| 768|0x00000000b0000000, 0x00000000b0000000, 0x00000000b0100000|  0%| F|  |TAMS 0x00000000b0000000, 0x00000000b0000000| Untracked 
| 769|0x00000000b0100000, 0x00000000b0100000, 0x00000000b0200000|  0%| F|  |TAMS 0x00000000b0100000, 0x00000000b0100000| Untracked 
| 770|0x00000000b0200000, 0x00000000b0200000, 0x00000000b0300000|  0%| F|  |TAMS 0x00000000b0200000, 0x00000000b0200000| Untracked 
| 771|0x00000000b0300000, 0x00000000b0300000, 0x00000000b0400000|  0%| F|  |TAMS 0x00000000b0300000, 0x00000000b0300000| Untracked 
| 772|0x00000000b0400000, 0x00000000b0400000, 0x00000000b0500000|  0%| F|  |TAMS 0x00000000b0400000, 0x00000000b0400000| Untracked 
| 773|0x00000000b0500000, 0x00000000b0500000, 0x00000000b0600000|  0%| F|  |TAMS 0x00000000b0500000, 0x00000000b0500000| Untracked 
| 774|0x00000000b0600000, 0x00000000b0600000, 0x00000000b0700000|  0%| F|  |TAMS 0x00000000b0600000, 0x00000000b0600000| Untracked 
| 775|0x00000000b0700000, 0x00000000b0700000, 0x00000000b0800000|  0%| F|  |TAMS 0x00000000b0700000, 0x00000000b0700000| Untracked 
| 776|0x00000000b0800000, 0x00000000b0800000, 0x00000000b0900000|  0%| F|  |TAMS 0x00000000b0800000, 0x00000000b0800000| Untracked 
| 777|0x00000000b0900000, 0x00000000b0900000, 0x00000000b0a00000|  0%| F|  |TAMS 0x00000000b0900000, 0x00000000b0900000| Untracked 
| 778|0x00000000b0a00000, 0x00000000b0a00000, 0x00000000b0b00000|  0%| F|  |TAMS 0x00000000b0a00000, 0x00000000b0a00000| Untracked 
| 779|0x00000000b0b00000, 0x00000000b0b00000, 0x00000000b0c00000|  0%| F|  |TAMS 0x00000000b0b00000, 0x00000000b0b00000| Untracked 
| 780|0x00000000b0c00000, 0x00000000b0c00000, 0x00000000b0d00000|  0%| F|  |TAMS 0x00000000b0c00000, 0x00000000b0c00000| Untracked 
| 781|0x00000000b0d00000, 0x00000000b0d00000, 0x00000000b0e00000|  0%| F|  |TAMS 0x00000000b0d00000, 0x00000000b0d00000| Untracked 
| 782|0x00000000b0e00000, 0x00000000b0e00000, 0x00000000b0f00000|  0%| F|  |TAMS 0x00000000b0e00000, 0x00000000b0e00000| Untracked 
| 783|0x00000000b0f00000, 0x00000000b0f00000, 0x00000000b1000000|  0%| F|  |TAMS 0x00000000b0f00000, 0x00000000b0f00000| Untracked 
| 784|0x00000000b1000000, 0x00000000b1000000, 0x00000000b1100000|  0%| F|  |TAMS 0x00000000b1000000, 0x00000000b1000000| Untracked 
| 785|0x00000000b1100000, 0x00000000b1100000, 0x00000000b1200000|  0%| F|  |TAMS 0x00000000b1100000, 0x00000000b1100000| Untracked 
| 786|0x00000000b1200000, 0x00000000b1200000, 0x00000000b1300000|  0%| F|  |TAMS 0x00000000b1200000, 0x00000000b1200000| Untracked 
| 787|0x00000000b1300000, 0x00000000b1300000, 0x00000000b1400000|  0%| F|  |TAMS 0x00000000b1300000, 0x00000000b1300000| Untracked 
| 788|0x00000000b1400000, 0x00000000b1400000, 0x00000000b1500000|  0%| F|  |TAMS 0x00000000b1400000, 0x00000000b1400000| Untracked 
| 789|0x00000000b1500000, 0x00000000b1500000, 0x00000000b1600000|  0%| F|  |TAMS 0x00000000b1500000, 0x00000000b1500000| Untracked 
| 790|0x00000000b1600000, 0x00000000b1600000, 0x00000000b1700000|  0%| F|  |TAMS 0x00000000b1600000, 0x00000000b1600000| Untracked 
| 791|0x00000000b1700000, 0x00000000b1700000, 0x00000000b1800000|  0%| F|  |TAMS 0x00000000b1700000, 0x00000000b1700000| Untracked 
| 792|0x00000000b1800000, 0x00000000b1800000, 0x00000000b1900000|  0%| F|  |TAMS 0x00000000b1800000, 0x00000000b1800000| Untracked 
| 793|0x00000000b1900000, 0x00000000b1900000, 0x00000000b1a00000|  0%| F|  |TAMS 0x00000000b1900000, 0x00000000b1900000| Untracked 
| 794|0x00000000b1a00000, 0x00000000b1a00000, 0x00000000b1b00000|  0%| F|  |TAMS 0x00000000b1a00000, 0x00000000b1a00000| Untracked 
| 795|0x00000000b1b00000, 0x00000000b1b00000, 0x00000000b1c00000|  0%| F|  |TAMS 0x00000000b1b00000, 0x00000000b1b00000| Untracked 
| 796|0x00000000b1c00000, 0x00000000b1c00000, 0x00000000b1d00000|  0%| F|  |TAMS 0x00000000b1c00000, 0x00000000b1c00000| Untracked 
| 797|0x00000000b1d00000, 0x00000000b1d00000, 0x00000000b1e00000|  0%| F|  |TAMS 0x00000000b1d00000, 0x00000000b1d00000| Untracked 
| 798|0x00000000b1e00000, 0x00000000b1f00000, 0x00000000b1f00000|100%| O|  |TAMS 0x00000000b1f00000, 0x00000000b1f00000| Untracked 
| 799|0x00000000b1f00000, 0x00000000b1f00000, 0x00000000b2000000|  0%| F|  |TAMS 0x00000000b1f00000, 0x00000000b1f00000| Untracked 
| 800|0x00000000b2000000, 0x00000000b2000000, 0x00000000b2100000|  0%| F|  |TAMS 0x00000000b2000000, 0x00000000b2000000| Untracked 
| 801|0x00000000b2100000, 0x00000000b2100000, 0x00000000b2200000|  0%| F|  |TAMS 0x00000000b2100000, 0x00000000b2100000| Untracked 
| 802|0x00000000b2200000, 0x00000000b2200000, 0x00000000b2300000|  0%| F|  |TAMS 0x00000000b2200000, 0x00000000b2200000| Untracked 
| 803|0x00000000b2300000, 0x00000000b2300000, 0x00000000b2400000|  0%| F|  |TAMS 0x00000000b2300000, 0x00000000b2300000| Untracked 
| 804|0x00000000b2400000, 0x00000000b2400000, 0x00000000b2500000|  0%| F|  |TAMS 0x00000000b2400000, 0x00000000b2400000| Untracked 
| 805|0x00000000b2500000, 0x00000000b2500000, 0x00000000b2600000|  0%| F|  |TAMS 0x00000000b2500000, 0x00000000b2500000| Untracked 
| 806|0x00000000b2600000, 0x00000000b2600000, 0x00000000b2700000|  0%| F|  |TAMS 0x00000000b2600000, 0x00000000b2600000| Untracked 
| 807|0x00000000b2700000, 0x00000000b2700000, 0x00000000b2800000|  0%| F|  |TAMS 0x00000000b2700000, 0x00000000b2700000| Untracked 
| 808|0x00000000b2800000, 0x00000000b2800000, 0x00000000b2900000|  0%| F|  |TAMS 0x00000000b2800000, 0x00000000b2800000| Untracked 
| 809|0x00000000b2900000, 0x00000000b2900000, 0x00000000b2a00000|  0%| F|  |TAMS 0x00000000b2900000, 0x00000000b2900000| Untracked 
| 810|0x00000000b2a00000, 0x00000000b2a00000, 0x00000000b2b00000|  0%| F|  |TAMS 0x00000000b2a00000, 0x00000000b2a00000| Untracked 
| 811|0x00000000b2b00000, 0x00000000b2b00000, 0x00000000b2c00000|  0%| F|  |TAMS 0x00000000b2b00000, 0x00000000b2b00000| Untracked 
| 812|0x00000000b2c00000, 0x00000000b2c00000, 0x00000000b2d00000|  0%| F|  |TAMS 0x00000000b2c00000, 0x00000000b2c00000| Untracked 
| 813|0x00000000b2d00000, 0x00000000b2d00000, 0x00000000b2e00000|  0%| F|  |TAMS 0x00000000b2d00000, 0x00000000b2d00000| Untracked 
| 814|0x00000000b2e00000, 0x00000000b2e00000, 0x00000000b2f00000|  0%| F|  |TAMS 0x00000000b2e00000, 0x00000000b2e00000| Untracked 
| 815|0x00000000b2f00000, 0x00000000b2f00000, 0x00000000b3000000|  0%| F|  |TAMS 0x00000000b2f00000, 0x00000000b2f00000| Untracked 
| 816|0x00000000b3000000, 0x00000000b3000000, 0x00000000b3100000|  0%| F|  |TAMS 0x00000000b3000000, 0x00000000b3000000| Untracked 
| 817|0x00000000b3100000, 0x00000000b3100000, 0x00000000b3200000|  0%| F|  |TAMS 0x00000000b3100000, 0x00000000b3100000| Untracked 
| 818|0x00000000b3200000, 0x00000000b3200000, 0x00000000b3300000|  0%| F|  |TAMS 0x00000000b3200000, 0x00000000b3200000| Untracked 
| 819|0x00000000b3300000, 0x00000000b3300000, 0x00000000b3400000|  0%| F|  |TAMS 0x00000000b3300000, 0x00000000b3300000| Untracked 
| 820|0x00000000b3400000, 0x00000000b3400000, 0x00000000b3500000|  0%| F|  |TAMS 0x00000000b3400000, 0x00000000b3400000| Untracked 
| 821|0x00000000b3500000, 0x00000000b3500000, 0x00000000b3600000|  0%| F|  |TAMS 0x00000000b3500000, 0x00000000b3500000| Untracked 
| 822|0x00000000b3600000, 0x00000000b3600000, 0x00000000b3700000|  0%| F|  |TAMS 0x00000000b3600000, 0x00000000b3600000| Untracked 
| 823|0x00000000b3700000, 0x00000000b3700000, 0x00000000b3800000|  0%| F|  |TAMS 0x00000000b3700000, 0x00000000b3700000| Untracked 
| 824|0x00000000b3800000, 0x00000000b3800000, 0x00000000b3900000|  0%| F|  |TAMS 0x00000000b3800000, 0x00000000b3800000| Untracked 
| 825|0x00000000b3900000, 0x00000000b3900000, 0x00000000b3a00000|  0%| F|  |TAMS 0x00000000b3900000, 0x00000000b3900000| Untracked 
| 826|0x00000000b3a00000, 0x00000000b3a00000, 0x00000000b3b00000|  0%| F|  |TAMS 0x00000000b3a00000, 0x00000000b3a00000| Untracked 
| 827|0x00000000b3b00000, 0x00000000b3b00000, 0x00000000b3c00000|  0%| F|  |TAMS 0x00000000b3b00000, 0x00000000b3b00000| Untracked 
| 828|0x00000000b3c00000, 0x00000000b3c00000, 0x00000000b3d00000|  0%| F|  |TAMS 0x00000000b3c00000, 0x00000000b3c00000| Untracked 
| 829|0x00000000b3d00000, 0x00000000b3d00000, 0x00000000b3e00000|  0%| F|  |TAMS 0x00000000b3d00000, 0x00000000b3d00000| Untracked 
| 830|0x00000000b3e00000, 0x00000000b3e00000, 0x00000000b3f00000|  0%| F|  |TAMS 0x00000000b3e00000, 0x00000000b3e00000| Untracked 
| 831|0x00000000b3f00000, 0x00000000b3f00000, 0x00000000b4000000|  0%| F|  |TAMS 0x00000000b3f00000, 0x00000000b3f00000| Untracked 
| 832|0x00000000b4000000, 0x00000000b4000000, 0x00000000b4100000|  0%| F|  |TAMS 0x00000000b4000000, 0x00000000b4000000| Untracked 
| 833|0x00000000b4100000, 0x00000000b4100000, 0x00000000b4200000|  0%| F|  |TAMS 0x00000000b4100000, 0x00000000b4100000| Untracked 
| 834|0x00000000b4200000, 0x00000000b4200000, 0x00000000b4300000|  0%| F|  |TAMS 0x00000000b4200000, 0x00000000b4200000| Untracked 
| 835|0x00000000b4300000, 0x00000000b4300000, 0x00000000b4400000|  0%| F|  |TAMS 0x00000000b4300000, 0x00000000b4300000| Untracked 
| 836|0x00000000b4400000, 0x00000000b4400000, 0x00000000b4500000|  0%| F|  |TAMS 0x00000000b4400000, 0x00000000b4400000| Untracked 
| 837|0x00000000b4500000, 0x00000000b4500000, 0x00000000b4600000|  0%| F|  |TAMS 0x00000000b4500000, 0x00000000b4500000| Untracked 
| 838|0x00000000b4600000, 0x00000000b4600000, 0x00000000b4700000|  0%| F|  |TAMS 0x00000000b4600000, 0x00000000b4600000| Untracked 
| 839|0x00000000b4700000, 0x00000000b4700000, 0x00000000b4800000|  0%| F|  |TAMS 0x00000000b4700000, 0x00000000b4700000| Untracked 
| 840|0x00000000b4800000, 0x00000000b4800000, 0x00000000b4900000|  0%| F|  |TAMS 0x00000000b4800000, 0x00000000b4800000| Untracked 
| 841|0x00000000b4900000, 0x00000000b4900000, 0x00000000b4a00000|  0%| F|  |TAMS 0x00000000b4900000, 0x00000000b4900000| Untracked 
| 842|0x00000000b4a00000, 0x00000000b4a00000, 0x00000000b4b00000|  0%| F|  |TAMS 0x00000000b4a00000, 0x00000000b4a00000| Untracked 
| 843|0x00000000b4b00000, 0x00000000b4b00000, 0x00000000b4c00000|  0%| F|  |TAMS 0x00000000b4b00000, 0x00000000b4b00000| Untracked 
| 844|0x00000000b4c00000, 0x00000000b4c00000, 0x00000000b4d00000|  0%| F|  |TAMS 0x00000000b4c00000, 0x00000000b4c00000| Untracked 
| 845|0x00000000b4d00000, 0x00000000b4d00000, 0x00000000b4e00000|  0%| F|  |TAMS 0x00000000b4d00000, 0x00000000b4d00000| Untracked 
| 846|0x00000000b4e00000, 0x00000000b4e00000, 0x00000000b4f00000|  0%| F|  |TAMS 0x00000000b4e00000, 0x00000000b4e00000| Untracked 
| 847|0x00000000b4f00000, 0x00000000b4f00000, 0x00000000b5000000|  0%| F|  |TAMS 0x00000000b4f00000, 0x00000000b4f00000| Untracked 
| 848|0x00000000b5000000, 0x00000000b5000000, 0x00000000b5100000|  0%| F|  |TAMS 0x00000000b5000000, 0x00000000b5000000| Untracked 
| 849|0x00000000b5100000, 0x00000000b5100000, 0x00000000b5200000|  0%| F|  |TAMS 0x00000000b5100000, 0x00000000b5100000| Untracked 
| 850|0x00000000b5200000, 0x00000000b5200000, 0x00000000b5300000|  0%| F|  |TAMS 0x00000000b5200000, 0x00000000b5200000| Untracked 
| 851|0x00000000b5300000, 0x00000000b5300000, 0x00000000b5400000|  0%| F|  |TAMS 0x00000000b5300000, 0x00000000b5300000| Untracked 
| 852|0x00000000b5400000, 0x00000000b5400000, 0x00000000b5500000|  0%| F|  |TAMS 0x00000000b5400000, 0x00000000b5400000| Untracked 
| 853|0x00000000b5500000, 0x00000000b5500000, 0x00000000b5600000|  0%| F|  |TAMS 0x00000000b5500000, 0x00000000b5500000| Untracked 
| 854|0x00000000b5600000, 0x00000000b5600000, 0x00000000b5700000|  0%| F|  |TAMS 0x00000000b5600000, 0x00000000b5600000| Untracked 
| 855|0x00000000b5700000, 0x00000000b5700000, 0x00000000b5800000|  0%| F|  |TAMS 0x00000000b5700000, 0x00000000b5700000| Untracked 
| 856|0x00000000b5800000, 0x00000000b5800000, 0x00000000b5900000|  0%| F|  |TAMS 0x00000000b5800000, 0x00000000b5800000| Untracked 
| 857|0x00000000b5900000, 0x00000000b5900000, 0x00000000b5a00000|  0%| F|  |TAMS 0x00000000b5900000, 0x00000000b5900000| Untracked 
| 858|0x00000000b5a00000, 0x00000000b5a00000, 0x00000000b5b00000|  0%| F|  |TAMS 0x00000000b5a00000, 0x00000000b5a00000| Untracked 
| 859|0x00000000b5b00000, 0x00000000b5b00000, 0x00000000b5c00000|  0%| F|  |TAMS 0x00000000b5b00000, 0x00000000b5b00000| Untracked 
| 860|0x00000000b5c00000, 0x00000000b5c00000, 0x00000000b5d00000|  0%| F|  |TAMS 0x00000000b5c00000, 0x00000000b5c00000| Untracked 
| 861|0x00000000b5d00000, 0x00000000b5d00000, 0x00000000b5e00000|  0%| F|  |TAMS 0x00000000b5d00000, 0x00000000b5d00000| Untracked 
| 862|0x00000000b5e00000, 0x00000000b5e00000, 0x00000000b5f00000|  0%| F|  |TAMS 0x00000000b5e00000, 0x00000000b5e00000| Untracked 
| 863|0x00000000b5f00000, 0x00000000b5f00000, 0x00000000b6000000|  0%| F|  |TAMS 0x00000000b5f00000, 0x00000000b5f00000| Untracked 
| 864|0x00000000b6000000, 0x00000000b6000000, 0x00000000b6100000|  0%| F|  |TAMS 0x00000000b6000000, 0x00000000b6000000| Untracked 
| 865|0x00000000b6100000, 0x00000000b6100000, 0x00000000b6200000|  0%| F|  |TAMS 0x00000000b6100000, 0x00000000b6100000| Untracked 
| 866|0x00000000b6200000, 0x00000000b6200000, 0x00000000b6300000|  0%| F|  |TAMS 0x00000000b6200000, 0x00000000b6200000| Untracked 
| 867|0x00000000b6300000, 0x00000000b6300000, 0x00000000b6400000|  0%| F|  |TAMS 0x00000000b6300000, 0x00000000b6300000| Untracked 
| 868|0x00000000b6400000, 0x00000000b6400000, 0x00000000b6500000|  0%| F|  |TAMS 0x00000000b6400000, 0x00000000b6400000| Untracked 
| 869|0x00000000b6500000, 0x00000000b6500000, 0x00000000b6600000|  0%| F|  |TAMS 0x00000000b6500000, 0x00000000b6500000| Untracked 
| 870|0x00000000b6600000, 0x00000000b6600000, 0x00000000b6700000|  0%| F|  |TAMS 0x00000000b6600000, 0x00000000b6600000| Untracked 
| 871|0x00000000b6700000, 0x00000000b6700000, 0x00000000b6800000|  0%| F|  |TAMS 0x00000000b6700000, 0x00000000b6700000| Untracked 
| 872|0x00000000b6800000, 0x00000000b6800000, 0x00000000b6900000|  0%| F|  |TAMS 0x00000000b6800000, 0x00000000b6800000| Untracked 
| 873|0x00000000b6900000, 0x00000000b6900000, 0x00000000b6a00000|  0%| F|  |TAMS 0x00000000b6900000, 0x00000000b6900000| Untracked 
| 874|0x00000000b6a00000, 0x00000000b6a00000, 0x00000000b6b00000|  0%| F|  |TAMS 0x00000000b6a00000, 0x00000000b6a00000| Untracked 
| 875|0x00000000b6b00000, 0x00000000b6b00000, 0x00000000b6c00000|  0%| F|  |TAMS 0x00000000b6b00000, 0x00000000b6b00000| Untracked 
| 876|0x00000000b6c00000, 0x00000000b6c00000, 0x00000000b6d00000|  0%| F|  |TAMS 0x00000000b6c00000, 0x00000000b6c00000| Untracked 
| 877|0x00000000b6d00000, 0x00000000b6d00000, 0x00000000b6e00000|  0%| F|  |TAMS 0x00000000b6d00000, 0x00000000b6d00000| Untracked 
| 878|0x00000000b6e00000, 0x00000000b6e00000, 0x00000000b6f00000|  0%| F|  |TAMS 0x00000000b6e00000, 0x00000000b6e00000| Untracked 
| 879|0x00000000b6f00000, 0x00000000b6f00000, 0x00000000b7000000|  0%| F|  |TAMS 0x00000000b6f00000, 0x00000000b6f00000| Untracked 
| 880|0x00000000b7000000, 0x00000000b7000000, 0x00000000b7100000|  0%| F|  |TAMS 0x00000000b7000000, 0x00000000b7000000| Untracked 
| 881|0x00000000b7100000, 0x00000000b7100000, 0x00000000b7200000|  0%| F|  |TAMS 0x00000000b7100000, 0x00000000b7100000| Untracked 
| 882|0x00000000b7200000, 0x00000000b7200000, 0x00000000b7300000|  0%| F|  |TAMS 0x00000000b7200000, 0x00000000b7200000| Untracked 
| 883|0x00000000b7300000, 0x00000000b7300000, 0x00000000b7400000|  0%| F|  |TAMS 0x00000000b7300000, 0x00000000b7300000| Untracked 
| 884|0x00000000b7400000, 0x00000000b7400000, 0x00000000b7500000|  0%| F|  |TAMS 0x00000000b7400000, 0x00000000b7400000| Untracked 
| 885|0x00000000b7500000, 0x00000000b7500000, 0x00000000b7600000|  0%| F|  |TAMS 0x00000000b7500000, 0x00000000b7500000| Untracked 
| 886|0x00000000b7600000, 0x00000000b7600000, 0x00000000b7700000|  0%| F|  |TAMS 0x00000000b7600000, 0x00000000b7600000| Untracked 
| 887|0x00000000b7700000, 0x00000000b7700000, 0x00000000b7800000|  0%| F|  |TAMS 0x00000000b7700000, 0x00000000b7700000| Untracked 
| 888|0x00000000b7800000, 0x00000000b7800000, 0x00000000b7900000|  0%| F|  |TAMS 0x00000000b7800000, 0x00000000b7800000| Untracked 
| 889|0x00000000b7900000, 0x00000000b7900000, 0x00000000b7a00000|  0%| F|  |TAMS 0x00000000b7900000, 0x00000000b7900000| Untracked 
| 890|0x00000000b7a00000, 0x00000000b7a00000, 0x00000000b7b00000|  0%| F|  |TAMS 0x00000000b7a00000, 0x00000000b7a00000| Untracked 
| 891|0x00000000b7b00000, 0x00000000b7b00000, 0x00000000b7c00000|  0%| F|  |TAMS 0x00000000b7b00000, 0x00000000b7b00000| Untracked 
| 892|0x00000000b7c00000, 0x00000000b7c00000, 0x00000000b7d00000|  0%| F|  |TAMS 0x00000000b7c00000, 0x00000000b7c00000| Untracked 
| 893|0x00000000b7d00000, 0x00000000b7d00000, 0x00000000b7e00000|  0%| F|  |TAMS 0x00000000b7d00000, 0x00000000b7d00000| Untracked 
| 894|0x00000000b7e00000, 0x00000000b7e00000, 0x00000000b7f00000|  0%| F|  |TAMS 0x00000000b7e00000, 0x00000000b7e00000| Untracked 
| 895|0x00000000b7f00000, 0x00000000b7f00000, 0x00000000b8000000|  0%| F|  |TAMS 0x00000000b7f00000, 0x00000000b7f00000| Untracked 
| 896|0x00000000b8000000, 0x00000000b8000000, 0x00000000b8100000|  0%| F|  |TAMS 0x00000000b8000000, 0x00000000b8000000| Untracked 
| 897|0x00000000b8100000, 0x00000000b8100000, 0x00000000b8200000|  0%| F|  |TAMS 0x00000000b8100000, 0x00000000b8100000| Untracked 
| 898|0x00000000b8200000, 0x00000000b8200000, 0x00000000b8300000|  0%| F|  |TAMS 0x00000000b8200000, 0x00000000b8200000| Untracked 
| 899|0x00000000b8300000, 0x00000000b8300000, 0x00000000b8400000|  0%| F|  |TAMS 0x00000000b8300000, 0x00000000b8300000| Untracked 
| 900|0x00000000b8400000, 0x00000000b8400000, 0x00000000b8500000|  0%| F|  |TAMS 0x00000000b8400000, 0x00000000b8400000| Untracked 
| 901|0x00000000b8500000, 0x00000000b8500000, 0x00000000b8600000|  0%| F|  |TAMS 0x00000000b8500000, 0x00000000b8500000| Untracked 
| 902|0x00000000b8600000, 0x00000000b8600000, 0x00000000b8700000|  0%| F|  |TAMS 0x00000000b8600000, 0x00000000b8600000| Untracked 
| 903|0x00000000b8700000, 0x00000000b8700000, 0x00000000b8800000|  0%| F|  |TAMS 0x00000000b8700000, 0x00000000b8700000| Untracked 
| 904|0x00000000b8800000, 0x00000000b8800000, 0x00000000b8900000|  0%| F|  |TAMS 0x00000000b8800000, 0x00000000b8800000| Untracked 
| 905|0x00000000b8900000, 0x00000000b8900000, 0x00000000b8a00000|  0%| F|  |TAMS 0x00000000b8900000, 0x00000000b8900000| Untracked 
| 906|0x00000000b8a00000, 0x00000000b8a00000, 0x00000000b8b00000|  0%| F|  |TAMS 0x00000000b8a00000, 0x00000000b8a00000| Untracked 
| 907|0x00000000b8b00000, 0x00000000b8b00000, 0x00000000b8c00000|  0%| F|  |TAMS 0x00000000b8b00000, 0x00000000b8b00000| Untracked 
| 908|0x00000000b8c00000, 0x00000000b8c00000, 0x00000000b8d00000|  0%| F|  |TAMS 0x00000000b8c00000, 0x00000000b8c00000| Untracked 
| 909|0x00000000b8d00000, 0x00000000b8d00000, 0x00000000b8e00000|  0%| F|  |TAMS 0x00000000b8d00000, 0x00000000b8d00000| Untracked 
| 910|0x00000000b8e00000, 0x00000000b8e00000, 0x00000000b8f00000|  0%| F|  |TAMS 0x00000000b8e00000, 0x00000000b8e00000| Untracked 
| 911|0x00000000b8f00000, 0x00000000b8f00000, 0x00000000b9000000|  0%| F|  |TAMS 0x00000000b8f00000, 0x00000000b8f00000| Untracked 
| 912|0x00000000b9000000, 0x00000000b9000000, 0x00000000b9100000|  0%| F|  |TAMS 0x00000000b9000000, 0x00000000b9000000| Untracked 
| 913|0x00000000b9100000, 0x00000000b9100000, 0x00000000b9200000|  0%| F|  |TAMS 0x00000000b9100000, 0x00000000b9100000| Untracked 
| 914|0x00000000b9200000, 0x00000000b9200000, 0x00000000b9300000|  0%| F|  |TAMS 0x00000000b9200000, 0x00000000b9200000| Untracked 
| 915|0x00000000b9300000, 0x00000000b9300000, 0x00000000b9400000|  0%| F|  |TAMS 0x00000000b9300000, 0x00000000b9300000| Untracked 
| 916|0x00000000b9400000, 0x00000000b9400000, 0x00000000b9500000|  0%| F|  |TAMS 0x00000000b9400000, 0x00000000b9400000| Untracked 
| 917|0x00000000b9500000, 0x00000000b9500000, 0x00000000b9600000|  0%| F|  |TAMS 0x00000000b9500000, 0x00000000b9500000| Untracked 
| 918|0x00000000b9600000, 0x00000000b9600000, 0x00000000b9700000|  0%| F|  |TAMS 0x00000000b9600000, 0x00000000b9600000| Untracked 
| 919|0x00000000b9700000, 0x00000000b9700000, 0x00000000b9800000|  0%| F|  |TAMS 0x00000000b9700000, 0x00000000b9700000| Untracked 
| 920|0x00000000b9800000, 0x00000000b9800000, 0x00000000b9900000|  0%| F|  |TAMS 0x00000000b9800000, 0x00000000b9800000| Untracked 
| 921|0x00000000b9900000, 0x00000000b9900000, 0x00000000b9a00000|  0%| F|  |TAMS 0x00000000b9900000, 0x00000000b9900000| Untracked 
| 922|0x00000000b9a00000, 0x00000000b9a00000, 0x00000000b9b00000|  0%| F|  |TAMS 0x00000000b9a00000, 0x00000000b9a00000| Untracked 
| 923|0x00000000b9b00000, 0x00000000b9b00000, 0x00000000b9c00000|  0%| F|  |TAMS 0x00000000b9b00000, 0x00000000b9b00000| Untracked 
| 924|0x00000000b9c00000, 0x00000000b9c00000, 0x00000000b9d00000|  0%| F|  |TAMS 0x00000000b9c00000, 0x00000000b9c00000| Untracked 
| 925|0x00000000b9d00000, 0x00000000b9d00000, 0x00000000b9e00000|  0%| F|  |TAMS 0x00000000b9d00000, 0x00000000b9d00000| Untracked 
| 926|0x00000000b9e00000, 0x00000000b9e00000, 0x00000000b9f00000|  0%| F|  |TAMS 0x00000000b9e00000, 0x00000000b9e00000| Untracked 
| 927|0x00000000b9f00000, 0x00000000b9f00000, 0x00000000ba000000|  0%| F|  |TAMS 0x00000000b9f00000, 0x00000000b9f00000| Untracked 
| 928|0x00000000ba000000, 0x00000000ba000000, 0x00000000ba100000|  0%| F|  |TAMS 0x00000000ba000000, 0x00000000ba000000| Untracked 
| 929|0x00000000ba100000, 0x00000000ba100000, 0x00000000ba200000|  0%| F|  |TAMS 0x00000000ba100000, 0x00000000ba100000| Untracked 
| 930|0x00000000ba200000, 0x00000000ba200000, 0x00000000ba300000|  0%| F|  |TAMS 0x00000000ba200000, 0x00000000ba200000| Untracked 
| 931|0x00000000ba300000, 0x00000000ba300000, 0x00000000ba400000|  0%| F|  |TAMS 0x00000000ba300000, 0x00000000ba300000| Untracked 
| 932|0x00000000ba400000, 0x00000000ba400000, 0x00000000ba500000|  0%| F|  |TAMS 0x00000000ba400000, 0x00000000ba400000| Untracked 
| 933|0x00000000ba500000, 0x00000000ba500000, 0x00000000ba600000|  0%| F|  |TAMS 0x00000000ba500000, 0x00000000ba500000| Untracked 
| 934|0x00000000ba600000, 0x00000000ba600000, 0x00000000ba700000|  0%| F|  |TAMS 0x00000000ba600000, 0x00000000ba600000| Untracked 
| 935|0x00000000ba700000, 0x00000000ba700000, 0x00000000ba800000|  0%| F|  |TAMS 0x00000000ba700000, 0x00000000ba700000| Untracked 
| 936|0x00000000ba800000, 0x00000000ba800000, 0x00000000ba900000|  0%| F|  |TAMS 0x00000000ba800000, 0x00000000ba800000| Untracked 
| 937|0x00000000ba900000, 0x00000000ba900000, 0x00000000baa00000|  0%| F|  |TAMS 0x00000000ba900000, 0x00000000ba900000| Untracked 
| 938|0x00000000baa00000, 0x00000000baa00000, 0x00000000bab00000|  0%| F|  |TAMS 0x00000000baa00000, 0x00000000baa00000| Untracked 
| 939|0x00000000bab00000, 0x00000000bab00000, 0x00000000bac00000|  0%| F|  |TAMS 0x00000000bab00000, 0x00000000bab00000| Untracked 
| 940|0x00000000bac00000, 0x00000000bac00000, 0x00000000bad00000|  0%| F|  |TAMS 0x00000000bac00000, 0x00000000bac00000| Untracked 
| 941|0x00000000bad00000, 0x00000000bad00000, 0x00000000bae00000|  0%| F|  |TAMS 0x00000000bad00000, 0x00000000bad00000| Untracked 
| 942|0x00000000bae00000, 0x00000000bae00000, 0x00000000baf00000|  0%| F|  |TAMS 0x00000000bae00000, 0x00000000bae00000| Untracked 
| 943|0x00000000baf00000, 0x00000000baf00000, 0x00000000bb000000|  0%| F|  |TAMS 0x00000000baf00000, 0x00000000baf00000| Untracked 
| 944|0x00000000bb000000, 0x00000000bb000000, 0x00000000bb100000|  0%| F|  |TAMS 0x00000000bb000000, 0x00000000bb000000| Untracked 
| 945|0x00000000bb100000, 0x00000000bb100000, 0x00000000bb200000|  0%| F|  |TAMS 0x00000000bb100000, 0x00000000bb100000| Untracked 
| 946|0x00000000bb200000, 0x00000000bb200000, 0x00000000bb300000|  0%| F|  |TAMS 0x00000000bb200000, 0x00000000bb200000| Untracked 
| 947|0x00000000bb300000, 0x00000000bb300000, 0x00000000bb400000|  0%| F|  |TAMS 0x00000000bb300000, 0x00000000bb300000| Untracked 
| 948|0x00000000bb400000, 0x00000000bb400000, 0x00000000bb500000|  0%| F|  |TAMS 0x00000000bb400000, 0x00000000bb400000| Untracked 
| 949|0x00000000bb500000, 0x00000000bb500000, 0x00000000bb600000|  0%| F|  |TAMS 0x00000000bb500000, 0x00000000bb500000| Untracked 
| 950|0x00000000bb600000, 0x00000000bb600000, 0x00000000bb700000|  0%| F|  |TAMS 0x00000000bb600000, 0x00000000bb600000| Untracked 
| 951|0x00000000bb700000, 0x00000000bb700000, 0x00000000bb800000|  0%| F|  |TAMS 0x00000000bb700000, 0x00000000bb700000| Untracked 
| 952|0x00000000bb800000, 0x00000000bb800000, 0x00000000bb900000|  0%| F|  |TAMS 0x00000000bb800000, 0x00000000bb800000| Untracked 
| 953|0x00000000bb900000, 0x00000000bb900000, 0x00000000bba00000|  0%| F|  |TAMS 0x00000000bb900000, 0x00000000bb900000| Untracked 
| 954|0x00000000bba00000, 0x00000000bba00000, 0x00000000bbb00000|  0%| F|  |TAMS 0x00000000bba00000, 0x00000000bba00000| Untracked 
| 955|0x00000000bbb00000, 0x00000000bbb00000, 0x00000000bbc00000|  0%| F|  |TAMS 0x00000000bbb00000, 0x00000000bbb00000| Untracked 
| 956|0x00000000bbc00000, 0x00000000bbc00000, 0x00000000bbd00000|  0%| F|  |TAMS 0x00000000bbc00000, 0x00000000bbc00000| Untracked 
| 957|0x00000000bbd00000, 0x00000000bbd00000, 0x00000000bbe00000|  0%| F|  |TAMS 0x00000000bbd00000, 0x00000000bbd00000| Untracked 
| 958|0x00000000bbe00000, 0x00000000bbe00000, 0x00000000bbf00000|  0%| F|  |TAMS 0x00000000bbe00000, 0x00000000bbe00000| Untracked 
| 959|0x00000000bbf00000, 0x00000000bbf00000, 0x00000000bc000000|  0%| F|  |TAMS 0x00000000bbf00000, 0x00000000bbf00000| Untracked 
| 960|0x00000000bc000000, 0x00000000bc000000, 0x00000000bc100000|  0%| F|  |TAMS 0x00000000bc000000, 0x00000000bc000000| Untracked 
| 961|0x00000000bc100000, 0x00000000bc100000, 0x00000000bc200000|  0%| F|  |TAMS 0x00000000bc100000, 0x00000000bc100000| Untracked 
| 962|0x00000000bc200000, 0x00000000bc200000, 0x00000000bc300000|  0%| F|  |TAMS 0x00000000bc200000, 0x00000000bc200000| Untracked 
| 963|0x00000000bc300000, 0x00000000bc300000, 0x00000000bc400000|  0%| F|  |TAMS 0x00000000bc300000, 0x00000000bc300000| Untracked 
| 964|0x00000000bc400000, 0x00000000bc400000, 0x00000000bc500000|  0%| F|  |TAMS 0x00000000bc400000, 0x00000000bc400000| Untracked 
| 965|0x00000000bc500000, 0x00000000bc500000, 0x00000000bc600000|  0%| F|  |TAMS 0x00000000bc500000, 0x00000000bc500000| Untracked 
| 966|0x00000000bc600000, 0x00000000bc600000, 0x00000000bc700000|  0%| F|  |TAMS 0x00000000bc600000, 0x00000000bc600000| Untracked 
| 967|0x00000000bc700000, 0x00000000bc700000, 0x00000000bc800000|  0%| F|  |TAMS 0x00000000bc700000, 0x00000000bc700000| Untracked 
| 968|0x00000000bc800000, 0x00000000bc800000, 0x00000000bc900000|  0%| F|  |TAMS 0x00000000bc800000, 0x00000000bc800000| Untracked 
| 969|0x00000000bc900000, 0x00000000bc900000, 0x00000000bca00000|  0%| F|  |TAMS 0x00000000bc900000, 0x00000000bc900000| Untracked 
| 970|0x00000000bca00000, 0x00000000bca00000, 0x00000000bcb00000|  0%| F|  |TAMS 0x00000000bca00000, 0x00000000bca00000| Untracked 
| 971|0x00000000bcb00000, 0x00000000bcb00000, 0x00000000bcc00000|  0%| F|  |TAMS 0x00000000bcb00000, 0x00000000bcb00000| Untracked 
| 972|0x00000000bcc00000, 0x00000000bcc00000, 0x00000000bcd00000|  0%| F|  |TAMS 0x00000000bcc00000, 0x00000000bcc00000| Untracked 
| 973|0x00000000bcd00000, 0x00000000bcd00000, 0x00000000bce00000|  0%| F|  |TAMS 0x00000000bcd00000, 0x00000000bcd00000| Untracked 
| 974|0x00000000bce00000, 0x00000000bce00000, 0x00000000bcf00000|  0%| F|  |TAMS 0x00000000bce00000, 0x00000000bce00000| Untracked 
| 975|0x00000000bcf00000, 0x00000000bcf00000, 0x00000000bd000000|  0%| F|  |TAMS 0x00000000bcf00000, 0x00000000bcf00000| Untracked 
| 976|0x00000000bd000000, 0x00000000bd000000, 0x00000000bd100000|  0%| F|  |TAMS 0x00000000bd000000, 0x00000000bd000000| Untracked 
| 977|0x00000000bd100000, 0x00000000bd100000, 0x00000000bd200000|  0%| F|  |TAMS 0x00000000bd100000, 0x00000000bd100000| Untracked 
| 978|0x00000000bd200000, 0x00000000bd200000, 0x00000000bd300000|  0%| F|  |TAMS 0x00000000bd200000, 0x00000000bd200000| Untracked 
| 979|0x00000000bd300000, 0x00000000bd300000, 0x00000000bd400000|  0%| F|  |TAMS 0x00000000bd300000, 0x00000000bd300000| Untracked 
| 980|0x00000000bd400000, 0x00000000bd400000, 0x00000000bd500000|  0%| F|  |TAMS 0x00000000bd400000, 0x00000000bd400000| Untracked 
| 981|0x00000000bd500000, 0x00000000bd500000, 0x00000000bd600000|  0%| F|  |TAMS 0x00000000bd500000, 0x00000000bd500000| Untracked 
| 982|0x00000000bd600000, 0x00000000bd600000, 0x00000000bd700000|  0%| F|  |TAMS 0x00000000bd600000, 0x00000000bd600000| Untracked 
| 983|0x00000000bd700000, 0x00000000bd700000, 0x00000000bd800000|  0%| F|  |TAMS 0x00000000bd700000, 0x00000000bd700000| Untracked 
| 984|0x00000000bd800000, 0x00000000bd800000, 0x00000000bd900000|  0%| F|  |TAMS 0x00000000bd800000, 0x00000000bd800000| Untracked 
| 985|0x00000000bd900000, 0x00000000bd900000, 0x00000000bda00000|  0%| F|  |TAMS 0x00000000bd900000, 0x00000000bd900000| Untracked 
| 986|0x00000000bda00000, 0x00000000bda00000, 0x00000000bdb00000|  0%| F|  |TAMS 0x00000000bda00000, 0x00000000bda00000| Untracked 
| 987|0x00000000bdb00000, 0x00000000bdb00000, 0x00000000bdc00000|  0%| F|  |TAMS 0x00000000bdb00000, 0x00000000bdb00000| Untracked 
| 988|0x00000000bdc00000, 0x00000000bdc00000, 0x00000000bdd00000|  0%| F|  |TAMS 0x00000000bdc00000, 0x00000000bdc00000| Untracked 
| 989|0x00000000bdd00000, 0x00000000bdd00000, 0x00000000bde00000|  0%| F|  |TAMS 0x00000000bdd00000, 0x00000000bdd00000| Untracked 
| 990|0x00000000bde00000, 0x00000000bde00000, 0x00000000bdf00000|  0%| F|  |TAMS 0x00000000bde00000, 0x00000000bde00000| Untracked 
| 991|0x00000000bdf00000, 0x00000000bdf00000, 0x00000000be000000|  0%| F|  |TAMS 0x00000000bdf00000, 0x00000000bdf00000| Untracked 
| 992|0x00000000be000000, 0x00000000be000000, 0x00000000be100000|  0%| F|  |TAMS 0x00000000be000000, 0x00000000be000000| Untracked 
| 993|0x00000000be100000, 0x00000000be100000, 0x00000000be200000|  0%| F|  |TAMS 0x00000000be100000, 0x00000000be100000| Untracked 
| 994|0x00000000be200000, 0x00000000be200000, 0x00000000be300000|  0%| F|  |TAMS 0x00000000be200000, 0x00000000be200000| Untracked 
| 995|0x00000000be300000, 0x00000000be300000, 0x00000000be400000|  0%| F|  |TAMS 0x00000000be300000, 0x00000000be300000| Untracked 
| 996|0x00000000be400000, 0x00000000be400000, 0x00000000be500000|  0%| F|  |TAMS 0x00000000be400000, 0x00000000be400000| Untracked 
| 997|0x00000000be500000, 0x00000000be500000, 0x00000000be600000|  0%| F|  |TAMS 0x00000000be500000, 0x00000000be500000| Untracked 
| 998|0x00000000be600000, 0x00000000be600000, 0x00000000be700000|  0%| F|  |TAMS 0x00000000be600000, 0x00000000be600000| Untracked 
| 999|0x00000000be700000, 0x00000000be700000, 0x00000000be800000|  0%| F|  |TAMS 0x00000000be700000, 0x00000000be700000| Untracked 
|1000|0x00000000be800000, 0x00000000be800000, 0x00000000be900000|  0%| F|  |TAMS 0x00000000be800000, 0x00000000be800000| Untracked 
|1001|0x00000000be900000, 0x00000000be900000, 0x00000000bea00000|  0%| F|  |TAMS 0x00000000be900000, 0x00000000be900000| Untracked 
|1002|0x00000000bea00000, 0x00000000bea00000, 0x00000000beb00000|  0%| F|  |TAMS 0x00000000bea00000, 0x00000000bea00000| Untracked 
|1003|0x00000000beb00000, 0x00000000beb00000, 0x00000000bec00000|  0%| F|  |TAMS 0x00000000beb00000, 0x00000000beb00000| Untracked 
|1004|0x00000000bec00000, 0x00000000bec00000, 0x00000000bed00000|  0%| F|  |TAMS 0x00000000bec00000, 0x00000000bec00000| Untracked 
|1005|0x00000000bed00000, 0x00000000bed00000, 0x00000000bee00000|  0%| F|  |TAMS 0x00000000bed00000, 0x00000000bed00000| Untracked 
|1006|0x00000000bee00000, 0x00000000bee00000, 0x00000000bef00000|  0%| F|  |TAMS 0x00000000bee00000, 0x00000000bee00000| Untracked 
|1007|0x00000000bef00000, 0x00000000bef00000, 0x00000000bf000000|  0%| F|  |TAMS 0x00000000bef00000, 0x00000000bef00000| Untracked 
|1008|0x00000000bf000000, 0x00000000bf000000, 0x00000000bf100000|  0%| F|  |TAMS 0x00000000bf000000, 0x00000000bf000000| Untracked 
|1009|0x00000000bf100000, 0x00000000bf100000, 0x00000000bf200000|  0%| F|  |TAMS 0x00000000bf100000, 0x00000000bf100000| Untracked 
|1010|0x00000000bf200000, 0x00000000bf200000, 0x00000000bf300000|  0%| F|  |TAMS 0x00000000bf200000, 0x00000000bf200000| Untracked 
|1011|0x00000000bf300000, 0x00000000bf300000, 0x00000000bf400000|  0%| F|  |TAMS 0x00000000bf300000, 0x00000000bf300000| Untracked 
|1012|0x00000000bf400000, 0x00000000bf400000, 0x00000000bf500000|  0%| F|  |TAMS 0x00000000bf400000, 0x00000000bf400000| Untracked 
|1013|0x00000000bf500000, 0x00000000bf500000, 0x00000000bf600000|  0%| F|  |TAMS 0x00000000bf500000, 0x00000000bf500000| Untracked 
|1014|0x00000000bf600000, 0x00000000bf600000, 0x00000000bf700000|  0%| F|  |TAMS 0x00000000bf600000, 0x00000000bf600000| Untracked 
|1015|0x00000000bf700000, 0x00000000bf700000, 0x00000000bf800000|  0%| F|  |TAMS 0x00000000bf700000, 0x00000000bf700000| Untracked 
|1016|0x00000000bf800000, 0x00000000bf800000, 0x00000000bf900000|  0%| F|  |TAMS 0x00000000bf800000, 0x00000000bf800000| Untracked 
|1017|0x00000000bf900000, 0x00000000bf900000, 0x00000000bfa00000|  0%| F|  |TAMS 0x00000000bf900000, 0x00000000bf900000| Untracked 
|1018|0x00000000bfa00000, 0x00000000bfa00000, 0x00000000bfb00000|  0%| F|  |TAMS 0x00000000bfa00000, 0x00000000bfa00000| Untracked 
|1019|0x00000000bfb00000, 0x00000000bfb00000, 0x00000000bfc00000|  0%| F|  |TAMS 0x00000000bfb00000, 0x00000000bfb00000| Untracked 
|1020|0x00000000bfc00000, 0x00000000bfc00000, 0x00000000bfd00000|  0%| F|  |TAMS 0x00000000bfc00000, 0x00000000bfc00000| Untracked 
|1021|0x00000000bfd00000, 0x00000000bfd00000, 0x00000000bfe00000|  0%| F|  |TAMS 0x00000000bfd00000, 0x00000000bfd00000| Untracked 
|1022|0x00000000bfe00000, 0x00000000bfe00000, 0x00000000bff00000|  0%| F|  |TAMS 0x00000000bfe00000, 0x00000000bfe00000| Untracked 
|1023|0x00000000bff00000, 0x00000000bff00000, 0x00000000c0000000|  0%| F|  |TAMS 0x00000000bff00000, 0x00000000bff00000| Untracked 
|1024|0x00000000c0000000, 0x00000000c0000000, 0x00000000c0100000|  0%| F|  |TAMS 0x00000000c0000000, 0x00000000c0000000| Untracked 
|1025|0x00000000c0100000, 0x00000000c0100000, 0x00000000c0200000|  0%| F|  |TAMS 0x00000000c0100000, 0x00000000c0100000| Untracked 
|1026|0x00000000c0200000, 0x00000000c0200000, 0x00000000c0300000|  0%| F|  |TAMS 0x00000000c0200000, 0x00000000c0200000| Untracked 
|1027|0x00000000c0300000, 0x00000000c0300000, 0x00000000c0400000|  0%| F|  |TAMS 0x00000000c0300000, 0x00000000c0300000| Untracked 
|1028|0x00000000c0400000, 0x00000000c0400000, 0x00000000c0500000|  0%| F|  |TAMS 0x00000000c0400000, 0x00000000c0400000| Untracked 
|1029|0x00000000c0500000, 0x00000000c0500000, 0x00000000c0600000|  0%| F|  |TAMS 0x00000000c0500000, 0x00000000c0500000| Untracked 
|1030|0x00000000c0600000, 0x00000000c0600000, 0x00000000c0700000|  0%| F|  |TAMS 0x00000000c0600000, 0x00000000c0600000| Untracked 
|1031|0x00000000c0700000, 0x00000000c0700000, 0x00000000c0800000|  0%| F|  |TAMS 0x00000000c0700000, 0x00000000c0700000| Untracked 
|1032|0x00000000c0800000, 0x00000000c0800000, 0x00000000c0900000|  0%| F|  |TAMS 0x00000000c0800000, 0x00000000c0800000| Untracked 
|1033|0x00000000c0900000, 0x00000000c0900000, 0x00000000c0a00000|  0%| F|  |TAMS 0x00000000c0900000, 0x00000000c0900000| Untracked 
|1034|0x00000000c0a00000, 0x00000000c0a00000, 0x00000000c0b00000|  0%| F|  |TAMS 0x00000000c0a00000, 0x00000000c0a00000| Untracked 
|1035|0x00000000c0b00000, 0x00000000c0b00000, 0x00000000c0c00000|  0%| F|  |TAMS 0x00000000c0b00000, 0x00000000c0b00000| Untracked 
|1036|0x00000000c0c00000, 0x00000000c0c00000, 0x00000000c0d00000|  0%| F|  |TAMS 0x00000000c0c00000, 0x00000000c0c00000| Untracked 
|1037|0x00000000c0d00000, 0x00000000c0d00000, 0x00000000c0e00000|  0%| F|  |TAMS 0x00000000c0d00000, 0x00000000c0d00000| Untracked 
|1038|0x00000000c0e00000, 0x00000000c0e00000, 0x00000000c0f00000|  0%| F|  |TAMS 0x00000000c0e00000, 0x00000000c0e00000| Untracked 
|1039|0x00000000c0f00000, 0x00000000c0f00000, 0x00000000c1000000|  0%| F|  |TAMS 0x00000000c0f00000, 0x00000000c0f00000| Untracked 
|1040|0x00000000c1000000, 0x00000000c1000000, 0x00000000c1100000|  0%| F|  |TAMS 0x00000000c1000000, 0x00000000c1000000| Untracked 
|1041|0x00000000c1100000, 0x00000000c1100000, 0x00000000c1200000|  0%| F|  |TAMS 0x00000000c1100000, 0x00000000c1100000| Untracked 
|1042|0x00000000c1200000, 0x00000000c1200000, 0x00000000c1300000|  0%| F|  |TAMS 0x00000000c1200000, 0x00000000c1200000| Untracked 
|1043|0x00000000c1300000, 0x00000000c1300000, 0x00000000c1400000|  0%| F|  |TAMS 0x00000000c1300000, 0x00000000c1300000| Untracked 
|1044|0x00000000c1400000, 0x00000000c1400000, 0x00000000c1500000|  0%| F|  |TAMS 0x00000000c1400000, 0x00000000c1400000| Untracked 
|1045|0x00000000c1500000, 0x00000000c1500000, 0x00000000c1600000|  0%| F|  |TAMS 0x00000000c1500000, 0x00000000c1500000| Untracked 
|1046|0x00000000c1600000, 0x00000000c1600000, 0x00000000c1700000|  0%| F|  |TAMS 0x00000000c1600000, 0x00000000c1600000| Untracked 
|1047|0x00000000c1700000, 0x00000000c1700000, 0x00000000c1800000|  0%| F|  |TAMS 0x00000000c1700000, 0x00000000c1700000| Untracked 
|1048|0x00000000c1800000, 0x00000000c1800000, 0x00000000c1900000|  0%| F|  |TAMS 0x00000000c1800000, 0x00000000c1800000| Untracked 
|1049|0x00000000c1900000, 0x00000000c1900000, 0x00000000c1a00000|  0%| F|  |TAMS 0x00000000c1900000, 0x00000000c1900000| Untracked 
|1050|0x00000000c1a00000, 0x00000000c1a00000, 0x00000000c1b00000|  0%| F|  |TAMS 0x00000000c1a00000, 0x00000000c1a00000| Untracked 
|1051|0x00000000c1b00000, 0x00000000c1b00000, 0x00000000c1c00000|  0%| F|  |TAMS 0x00000000c1b00000, 0x00000000c1b00000| Untracked 
|1052|0x00000000c1c00000, 0x00000000c1c00000, 0x00000000c1d00000|  0%| F|  |TAMS 0x00000000c1c00000, 0x00000000c1c00000| Untracked 
|1053|0x00000000c1d00000, 0x00000000c1d00000, 0x00000000c1e00000|  0%| F|  |TAMS 0x00000000c1d00000, 0x00000000c1d00000| Untracked 
|1054|0x00000000c1e00000, 0x00000000c1e00000, 0x00000000c1f00000|  0%| F|  |TAMS 0x00000000c1e00000, 0x00000000c1e00000| Untracked 
|1055|0x00000000c1f00000, 0x00000000c1f00000, 0x00000000c2000000|  0%| F|  |TAMS 0x00000000c1f00000, 0x00000000c1f00000| Untracked 
|1056|0x00000000c2000000, 0x00000000c2000000, 0x00000000c2100000|  0%| F|  |TAMS 0x00000000c2000000, 0x00000000c2000000| Untracked 
|1057|0x00000000c2100000, 0x00000000c2100000, 0x00000000c2200000|  0%| F|  |TAMS 0x00000000c2100000, 0x00000000c2100000| Untracked 
|1058|0x00000000c2200000, 0x00000000c2200000, 0x00000000c2300000|  0%| F|  |TAMS 0x00000000c2200000, 0x00000000c2200000| Untracked 
|1059|0x00000000c2300000, 0x00000000c2300000, 0x00000000c2400000|  0%| F|  |TAMS 0x00000000c2300000, 0x00000000c2300000| Untracked 
|1060|0x00000000c2400000, 0x00000000c2400000, 0x00000000c2500000|  0%| F|  |TAMS 0x00000000c2400000, 0x00000000c2400000| Untracked 
|1061|0x00000000c2500000, 0x00000000c2500000, 0x00000000c2600000|  0%| F|  |TAMS 0x00000000c2500000, 0x00000000c2500000| Untracked 
|1062|0x00000000c2600000, 0x00000000c2600000, 0x00000000c2700000|  0%| F|  |TAMS 0x00000000c2600000, 0x00000000c2600000| Untracked 
|1063|0x00000000c2700000, 0x00000000c2700000, 0x00000000c2800000|  0%| F|  |TAMS 0x00000000c2700000, 0x00000000c2700000| Untracked 
|1064|0x00000000c2800000, 0x00000000c2800000, 0x00000000c2900000|  0%| F|  |TAMS 0x00000000c2800000, 0x00000000c2800000| Untracked 
|1065|0x00000000c2900000, 0x00000000c2900000, 0x00000000c2a00000|  0%| F|  |TAMS 0x00000000c2900000, 0x00000000c2900000| Untracked 
|1066|0x00000000c2a00000, 0x00000000c2a00000, 0x00000000c2b00000|  0%| F|  |TAMS 0x00000000c2a00000, 0x00000000c2a00000| Untracked 
|1067|0x00000000c2b00000, 0x00000000c2b00000, 0x00000000c2c00000|  0%| F|  |TAMS 0x00000000c2b00000, 0x00000000c2b00000| Untracked 
|1068|0x00000000c2c00000, 0x00000000c2c00000, 0x00000000c2d00000|  0%| F|  |TAMS 0x00000000c2c00000, 0x00000000c2c00000| Untracked 
|1069|0x00000000c2d00000, 0x00000000c2d00000, 0x00000000c2e00000|  0%| F|  |TAMS 0x00000000c2d00000, 0x00000000c2d00000| Untracked 
|1070|0x00000000c2e00000, 0x00000000c2e00000, 0x00000000c2f00000|  0%| F|  |TAMS 0x00000000c2e00000, 0x00000000c2e00000| Untracked 
|1071|0x00000000c2f00000, 0x00000000c2f00000, 0x00000000c3000000|  0%| F|  |TAMS 0x00000000c2f00000, 0x00000000c2f00000| Untracked 
|1072|0x00000000c3000000, 0x00000000c3000000, 0x00000000c3100000|  0%| F|  |TAMS 0x00000000c3000000, 0x00000000c3000000| Untracked 
|1073|0x00000000c3100000, 0x00000000c3100000, 0x00000000c3200000|  0%| F|  |TAMS 0x00000000c3100000, 0x00000000c3100000| Untracked 
|1074|0x00000000c3200000, 0x00000000c3200000, 0x00000000c3300000|  0%| F|  |TAMS 0x00000000c3200000, 0x00000000c3200000| Untracked 
|1075|0x00000000c3300000, 0x00000000c3300000, 0x00000000c3400000|  0%| F|  |TAMS 0x00000000c3300000, 0x00000000c3300000| Untracked 
|1076|0x00000000c3400000, 0x00000000c3400000, 0x00000000c3500000|  0%| F|  |TAMS 0x00000000c3400000, 0x00000000c3400000| Untracked 
|1077|0x00000000c3500000, 0x00000000c3500000, 0x00000000c3600000|  0%| F|  |TAMS 0x00000000c3500000, 0x00000000c3500000| Untracked 
|1078|0x00000000c3600000, 0x00000000c3600000, 0x00000000c3700000|  0%| F|  |TAMS 0x00000000c3600000, 0x00000000c3600000| Untracked 
|1079|0x00000000c3700000, 0x00000000c3700000, 0x00000000c3800000|  0%| F|  |TAMS 0x00000000c3700000, 0x00000000c3700000| Untracked 
|1080|0x00000000c3800000, 0x00000000c3800000, 0x00000000c3900000|  0%| F|  |TAMS 0x00000000c3800000, 0x00000000c3800000| Untracked 
|1081|0x00000000c3900000, 0x00000000c3900000, 0x00000000c3a00000|  0%| F|  |TAMS 0x00000000c3900000, 0x00000000c3900000| Untracked 
|1082|0x00000000c3a00000, 0x00000000c3a00000, 0x00000000c3b00000|  0%| F|  |TAMS 0x00000000c3a00000, 0x00000000c3a00000| Untracked 
|1083|0x00000000c3b00000, 0x00000000c3b00000, 0x00000000c3c00000|  0%| F|  |TAMS 0x00000000c3b00000, 0x00000000c3b00000| Untracked 
|1084|0x00000000c3c00000, 0x00000000c3c00000, 0x00000000c3d00000|  0%| F|  |TAMS 0x00000000c3c00000, 0x00000000c3c00000| Untracked 
|1085|0x00000000c3d00000, 0x00000000c3d00000, 0x00000000c3e00000|  0%| F|  |TAMS 0x00000000c3d00000, 0x00000000c3d00000| Untracked 
|1086|0x00000000c3e00000, 0x00000000c3e00000, 0x00000000c3f00000|  0%| F|  |TAMS 0x00000000c3e00000, 0x00000000c3e00000| Untracked 
|1087|0x00000000c3f00000, 0x00000000c3f00000, 0x00000000c4000000|  0%| F|  |TAMS 0x00000000c3f00000, 0x00000000c3f00000| Untracked 
|1088|0x00000000c4000000, 0x00000000c4000000, 0x00000000c4100000|  0%| F|  |TAMS 0x00000000c4000000, 0x00000000c4000000| Untracked 
|1089|0x00000000c4100000, 0x00000000c4100000, 0x00000000c4200000|  0%| F|  |TAMS 0x00000000c4100000, 0x00000000c4100000| Untracked 
|1090|0x00000000c4200000, 0x00000000c4200000, 0x00000000c4300000|  0%| F|  |TAMS 0x00000000c4200000, 0x00000000c4200000| Untracked 
|1091|0x00000000c4300000, 0x00000000c4300000, 0x00000000c4400000|  0%| F|  |TAMS 0x00000000c4300000, 0x00000000c4300000| Untracked 
|1092|0x00000000c4400000, 0x00000000c4400000, 0x00000000c4500000|  0%| F|  |TAMS 0x00000000c4400000, 0x00000000c4400000| Untracked 
|1093|0x00000000c4500000, 0x00000000c4500000, 0x00000000c4600000|  0%| F|  |TAMS 0x00000000c4500000, 0x00000000c4500000| Untracked 
|1094|0x00000000c4600000, 0x00000000c4600000, 0x00000000c4700000|  0%| F|  |TAMS 0x00000000c4600000, 0x00000000c4600000| Untracked 
|1095|0x00000000c4700000, 0x00000000c4700000, 0x00000000c4800000|  0%| F|  |TAMS 0x00000000c4700000, 0x00000000c4700000| Untracked 
|1096|0x00000000c4800000, 0x00000000c4800000, 0x00000000c4900000|  0%| F|  |TAMS 0x00000000c4800000, 0x00000000c4800000| Untracked 
|1097|0x00000000c4900000, 0x00000000c4900000, 0x00000000c4a00000|  0%| F|  |TAMS 0x00000000c4900000, 0x00000000c4900000| Untracked 
|1098|0x00000000c4a00000, 0x00000000c4a00000, 0x00000000c4b00000|  0%| F|  |TAMS 0x00000000c4a00000, 0x00000000c4a00000| Untracked 
|1099|0x00000000c4b00000, 0x00000000c4c00000, 0x00000000c4c00000|100%| O|  |TAMS 0x00000000c4c00000, 0x00000000c4c00000| Untracked 
|1100|0x00000000c4c00000, 0x00000000c4d00000, 0x00000000c4d00000|100%| O|  |TAMS 0x00000000c4d00000, 0x00000000c4d00000| Untracked 
|1101|0x00000000c4d00000, 0x00000000c4e00000, 0x00000000c4e00000|100%| O|  |TAMS 0x00000000c4e00000, 0x00000000c4e00000| Untracked 
|1102|0x00000000c4e00000, 0x00000000c4f00000, 0x00000000c4f00000|100%| O|  |TAMS 0x00000000c4f00000, 0x00000000c4f00000| Untracked 
|1103|0x00000000c4f00000, 0x00000000c5000000, 0x00000000c5000000|100%| O|  |TAMS 0x00000000c5000000, 0x00000000c5000000| Untracked 
|1104|0x00000000c5000000, 0x00000000c5000000, 0x00000000c5100000|  0%| F|  |TAMS 0x00000000c5000000, 0x00000000c5000000| Untracked 
|1105|0x00000000c5100000, 0x00000000c5100000, 0x00000000c5200000|  0%| F|  |TAMS 0x00000000c5100000, 0x00000000c5100000| Untracked 
|1106|0x00000000c5200000, 0x00000000c5200000, 0x00000000c5300000|  0%| F|  |TAMS 0x00000000c5200000, 0x00000000c5200000| Untracked 
|1107|0x00000000c5300000, 0x00000000c5300000, 0x00000000c5400000|  0%| F|  |TAMS 0x00000000c5300000, 0x00000000c5300000| Untracked 
|1108|0x00000000c5400000, 0x00000000c5400000, 0x00000000c5500000|  0%| F|  |TAMS 0x00000000c5400000, 0x00000000c5400000| Untracked 
|1109|0x00000000c5500000, 0x00000000c5500000, 0x00000000c5600000|  0%| F|  |TAMS 0x00000000c5500000, 0x00000000c5500000| Untracked 
|1110|0x00000000c5600000, 0x00000000c5700000, 0x00000000c5700000|100%| O|  |TAMS 0x00000000c5700000, 0x00000000c5700000| Untracked 
|1111|0x00000000c5700000, 0x00000000c5700000, 0x00000000c5800000|  0%| F|  |TAMS 0x00000000c5700000, 0x00000000c5700000| Untracked 
|1112|0x00000000c5800000, 0x00000000c5800000, 0x00000000c5900000|  0%| F|  |TAMS 0x00000000c5800000, 0x00000000c5800000| Untracked 
|1113|0x00000000c5900000, 0x00000000c5a00000, 0x00000000c5a00000|100%| O|  |TAMS 0x00000000c5a00000, 0x00000000c5a00000| Untracked 
|1114|0x00000000c5a00000, 0x00000000c5b00000, 0x00000000c5b00000|100%| O|  |TAMS 0x00000000c5b00000, 0x00000000c5b00000| Untracked 
|1115|0x00000000c5b00000, 0x00000000c5c00000, 0x00000000c5c00000|100%| O|  |TAMS 0x00000000c5c00000, 0x00000000c5c00000| Untracked 
|1116|0x00000000c5c00000, 0x00000000c5c00000, 0x00000000c5d00000|  0%| F|  |TAMS 0x00000000c5c00000, 0x00000000c5c00000| Untracked 
|1117|0x00000000c5d00000, 0x00000000c5e00000, 0x00000000c5e00000|100%| O|  |TAMS 0x00000000c5e00000, 0x00000000c5e00000| Untracked 
|1118|0x00000000c5e00000, 0x00000000c5f00000, 0x00000000c5f00000|100%| O|  |TAMS 0x00000000c5f00000, 0x00000000c5f00000| Untracked 
|1119|0x00000000c5f00000, 0x00000000c6000000, 0x00000000c6000000|100%| O|  |TAMS 0x00000000c6000000, 0x00000000c6000000| Untracked 
|1120|0x00000000c6000000, 0x00000000c6100000, 0x00000000c6100000|100%| O|  |TAMS 0x00000000c6100000, 0x00000000c6100000| Untracked 
|1121|0x00000000c6100000, 0x00000000c6100000, 0x00000000c6200000|  0%| F|  |TAMS 0x00000000c6100000, 0x00000000c6100000| Untracked 
|1122|0x00000000c6200000, 0x00000000c6200000, 0x00000000c6300000|  0%| F|  |TAMS 0x00000000c6200000, 0x00000000c6200000| Untracked 
|1123|0x00000000c6300000, 0x00000000c6300000, 0x00000000c6400000|  0%| F|  |TAMS 0x00000000c6300000, 0x00000000c6300000| Untracked 
|1124|0x00000000c6400000, 0x00000000c6400000, 0x00000000c6500000|  0%| F|  |TAMS 0x00000000c6400000, 0x00000000c6400000| Untracked 
|1125|0x00000000c6500000, 0x00000000c6500000, 0x00000000c6600000|  0%| F|  |TAMS 0x00000000c6500000, 0x00000000c6500000| Untracked 
|1126|0x00000000c6600000, 0x00000000c6700000, 0x00000000c6700000|100%| O|  |TAMS 0x00000000c6700000, 0x00000000c6700000| Untracked 
|1127|0x00000000c6700000, 0x00000000c6800000, 0x00000000c6800000|100%| O|  |TAMS 0x00000000c6800000, 0x00000000c6800000| Untracked 
|1128|0x00000000c6800000, 0x00000000c6900000, 0x00000000c6900000|100%| O|  |TAMS 0x00000000c6900000, 0x00000000c6900000| Untracked 
|1129|0x00000000c6900000, 0x00000000c6a00000, 0x00000000c6a00000|100%| O|  |TAMS 0x00000000c6a00000, 0x00000000c6a00000| Untracked 
|1130|0x00000000c6a00000, 0x00000000c6b00000, 0x00000000c6b00000|100%| O|  |TAMS 0x00000000c6b00000, 0x00000000c6b00000| Untracked 
|1131|0x00000000c6b00000, 0x00000000c6c00000, 0x00000000c6c00000|100%| O|  |TAMS 0x00000000c6c00000, 0x00000000c6c00000| Untracked 
|1132|0x00000000c6c00000, 0x00000000c6d00000, 0x00000000c6d00000|100%| O|  |TAMS 0x00000000c6d00000, 0x00000000c6d00000| Untracked 
|1133|0x00000000c6d00000, 0x00000000c6e00000, 0x00000000c6e00000|100%| O|  |TAMS 0x00000000c6e00000, 0x00000000c6e00000| Untracked 
|1134|0x00000000c6e00000, 0x00000000c6f00000, 0x00000000c6f00000|100%| O|  |TAMS 0x00000000c6f00000, 0x00000000c6f00000| Untracked 
|1135|0x00000000c6f00000, 0x00000000c6f00000, 0x00000000c7000000|  0%| F|  |TAMS 0x00000000c6f00000, 0x00000000c6f00000| Untracked 
|1136|0x00000000c7000000, 0x00000000c7000000, 0x00000000c7100000|  0%| F|  |TAMS 0x00000000c7000000, 0x00000000c7000000| Untracked 
|1137|0x00000000c7100000, 0x00000000c7100000, 0x00000000c7200000|  0%| F|  |TAMS 0x00000000c7100000, 0x00000000c7100000| Untracked 
|1138|0x00000000c7200000, 0x00000000c7300000, 0x00000000c7300000|100%| O|  |TAMS 0x00000000c7300000, 0x00000000c7300000| Untracked 
|1139|0x00000000c7300000, 0x00000000c7400000, 0x00000000c7400000|100%| O|  |TAMS 0x00000000c7400000, 0x00000000c7400000| Untracked 
|1140|0x00000000c7400000, 0x00000000c7400000, 0x00000000c7500000|  0%| F|  |TAMS 0x00000000c7400000, 0x00000000c7400000| Untracked 
|1141|0x00000000c7500000, 0x00000000c7600000, 0x00000000c7600000|100%| O|  |TAMS 0x00000000c7600000, 0x00000000c7600000| Untracked 
|1142|0x00000000c7600000, 0x00000000c7700000, 0x00000000c7700000|100%| O|  |TAMS 0x00000000c7700000, 0x00000000c7700000| Untracked 
|1143|0x00000000c7700000, 0x00000000c7700000, 0x00000000c7800000|  0%| F|  |TAMS 0x00000000c7700000, 0x00000000c7700000| Untracked 
|1144|0x00000000c7800000, 0x00000000c7800000, 0x00000000c7900000|  0%| F|  |TAMS 0x00000000c7800000, 0x00000000c7800000| Untracked 
|1145|0x00000000c7900000, 0x00000000c7900000, 0x00000000c7a00000|  0%| F|  |TAMS 0x00000000c7900000, 0x00000000c7900000| Untracked 
|1146|0x00000000c7a00000, 0x00000000c7b00000, 0x00000000c7b00000|100%| O|  |TAMS 0x00000000c7b00000, 0x00000000c7b00000| Untracked 
|1147|0x00000000c7b00000, 0x00000000c7c00000, 0x00000000c7c00000|100%| O|  |TAMS 0x00000000c7c00000, 0x00000000c7c00000| Untracked 
|1148|0x00000000c7c00000, 0x00000000c7c00000, 0x00000000c7d00000|  0%| F|  |TAMS 0x00000000c7c00000, 0x00000000c7c00000| Untracked 
|1149|0x00000000c7d00000, 0x00000000c7d00000, 0x00000000c7e00000|  0%| F|  |TAMS 0x00000000c7d00000, 0x00000000c7d00000| Untracked 
|1150|0x00000000c7e00000, 0x00000000c7e00000, 0x00000000c7f00000|  0%| F|  |TAMS 0x00000000c7e00000, 0x00000000c7e00000| Untracked 
|1151|0x00000000c7f00000, 0x00000000c7f00000, 0x00000000c8000000|  0%| F|  |TAMS 0x00000000c7f00000, 0x00000000c7f00000| Untracked 
|1152|0x00000000c8000000, 0x00000000c8000000, 0x00000000c8100000|  0%| F|  |TAMS 0x00000000c8000000, 0x00000000c8000000| Untracked 
|1153|0x00000000c8100000, 0x00000000c8100000, 0x00000000c8200000|  0%| F|  |TAMS 0x00000000c8100000, 0x00000000c8100000| Untracked 
|1154|0x00000000c8200000, 0x00000000c8200000, 0x00000000c8300000|  0%| F|  |TAMS 0x00000000c8200000, 0x00000000c8200000| Untracked 
|1155|0x00000000c8300000, 0x00000000c8300000, 0x00000000c8400000|  0%| F|  |TAMS 0x00000000c8300000, 0x00000000c8300000| Untracked 
|1156|0x00000000c8400000, 0x00000000c8400000, 0x00000000c8500000|  0%| F|  |TAMS 0x00000000c8400000, 0x00000000c8400000| Untracked 
|1157|0x00000000c8500000, 0x00000000c8500000, 0x00000000c8600000|  0%| F|  |TAMS 0x00000000c8500000, 0x00000000c8500000| Untracked 
|1158|0x00000000c8600000, 0x00000000c8600000, 0x00000000c8700000|  0%| F|  |TAMS 0x00000000c8600000, 0x00000000c8600000| Untracked 
|1159|0x00000000c8700000, 0x00000000c8700000, 0x00000000c8800000|  0%| F|  |TAMS 0x00000000c8700000, 0x00000000c8700000| Untracked 
|1160|0x00000000c8800000, 0x00000000c8800000, 0x00000000c8900000|  0%| F|  |TAMS 0x00000000c8800000, 0x00000000c8800000| Untracked 
|1161|0x00000000c8900000, 0x00000000c8900000, 0x00000000c8a00000|  0%| F|  |TAMS 0x00000000c8900000, 0x00000000c8900000| Untracked 
|1162|0x00000000c8a00000, 0x00000000c8a00000, 0x00000000c8b00000|  0%| F|  |TAMS 0x00000000c8a00000, 0x00000000c8a00000| Untracked 
|1163|0x00000000c8b00000, 0x00000000c8b00000, 0x00000000c8c00000|  0%| F|  |TAMS 0x00000000c8b00000, 0x00000000c8b00000| Untracked 
|1164|0x00000000c8c00000, 0x00000000c8c00000, 0x00000000c8d00000|  0%| F|  |TAMS 0x00000000c8c00000, 0x00000000c8c00000| Untracked 
|1165|0x00000000c8d00000, 0x00000000c8d00000, 0x00000000c8e00000|  0%| F|  |TAMS 0x00000000c8d00000, 0x00000000c8d00000| Untracked 
|1166|0x00000000c8e00000, 0x00000000c8e00000, 0x00000000c8f00000|  0%| F|  |TAMS 0x00000000c8e00000, 0x00000000c8e00000| Untracked 
|1167|0x00000000c8f00000, 0x00000000c8f00000, 0x00000000c9000000|  0%| F|  |TAMS 0x00000000c8f00000, 0x00000000c8f00000| Untracked 
|1168|0x00000000c9000000, 0x00000000c9000000, 0x00000000c9100000|  0%| F|  |TAMS 0x00000000c9000000, 0x00000000c9000000| Untracked 
|1169|0x00000000c9100000, 0x00000000c9100000, 0x00000000c9200000|  0%| F|  |TAMS 0x00000000c9100000, 0x00000000c9100000| Untracked 
|1170|0x00000000c9200000, 0x00000000c9200000, 0x00000000c9300000|  0%| F|  |TAMS 0x00000000c9200000, 0x00000000c9200000| Untracked 
|1171|0x00000000c9300000, 0x00000000c9300000, 0x00000000c9400000|  0%| F|  |TAMS 0x00000000c9300000, 0x00000000c9300000| Untracked 
|1172|0x00000000c9400000, 0x00000000c9400000, 0x00000000c9500000|  0%| F|  |TAMS 0x00000000c9400000, 0x00000000c9400000| Untracked 
|1173|0x00000000c9500000, 0x00000000c9500000, 0x00000000c9600000|  0%| F|  |TAMS 0x00000000c9500000, 0x00000000c9500000| Untracked 
|1174|0x00000000c9600000, 0x00000000c9600000, 0x00000000c9700000|  0%| F|  |TAMS 0x00000000c9600000, 0x00000000c9600000| Untracked 
|1175|0x00000000c9700000, 0x00000000c9700000, 0x00000000c9800000|  0%| F|  |TAMS 0x00000000c9700000, 0x00000000c9700000| Untracked 
|1176|0x00000000c9800000, 0x00000000c9900000, 0x00000000c9900000|100%| O|  |TAMS 0x00000000c9900000, 0x00000000c9900000| Untracked 
|1177|0x00000000c9900000, 0x00000000c9900000, 0x00000000c9a00000|  0%| F|  |TAMS 0x00000000c9900000, 0x00000000c9900000| Untracked 
|1178|0x00000000c9a00000, 0x00000000c9a00000, 0x00000000c9b00000|  0%| F|  |TAMS 0x00000000c9a00000, 0x00000000c9a00000| Untracked 
|1179|0x00000000c9b00000, 0x00000000c9b00000, 0x00000000c9c00000|  0%| F|  |TAMS 0x00000000c9b00000, 0x00000000c9b00000| Untracked 
|1180|0x00000000c9c00000, 0x00000000c9c00000, 0x00000000c9d00000|  0%| F|  |TAMS 0x00000000c9c00000, 0x00000000c9c00000| Untracked 
|1181|0x00000000c9d00000, 0x00000000c9d00000, 0x00000000c9e00000|  0%| F|  |TAMS 0x00000000c9d00000, 0x00000000c9d00000| Untracked 
|1182|0x00000000c9e00000, 0x00000000c9e00000, 0x00000000c9f00000|  0%| F|  |TAMS 0x00000000c9e00000, 0x00000000c9e00000| Untracked 
|1183|0x00000000c9f00000, 0x00000000c9f00000, 0x00000000ca000000|  0%| F|  |TAMS 0x00000000c9f00000, 0x00000000c9f00000| Untracked 
|1184|0x00000000ca000000, 0x00000000ca000000, 0x00000000ca100000|  0%| F|  |TAMS 0x00000000ca000000, 0x00000000ca000000| Untracked 
|1185|0x00000000ca100000, 0x00000000ca100000, 0x00000000ca200000|  0%| F|  |TAMS 0x00000000ca100000, 0x00000000ca100000| Untracked 
|1186|0x00000000ca200000, 0x00000000ca200000, 0x00000000ca300000|  0%| F|  |TAMS 0x00000000ca200000, 0x00000000ca200000| Untracked 
|1187|0x00000000ca300000, 0x00000000ca300000, 0x00000000ca400000|  0%| F|  |TAMS 0x00000000ca300000, 0x00000000ca300000| Untracked 
|1188|0x00000000ca400000, 0x00000000ca400000, 0x00000000ca500000|  0%| F|  |TAMS 0x00000000ca400000, 0x00000000ca400000| Untracked 
|1189|0x00000000ca500000, 0x00000000ca500000, 0x00000000ca600000|  0%| F|  |TAMS 0x00000000ca500000, 0x00000000ca500000| Untracked 
|1190|0x00000000ca600000, 0x00000000ca600000, 0x00000000ca700000|  0%| F|  |TAMS 0x00000000ca600000, 0x00000000ca600000| Untracked 
|1191|0x00000000ca700000, 0x00000000ca700000, 0x00000000ca800000|  0%| F|  |TAMS 0x00000000ca700000, 0x00000000ca700000| Untracked 
|1192|0x00000000ca800000, 0x00000000ca800000, 0x00000000ca900000|  0%| F|  |TAMS 0x00000000ca800000, 0x00000000ca800000| Untracked 
|1193|0x00000000ca900000, 0x00000000ca900000, 0x00000000caa00000|  0%| F|  |TAMS 0x00000000ca900000, 0x00000000ca900000| Untracked 
|1194|0x00000000caa00000, 0x00000000caa00000, 0x00000000cab00000|  0%| F|  |TAMS 0x00000000caa00000, 0x00000000caa00000| Untracked 
|1195|0x00000000cab00000, 0x00000000cab00000, 0x00000000cac00000|  0%| F|  |TAMS 0x00000000cab00000, 0x00000000cab00000| Untracked 
|1196|0x00000000cac00000, 0x00000000cac00000, 0x00000000cad00000|  0%| F|  |TAMS 0x00000000cac00000, 0x00000000cac00000| Untracked 
|1197|0x00000000cad00000, 0x00000000cad00000, 0x00000000cae00000|  0%| F|  |TAMS 0x00000000cad00000, 0x00000000cad00000| Untracked 
|1198|0x00000000cae00000, 0x00000000cae00000, 0x00000000caf00000|  0%| F|  |TAMS 0x00000000cae00000, 0x00000000cae00000| Untracked 
|1199|0x00000000caf00000, 0x00000000caf00000, 0x00000000cb000000|  0%| F|  |TAMS 0x00000000caf00000, 0x00000000caf00000| Untracked 
|1200|0x00000000cb000000, 0x00000000cb000000, 0x00000000cb100000|  0%| F|  |TAMS 0x00000000cb000000, 0x00000000cb000000| Untracked 
|1201|0x00000000cb100000, 0x00000000cb100000, 0x00000000cb200000|  0%| F|  |TAMS 0x00000000cb100000, 0x00000000cb100000| Untracked 
|1202|0x00000000cb200000, 0x00000000cb200000, 0x00000000cb300000|  0%| F|  |TAMS 0x00000000cb200000, 0x00000000cb200000| Untracked 
|1203|0x00000000cb300000, 0x00000000cb300000, 0x00000000cb400000|  0%| F|  |TAMS 0x00000000cb300000, 0x00000000cb300000| Untracked 
|1204|0x00000000cb400000, 0x00000000cb400000, 0x00000000cb500000|  0%| F|  |TAMS 0x00000000cb400000, 0x00000000cb400000| Untracked 
|1205|0x00000000cb500000, 0x00000000cb500000, 0x00000000cb600000|  0%| F|  |TAMS 0x00000000cb500000, 0x00000000cb500000| Untracked 
|1206|0x00000000cb600000, 0x00000000cb600000, 0x00000000cb700000|  0%| F|  |TAMS 0x00000000cb600000, 0x00000000cb600000| Untracked 
|1207|0x00000000cb700000, 0x00000000cb700000, 0x00000000cb800000|  0%| F|  |TAMS 0x00000000cb700000, 0x00000000cb700000| Untracked 
|1208|0x00000000cb800000, 0x00000000cb900000, 0x00000000cb900000|100%| O|  |TAMS 0x00000000cb900000, 0x00000000cb900000| Untracked 
|1209|0x00000000cb900000, 0x00000000cba00000, 0x00000000cba00000|100%| O|  |TAMS 0x00000000cba00000, 0x00000000cba00000| Untracked 
|1210|0x00000000cba00000, 0x00000000cba00000, 0x00000000cbb00000|  0%| F|  |TAMS 0x00000000cba00000, 0x00000000cba00000| Untracked 
|1211|0x00000000cbb00000, 0x00000000cbb00000, 0x00000000cbc00000|  0%| F|  |TAMS 0x00000000cbb00000, 0x00000000cbb00000| Untracked 
|1212|0x00000000cbc00000, 0x00000000cbc00000, 0x00000000cbd00000|  0%| F|  |TAMS 0x00000000cbc00000, 0x00000000cbc00000| Untracked 
|1213|0x00000000cbd00000, 0x00000000cbd00000, 0x00000000cbe00000|  0%| F|  |TAMS 0x00000000cbd00000, 0x00000000cbd00000| Untracked 
|1214|0x00000000cbe00000, 0x00000000cbe00000, 0x00000000cbf00000|  0%| F|  |TAMS 0x00000000cbe00000, 0x00000000cbe00000| Untracked 
|1215|0x00000000cbf00000, 0x00000000cbf00000, 0x00000000cc000000|  0%| F|  |TAMS 0x00000000cbf00000, 0x00000000cbf00000| Untracked 
|1216|0x00000000cc000000, 0x00000000cc000000, 0x00000000cc100000|  0%| F|  |TAMS 0x00000000cc000000, 0x00000000cc000000| Untracked 
|1217|0x00000000cc100000, 0x00000000cc100000, 0x00000000cc200000|  0%| F|  |TAMS 0x00000000cc100000, 0x00000000cc100000| Untracked 
|1218|0x00000000cc200000, 0x00000000cc200000, 0x00000000cc300000|  0%| F|  |TAMS 0x00000000cc200000, 0x00000000cc200000| Untracked 
|1219|0x00000000cc300000, 0x00000000cc300000, 0x00000000cc400000|  0%| F|  |TAMS 0x00000000cc300000, 0x00000000cc300000| Untracked 
|1220|0x00000000cc400000, 0x00000000cc400000, 0x00000000cc500000|  0%| F|  |TAMS 0x00000000cc400000, 0x00000000cc400000| Untracked 
|1221|0x00000000cc500000, 0x00000000cc500000, 0x00000000cc600000|  0%| F|  |TAMS 0x00000000cc500000, 0x00000000cc500000| Untracked 
|1222|0x00000000cc600000, 0x00000000cc600000, 0x00000000cc700000|  0%| F|  |TAMS 0x00000000cc600000, 0x00000000cc600000| Untracked 
|1223|0x00000000cc700000, 0x00000000cc700000, 0x00000000cc800000|  0%| F|  |TAMS 0x00000000cc700000, 0x00000000cc700000| Untracked 
|1224|0x00000000cc800000, 0x00000000cc900000, 0x00000000cc900000|100%|HS|  |TAMS 0x00000000cc900000, 0x00000000cc900000| Untracked 
|1225|0x00000000cc900000, 0x00000000cca00000, 0x00000000cca00000|100%|HC|  |TAMS 0x00000000cca00000, 0x00000000cca00000| Untracked 
|1226|0x00000000cca00000, 0x00000000cca00000, 0x00000000ccb00000|  0%| F|  |TAMS 0x00000000cca00000, 0x00000000cca00000| Untracked 
|1227|0x00000000ccb00000, 0x00000000ccb00000, 0x00000000ccc00000|  0%| F|  |TAMS 0x00000000ccb00000, 0x00000000ccb00000| Untracked 
|1228|0x00000000ccc00000, 0x00000000ccc00000, 0x00000000ccd00000|  0%| F|  |TAMS 0x00000000ccc00000, 0x00000000ccc00000| Untracked 
|1229|0x00000000ccd00000, 0x00000000ccd00000, 0x00000000cce00000|  0%| F|  |TAMS 0x00000000ccd00000, 0x00000000ccd00000| Untracked 
|1230|0x00000000cce00000, 0x00000000cce00000, 0x00000000ccf00000|  0%| F|  |TAMS 0x00000000cce00000, 0x00000000cce00000| Untracked 
|1231|0x00000000ccf00000, 0x00000000ccf00000, 0x00000000cd000000|  0%| F|  |TAMS 0x00000000ccf00000, 0x00000000ccf00000| Untracked 
|1232|0x00000000cd000000, 0x00000000cd000000, 0x00000000cd100000|  0%| F|  |TAMS 0x00000000cd000000, 0x00000000cd000000| Untracked 
|1233|0x00000000cd100000, 0x00000000cd100000, 0x00000000cd200000|  0%| F|  |TAMS 0x00000000cd100000, 0x00000000cd100000| Untracked 
|1234|0x00000000cd200000, 0x00000000cd200000, 0x00000000cd300000|  0%| F|  |TAMS 0x00000000cd200000, 0x00000000cd200000| Untracked 
|1235|0x00000000cd300000, 0x00000000cd300000, 0x00000000cd400000|  0%| F|  |TAMS 0x00000000cd300000, 0x00000000cd300000| Untracked 
|1236|0x00000000cd400000, 0x00000000cd400000, 0x00000000cd500000|  0%| F|  |TAMS 0x00000000cd400000, 0x00000000cd400000| Untracked 
|1237|0x00000000cd500000, 0x00000000cd500000, 0x00000000cd600000|  0%| F|  |TAMS 0x00000000cd500000, 0x00000000cd500000| Untracked 
|1238|0x00000000cd600000, 0x00000000cd600000, 0x00000000cd700000|  0%| F|  |TAMS 0x00000000cd600000, 0x00000000cd600000| Untracked 
|1239|0x00000000cd700000, 0x00000000cd700000, 0x00000000cd800000|  0%| F|  |TAMS 0x00000000cd700000, 0x00000000cd700000| Untracked 
|1240|0x00000000cd800000, 0x00000000cd800000, 0x00000000cd900000|  0%| F|  |TAMS 0x00000000cd800000, 0x00000000cd800000| Untracked 
|1241|0x00000000cd900000, 0x00000000cd900000, 0x00000000cda00000|  0%| F|  |TAMS 0x00000000cd900000, 0x00000000cd900000| Untracked 
|1242|0x00000000cda00000, 0x00000000cda00000, 0x00000000cdb00000|  0%| F|  |TAMS 0x00000000cda00000, 0x00000000cda00000| Untracked 
|1243|0x00000000cdb00000, 0x00000000cdb00000, 0x00000000cdc00000|  0%| F|  |TAMS 0x00000000cdb00000, 0x00000000cdb00000| Untracked 
|1244|0x00000000cdc00000, 0x00000000cdc00000, 0x00000000cdd00000|  0%| F|  |TAMS 0x00000000cdc00000, 0x00000000cdc00000| Untracked 
|1245|0x00000000cdd00000, 0x00000000cdd00000, 0x00000000cde00000|  0%| F|  |TAMS 0x00000000cdd00000, 0x00000000cdd00000| Untracked 
|1246|0x00000000cde00000, 0x00000000cde00000, 0x00000000cdf00000|  0%| F|  |TAMS 0x00000000cde00000, 0x00000000cde00000| Untracked 
|1247|0x00000000cdf00000, 0x00000000cdf00000, 0x00000000ce000000|  0%| F|  |TAMS 0x00000000cdf00000, 0x00000000cdf00000| Untracked 
|1248|0x00000000ce000000, 0x00000000ce000000, 0x00000000ce100000|  0%| F|  |TAMS 0x00000000ce000000, 0x00000000ce000000| Untracked 
|1249|0x00000000ce100000, 0x00000000ce100000, 0x00000000ce200000|  0%| F|  |TAMS 0x00000000ce100000, 0x00000000ce100000| Untracked 
|1250|0x00000000ce200000, 0x00000000ce200000, 0x00000000ce300000|  0%| F|  |TAMS 0x00000000ce200000, 0x00000000ce200000| Untracked 
|1251|0x00000000ce300000, 0x00000000ce300000, 0x00000000ce400000|  0%| F|  |TAMS 0x00000000ce300000, 0x00000000ce300000| Untracked 
|1252|0x00000000ce400000, 0x00000000ce400000, 0x00000000ce500000|  0%| F|  |TAMS 0x00000000ce400000, 0x00000000ce400000| Untracked 
|1253|0x00000000ce500000, 0x00000000ce500000, 0x00000000ce600000|  0%| F|  |TAMS 0x00000000ce500000, 0x00000000ce500000| Untracked 
|1254|0x00000000ce600000, 0x00000000ce600000, 0x00000000ce700000|  0%| F|  |TAMS 0x00000000ce600000, 0x00000000ce600000| Untracked 
|1255|0x00000000ce700000, 0x00000000ce700000, 0x00000000ce800000|  0%| F|  |TAMS 0x00000000ce700000, 0x00000000ce700000| Untracked 
|1256|0x00000000ce800000, 0x00000000ce800000, 0x00000000ce900000|  0%| F|  |TAMS 0x00000000ce800000, 0x00000000ce800000| Untracked 
|1257|0x00000000ce900000, 0x00000000ce900000, 0x00000000cea00000|  0%| F|  |TAMS 0x00000000ce900000, 0x00000000ce900000| Untracked 
|1258|0x00000000cea00000, 0x00000000cea00000, 0x00000000ceb00000|  0%| F|  |TAMS 0x00000000cea00000, 0x00000000cea00000| Untracked 
|1259|0x00000000ceb00000, 0x00000000ceb00000, 0x00000000cec00000|  0%| F|  |TAMS 0x00000000ceb00000, 0x00000000ceb00000| Untracked 
|1260|0x00000000cec00000, 0x00000000cec00000, 0x00000000ced00000|  0%| F|  |TAMS 0x00000000cec00000, 0x00000000cec00000| Untracked 
|1261|0x00000000ced00000, 0x00000000ced00000, 0x00000000cee00000|  0%| F|  |TAMS 0x00000000ced00000, 0x00000000ced00000| Untracked 
|1262|0x00000000cee00000, 0x00000000cee00000, 0x00000000cef00000|  0%| F|  |TAMS 0x00000000cee00000, 0x00000000cee00000| Untracked 
|1263|0x00000000cef00000, 0x00000000cef00000, 0x00000000cf000000|  0%| F|  |TAMS 0x00000000cef00000, 0x00000000cef00000| Untracked 
|1264|0x00000000cf000000, 0x00000000cf000000, 0x00000000cf100000|  0%| F|  |TAMS 0x00000000cf000000, 0x00000000cf000000| Untracked 
|1265|0x00000000cf100000, 0x00000000cf100000, 0x00000000cf200000|  0%| F|  |TAMS 0x00000000cf100000, 0x00000000cf100000| Untracked 
|1266|0x00000000cf200000, 0x00000000cf200000, 0x00000000cf300000|  0%| F|  |TAMS 0x00000000cf200000, 0x00000000cf200000| Untracked 
|1267|0x00000000cf300000, 0x00000000cf300000, 0x00000000cf400000|  0%| F|  |TAMS 0x00000000cf300000, 0x00000000cf300000| Untracked 
|1268|0x00000000cf400000, 0x00000000cf400000, 0x00000000cf500000|  0%| F|  |TAMS 0x00000000cf400000, 0x00000000cf400000| Untracked 
|1269|0x00000000cf500000, 0x00000000cf500000, 0x00000000cf600000|  0%| F|  |TAMS 0x00000000cf500000, 0x00000000cf500000| Untracked 
|1270|0x00000000cf600000, 0x00000000cf600000, 0x00000000cf700000|  0%| F|  |TAMS 0x00000000cf600000, 0x00000000cf600000| Untracked 
|1271|0x00000000cf700000, 0x00000000cf700000, 0x00000000cf800000|  0%| F|  |TAMS 0x00000000cf700000, 0x00000000cf700000| Untracked 
|1272|0x00000000cf800000, 0x00000000cf800000, 0x00000000cf900000|  0%| F|  |TAMS 0x00000000cf800000, 0x00000000cf800000| Untracked 
|1273|0x00000000cf900000, 0x00000000cf900000, 0x00000000cfa00000|  0%| F|  |TAMS 0x00000000cf900000, 0x00000000cf900000| Untracked 
|1274|0x00000000cfa00000, 0x00000000cfa00000, 0x00000000cfb00000|  0%| F|  |TAMS 0x00000000cfa00000, 0x00000000cfa00000| Untracked 
|1275|0x00000000cfb00000, 0x00000000cfb00000, 0x00000000cfc00000|  0%| F|  |TAMS 0x00000000cfb00000, 0x00000000cfb00000| Untracked 
|1276|0x00000000cfc00000, 0x00000000cfc00000, 0x00000000cfd00000|  0%| F|  |TAMS 0x00000000cfc00000, 0x00000000cfc00000| Untracked 
|1277|0x00000000cfd00000, 0x00000000cfd00000, 0x00000000cfe00000|  0%| F|  |TAMS 0x00000000cfd00000, 0x00000000cfd00000| Untracked 
|1278|0x00000000cfe00000, 0x00000000cff00000, 0x00000000cff00000|100%| S|CS|TAMS 0x00000000cfe00000, 0x00000000cfe00000| Complete 
|1279|0x00000000cff00000, 0x00000000d0000000, 0x00000000d0000000|100%| S|CS|TAMS 0x00000000cff00000, 0x00000000cff00000| Complete 
|1280|0x00000000d0000000, 0x00000000d0100000, 0x00000000d0100000|100%| S|CS|TAMS 0x00000000d0000000, 0x00000000d0000000| Complete 
|1281|0x00000000d0100000, 0x00000000d0200000, 0x00000000d0200000|100%| S|CS|TAMS 0x00000000d0100000, 0x00000000d0100000| Complete 
|1282|0x00000000d0200000, 0x00000000d0300000, 0x00000000d0300000|100%| S|CS|TAMS 0x00000000d0200000, 0x00000000d0200000| Complete 
|1283|0x00000000d0300000, 0x00000000d0400000, 0x00000000d0400000|100%| S|CS|TAMS 0x00000000d0300000, 0x00000000d0300000| Complete 
|1284|0x00000000d0400000, 0x00000000d0500000, 0x00000000d0500000|100%| S|CS|TAMS 0x00000000d0400000, 0x00000000d0400000| Complete 
|1285|0x00000000d0500000, 0x00000000d0600000, 0x00000000d0600000|100%| S|CS|TAMS 0x00000000d0500000, 0x00000000d0500000| Complete 
|1286|0x00000000d0600000, 0x00000000d0700000, 0x00000000d0700000|100%| S|CS|TAMS 0x00000000d0600000, 0x00000000d0600000| Complete 
|1287|0x00000000d0700000, 0x00000000d0700000, 0x00000000d0800000|  0%| F|  |TAMS 0x00000000d0700000, 0x00000000d0700000| Untracked 
|1288|0x00000000d0800000, 0x00000000d0800000, 0x00000000d0900000|  0%| F|  |TAMS 0x00000000d0800000, 0x00000000d0800000| Untracked 
|1289|0x00000000d0900000, 0x00000000d0900000, 0x00000000d0a00000|  0%| F|  |TAMS 0x00000000d0900000, 0x00000000d0900000| Untracked 
|1290|0x00000000d0a00000, 0x00000000d0a00000, 0x00000000d0b00000|  0%| F|  |TAMS 0x00000000d0a00000, 0x00000000d0a00000| Untracked 
|1291|0x00000000d0b00000, 0x00000000d0b00000, 0x00000000d0c00000|  0%| F|  |TAMS 0x00000000d0b00000, 0x00000000d0b00000| Untracked 
|1292|0x00000000d0c00000, 0x00000000d0c00000, 0x00000000d0d00000|  0%| F|  |TAMS 0x00000000d0c00000, 0x00000000d0c00000| Untracked 
|1293|0x00000000d0d00000, 0x00000000d0d00000, 0x00000000d0e00000|  0%| F|  |TAMS 0x00000000d0d00000, 0x00000000d0d00000| Untracked 
|1294|0x00000000d0e00000, 0x00000000d0e00000, 0x00000000d0f00000|  0%| F|  |TAMS 0x00000000d0e00000, 0x00000000d0e00000| Untracked 
|1295|0x00000000d0f00000, 0x00000000d0f00000, 0x00000000d1000000|  0%| F|  |TAMS 0x00000000d0f00000, 0x00000000d0f00000| Untracked 
|1296|0x00000000d1000000, 0x00000000d1000000, 0x00000000d1100000|  0%| F|  |TAMS 0x00000000d1000000, 0x00000000d1000000| Untracked 
|1297|0x00000000d1100000, 0x00000000d1100000, 0x00000000d1200000|  0%| F|  |TAMS 0x00000000d1100000, 0x00000000d1100000| Untracked 
|1298|0x00000000d1200000, 0x00000000d1200000, 0x00000000d1300000|  0%| F|  |TAMS 0x00000000d1200000, 0x00000000d1200000| Untracked 
|1299|0x00000000d1300000, 0x00000000d1300000, 0x00000000d1400000|  0%| F|  |TAMS 0x00000000d1300000, 0x00000000d1300000| Untracked 
|1300|0x00000000d1400000, 0x00000000d1400000, 0x00000000d1500000|  0%| F|  |TAMS 0x00000000d1400000, 0x00000000d1400000| Untracked 
|1301|0x00000000d1500000, 0x00000000d1500000, 0x00000000d1600000|  0%| F|  |TAMS 0x00000000d1500000, 0x00000000d1500000| Untracked 
|1302|0x00000000d1600000, 0x00000000d1600000, 0x00000000d1700000|  0%| F|  |TAMS 0x00000000d1600000, 0x00000000d1600000| Untracked 
|1303|0x00000000d1700000, 0x00000000d1700000, 0x00000000d1800000|  0%| F|  |TAMS 0x00000000d1700000, 0x00000000d1700000| Untracked 
|1304|0x00000000d1800000, 0x00000000d1800000, 0x00000000d1900000|  0%| F|  |TAMS 0x00000000d1800000, 0x00000000d1800000| Untracked 
|1305|0x00000000d1900000, 0x00000000d1900000, 0x00000000d1a00000|  0%| F|  |TAMS 0x00000000d1900000, 0x00000000d1900000| Untracked 
|1306|0x00000000d1a00000, 0x00000000d1a00000, 0x00000000d1b00000|  0%| F|  |TAMS 0x00000000d1a00000, 0x00000000d1a00000| Untracked 
|1307|0x00000000d1b00000, 0x00000000d1b00000, 0x00000000d1c00000|  0%| F|  |TAMS 0x00000000d1b00000, 0x00000000d1b00000| Untracked 
|1308|0x00000000d1c00000, 0x00000000d1c00000, 0x00000000d1d00000|  0%| F|  |TAMS 0x00000000d1c00000, 0x00000000d1c00000| Untracked 
|1309|0x00000000d1d00000, 0x00000000d1d00000, 0x00000000d1e00000|  0%| F|  |TAMS 0x00000000d1d00000, 0x00000000d1d00000| Untracked 
|1310|0x00000000d1e00000, 0x00000000d1e00000, 0x00000000d1f00000|  0%| F|  |TAMS 0x00000000d1e00000, 0x00000000d1e00000| Untracked 
|1311|0x00000000d1f00000, 0x00000000d1f00000, 0x00000000d2000000|  0%| F|  |TAMS 0x00000000d1f00000, 0x00000000d1f00000| Untracked 
|1312|0x00000000d2000000, 0x00000000d2000000, 0x00000000d2100000|  0%| F|  |TAMS 0x00000000d2000000, 0x00000000d2000000| Untracked 
|1313|0x00000000d2100000, 0x00000000d2100000, 0x00000000d2200000|  0%| F|  |TAMS 0x00000000d2100000, 0x00000000d2100000| Untracked 
|1314|0x00000000d2200000, 0x00000000d2200000, 0x00000000d2300000|  0%| F|  |TAMS 0x00000000d2200000, 0x00000000d2200000| Untracked 
|1315|0x00000000d2300000, 0x00000000d2300000, 0x00000000d2400000|  0%| F|  |TAMS 0x00000000d2300000, 0x00000000d2300000| Untracked 
|1316|0x00000000d2400000, 0x00000000d2400000, 0x00000000d2500000|  0%| F|  |TAMS 0x00000000d2400000, 0x00000000d2400000| Untracked 
|1317|0x00000000d2500000, 0x00000000d2500000, 0x00000000d2600000|  0%| F|  |TAMS 0x00000000d2500000, 0x00000000d2500000| Untracked 
|1318|0x00000000d2600000, 0x00000000d2600000, 0x00000000d2700000|  0%| F|  |TAMS 0x00000000d2600000, 0x00000000d2600000| Untracked 
|1319|0x00000000d2700000, 0x00000000d2700000, 0x00000000d2800000|  0%| F|  |TAMS 0x00000000d2700000, 0x00000000d2700000| Untracked 
|1320|0x00000000d2800000, 0x00000000d2800000, 0x00000000d2900000|  0%| F|  |TAMS 0x00000000d2800000, 0x00000000d2800000| Untracked 
|1321|0x00000000d2900000, 0x00000000d2900000, 0x00000000d2a00000|  0%| F|  |TAMS 0x00000000d2900000, 0x00000000d2900000| Untracked 
|1322|0x00000000d2a00000, 0x00000000d2a00000, 0x00000000d2b00000|  0%| F|  |TAMS 0x00000000d2a00000, 0x00000000d2a00000| Untracked 
|1323|0x00000000d2b00000, 0x00000000d2b00000, 0x00000000d2c00000|  0%| F|  |TAMS 0x00000000d2b00000, 0x00000000d2b00000| Untracked 
|1324|0x00000000d2c00000, 0x00000000d2c00000, 0x00000000d2d00000|  0%| F|  |TAMS 0x00000000d2c00000, 0x00000000d2c00000| Untracked 
|1325|0x00000000d2d00000, 0x00000000d2d00000, 0x00000000d2e00000|  0%| F|  |TAMS 0x00000000d2d00000, 0x00000000d2d00000| Untracked 
|1326|0x00000000d2e00000, 0x00000000d2e00000, 0x00000000d2f00000|  0%| F|  |TAMS 0x00000000d2e00000, 0x00000000d2e00000| Untracked 
|1327|0x00000000d2f00000, 0x00000000d2f00000, 0x00000000d3000000|  0%| F|  |TAMS 0x00000000d2f00000, 0x00000000d2f00000| Untracked 
|1328|0x00000000d3000000, 0x00000000d3000000, 0x00000000d3100000|  0%| F|  |TAMS 0x00000000d3000000, 0x00000000d3000000| Untracked 
|1329|0x00000000d3100000, 0x00000000d3100000, 0x00000000d3200000|  0%| F|  |TAMS 0x00000000d3100000, 0x00000000d3100000| Untracked 
|1330|0x00000000d3200000, 0x00000000d3200000, 0x00000000d3300000|  0%| F|  |TAMS 0x00000000d3200000, 0x00000000d3200000| Untracked 
|1331|0x00000000d3300000, 0x00000000d3300000, 0x00000000d3400000|  0%| F|  |TAMS 0x00000000d3300000, 0x00000000d3300000| Untracked 
|1332|0x00000000d3400000, 0x00000000d3400000, 0x00000000d3500000|  0%| F|  |TAMS 0x00000000d3400000, 0x00000000d3400000| Untracked 
|1333|0x00000000d3500000, 0x00000000d3500000, 0x00000000d3600000|  0%| F|  |TAMS 0x00000000d3500000, 0x00000000d3500000| Untracked 
|1334|0x00000000d3600000, 0x00000000d3600000, 0x00000000d3700000|  0%| F|  |TAMS 0x00000000d3600000, 0x00000000d3600000| Untracked 
|1335|0x00000000d3700000, 0x00000000d3700000, 0x00000000d3800000|  0%| F|  |TAMS 0x00000000d3700000, 0x00000000d3700000| Untracked 
|1336|0x00000000d3800000, 0x00000000d3800000, 0x00000000d3900000|  0%| F|  |TAMS 0x00000000d3800000, 0x00000000d3800000| Untracked 
|1337|0x00000000d3900000, 0x00000000d3900000, 0x00000000d3a00000|  0%| F|  |TAMS 0x00000000d3900000, 0x00000000d3900000| Untracked 
|1338|0x00000000d3a00000, 0x00000000d3a00000, 0x00000000d3b00000|  0%| F|  |TAMS 0x00000000d3a00000, 0x00000000d3a00000| Untracked 
|1339|0x00000000d3b00000, 0x00000000d3b00000, 0x00000000d3c00000|  0%| F|  |TAMS 0x00000000d3b00000, 0x00000000d3b00000| Untracked 
|1340|0x00000000d3c00000, 0x00000000d3c00000, 0x00000000d3d00000|  0%| F|  |TAMS 0x00000000d3c00000, 0x00000000d3c00000| Untracked 
|1341|0x00000000d3d00000, 0x00000000d3d00000, 0x00000000d3e00000|  0%| F|  |TAMS 0x00000000d3d00000, 0x00000000d3d00000| Untracked 
|1342|0x00000000d3e00000, 0x00000000d3e00000, 0x00000000d3f00000|  0%| F|  |TAMS 0x00000000d3e00000, 0x00000000d3e00000| Untracked 
|1343|0x00000000d3f00000, 0x00000000d3f00000, 0x00000000d4000000|  0%| F|  |TAMS 0x00000000d3f00000, 0x00000000d3f00000| Untracked 
|1344|0x00000000d4000000, 0x00000000d4000000, 0x00000000d4100000|  0%| F|  |TAMS 0x00000000d4000000, 0x00000000d4000000| Untracked 
|1920|0x00000000f8000000, 0x00000000f8100000, 0x00000000f8100000|100%| O|  |TAMS 0x00000000f8100000, 0x00000000f8100000| Untracked 

Card table byte_map: [0x000001844e080000,0x000001844e480000] _byte_map_base: 0x000001844dc80000

Marking Bits (Prev, Next): (CMBitMap*) 0x0000018436c742f0, (CMBitMap*) 0x0000018436c74330
 Prev Bits: [0x000001844e880000, 0x0000018450880000)
 Next Bits: [0x0000018450880000, 0x0000018452880000)

Polling page: 0x0000018434a70000

Metaspace:

Usage:
  Non-class:    165.40 MB used.
      Class:     25.27 MB used.
       Both:    190.67 MB used.

Virtual space:
  Non-class space:      192.00 MB reserved,     166.88 MB ( 87%) committed,  3 nodes.
      Class space:      416.00 MB reserved,      26.50 MB (  6%) committed,  1 nodes.
             Both:      608.00 MB reserved,     193.38 MB ( 32%) committed. 

Chunk freelists:
   Non-Class:  9.16 MB
       Class:  5.50 MB
        Both:  14.66 MB

MaxMetaspaceSize: 512.00 MB
CompressedClassSpaceSize: 416.00 MB
Initial GC threshold: 21.00 MB
Current GC threshold: 319.50 MB
CDS: on
MetaspaceReclaimPolicy: balanced
 - commit_granule_bytes: 65536.
 - commit_granule_words: 8192.
 - virtual_space_node_default_size: 8388608.
 - enlarge_chunks_in_place: 1.
 - new_chunks_are_fully_committed: 0.
 - uncommit_free_chunks: 1.
 - use_allocation_guard: 0.
 - handle_deallocations: 1.


Internal statistics:

num_allocs_failed_limit: 15.
num_arena_births: 5066.
num_arena_deaths: 440.
num_vsnodes_births: 4.
num_vsnodes_deaths: 0.
num_space_committed: 3100.
num_space_uncommitted: 9.
num_chunks_returned_to_freelist: 642.
num_chunks_taken_from_freelist: 14732.
num_chunk_merges: 222.
num_chunk_splits: 8762.
num_chunks_enlarged: 4708.
num_inconsistent_stats: 0.

CodeHeap 'non-profiled nmethods': size=120000Kb used=44543Kb max_used=44543Kb free=75456Kb
 bounds [0x0000018446200000, 0x0000018448d80000, 0x000001844d730000]
CodeHeap 'profiled nmethods': size=120000Kb used=76861Kb max_used=77410Kb free=43138Kb
 bounds [0x000001843e730000, 0x0000018443300000, 0x0000018445c60000]
CodeHeap 'non-nmethods': size=5760Kb used=2612Kb max_used=2670Kb free=3147Kb
 bounds [0x0000018445c60000, 0x0000018445f20000, 0x0000018446200000]
 total_blobs=40356 nmethods=39181 adapters=1085
 compilation: enabled
              stopped_count=0, restarted_count=0
 full_count=0

Compilation events (20 events):
Event: 13729.038 Thread 0x00000184554de810 nmethod 56749 0x0000018442e59790 code [0x0000018442e59920, 0x0000018442e59a48]
Event: 13729.038 Thread 0x00000184554de810 56723       2       com.android.tools.r8.dex.code.Y1::<init> (13 bytes)
Event: 13729.038 Thread 0x00000184554de810 nmethod 56723 0x0000018442e59390 code [0x0000018442e59520, 0x0000018442e59648]
Event: 13729.038 Thread 0x00000184554de810 56757       1       com.android.tools.r8.graph.X0::q0 (2 bytes)
Event: 13729.038 Thread 0x00000184554de810 nmethod 56757 0x0000018448d7fc10 code [0x0000018448d7fda0, 0x0000018448d7fe78]
Event: 13729.041 Thread 0x00000184554de810 56758       2       com.android.tools.r8.dex.code.x0::<init> (129 bytes)
Event: 13729.042 Thread 0x00000184554de810 nmethod 56758 0x000001844200f590 code [0x000001844200f760, 0x000001844200fb58]
Event: 13729.051 Thread 0x00000184554de810 56759       2       com.android.tools.r8.dex.C::a (837 bytes)
Event: 13729.072 Thread 0x00000184554de810 nmethod 56759 0x00000184428f0910 code [0x00000184428f0de0, 0x00000184428f2bf8]
Event: 13729.113 Thread 0x00000184554de810 56760       2       com.android.tools.r8.internal.ln::b (17 bytes)
Event: 13729.114 Thread 0x00000184554de810 nmethod 56760 0x0000018442e59010 code [0x0000018442e591a0, 0x0000018442e592c8]
Event: 13729.366 Thread 0x00000184554de810 56763       3       com.android.tools.r8.dex.code.V0::<init> (20 bytes)
Event: 13729.367 Thread 0x00000184554de810 nmethod 56763 0x000001844200ee90 code [0x000001844200f060, 0x000001844200f398]
Event: 13729.386 Thread 0x00000184554de810 56766       2       com.android.tools.r8.graph.O2$i::a (22 bytes)
Event: 13729.387 Thread 0x00000184554de810 nmethod 56766 0x0000018442e58b90 code [0x0000018442e58d20, 0x0000018442e58e78]
Event: 13729.445 Thread 0x00000184554de810 56768       3       com.android.tools.r8.graph.r0::c (73 bytes)
Event: 13729.448 Thread 0x00000184554de810 nmethod 56768 0x00000184428b4d10 code [0x00000184428b4f60, 0x00000184428b5988]
Event: 13729.466 Thread 0x00000184554de810 56769       3       com.android.tools.r8.dex.C$$Lambda$6115/0x0000018458553520::get (8 bytes)
Event: 13729.467 Thread 0x00000184554de810 nmethod 56769 0x00000184428b4910 code [0x00000184428b4ac0, 0x00000184428b4c08]
Event: 13729.483 Thread 0x00000184554de810 56770   !   3       java.util.concurrent.ForkJoinTask::awaitDone (656 bytes)

GC Heap History (20 events):
Event: 13644.516 GC heap after
{Heap after GC invocations=235 (full 1):
 garbage-first heap   total 898048K, used 275089K [0x0000000080000000, 0x0000000100000000)
  region size 1024K, 5 young (5120K), 5 survivors (5120K)
 Metaspace       used 194472K, committed 197248K, reserved 622592K
  class space    used 25793K, committed 27136K, reserved 425984K
}
Event: 13676.552 GC heap before
{Heap before GC invocations=235 (full 1):
 garbage-first heap   total 898048K, used 638609K [0x0000000080000000, 0x0000000100000000)
  region size 1024K, 343 young (351232K), 5 survivors (5120K)
 Metaspace       used 195049K, committed 197824K, reserved 622592K
  class space    used 25857K, committed 27136K, reserved 425984K
}
Event: 13676.975 GC heap after
{Heap after GC invocations=236 (full 1):
 garbage-first heap   total 898048K, used 307569K [0x0000000080000000, 0x0000000100000000)
  region size 1024K, 38 young (38912K), 38 survivors (38912K)
 Metaspace       used 195049K, committed 197824K, reserved 622592K
  class space    used 25857K, committed 27136K, reserved 425984K
}
Event: 13677.522 GC heap before
{Heap before GC invocations=236 (full 1):
 garbage-first heap   total 898048K, used 394609K [0x0000000080000000, 0x0000000100000000)
  region size 1024K, 124 young (126976K), 38 survivors (38912K)
 Metaspace       used 195120K, committed 197888K, reserved 622592K
  class space    used 25867K, committed 27136K, reserved 425984K
}
Event: 13677.690 GC heap after
{Heap after GC invocations=237 (full 1):
 garbage-first heap   total 898048K, used 304334K [0x0000000080000000, 0x0000000100000000)
  region size 1024K, 12 young (12288K), 12 survivors (12288K)
 Metaspace       used 195120K, committed 197888K, reserved 622592K
  class space    used 25867K, committed 27136K, reserved 425984K
}
Event: 13677.889 GC heap before
{Heap before GC invocations=237 (full 1):
 garbage-first heap   total 898048K, used 378062K [0x0000000080000000, 0x0000000100000000)
  region size 1024K, 85 young (87040K), 12 survivors (12288K)
 Metaspace       used 195121K, committed 197888K, reserved 622592K
  class space    used 25867K, committed 27136K, reserved 425984K
}
Event: 13677.929 GC heap after
{Heap after GC invocations=238 (full 1):
 garbage-first heap   total 898048K, used 308022K [0x0000000080000000, 0x0000000100000000)
  region size 1024K, 6 young (6144K), 6 survivors (6144K)
 Metaspace       used 195121K, committed 197888K, reserved 622592K
  class space    used 25867K, committed 27136K, reserved 425984K
}
Event: 13692.527 GC heap before
{Heap before GC invocations=238 (full 1):
 garbage-first heap   total 898048K, used 536374K [0x0000000080000000, 0x0000000100000000)
  region size 1024K, 230 young (235520K), 6 survivors (6144K)
 Metaspace       used 195124K, committed 197888K, reserved 622592K
  class space    used 25867K, committed 27136K, reserved 425984K
}
Event: 13692.556 GC heap after
{Heap after GC invocations=239 (full 1):
 garbage-first heap   total 898048K, used 318629K [0x0000000080000000, 0x0000000100000000)
  region size 1024K, 17 young (17408K), 17 survivors (17408K)
 Metaspace       used 195124K, committed 197888K, reserved 622592K
  class space    used 25867K, committed 27136K, reserved 425984K
}
Event: 13692.871 GC heap before
{Heap before GC invocations=239 (full 1):
 garbage-first heap   total 898048K, used 500901K [0x0000000080000000, 0x0000000100000000)
  region size 1024K, 193 young (197632K), 17 survivors (17408K)
 Metaspace       used 195166K, committed 197952K, reserved 622592K
  class space    used 25872K, committed 27136K, reserved 425984K
}
Event: 13692.945 GC heap after
{Heap after GC invocations=240 (full 1):
 garbage-first heap   total 898048K, used 323410K [0x0000000080000000, 0x0000000100000000)
  region size 1024K, 14 young (14336K), 14 survivors (14336K)
 Metaspace       used 195166K, committed 197952K, reserved 622592K
  class space    used 25872K, committed 27136K, reserved 425984K
}
Event: 13692.974 GC heap before
{Heap before GC invocations=240 (full 1):
 garbage-first heap   total 898048K, used 337746K [0x0000000080000000, 0x0000000100000000)
  region size 1024K, 29 young (29696K), 14 survivors (14336K)
 Metaspace       used 195166K, committed 197952K, reserved 622592K
  class space    used 25872K, committed 27136K, reserved 425984K
}
Event: 13693.142 GC heap after
{Heap after GC invocations=241 (full 1):
 garbage-first heap   total 1378304K, used 322898K [0x0000000080000000, 0x0000000100000000)
  region size 1024K, 14 young (14336K), 14 survivors (14336K)
 Metaspace       used 195166K, committed 197952K, reserved 622592K
  class space    used 25872K, committed 27136K, reserved 425984K
}
Event: 13715.628 GC heap before
{Heap before GC invocations=241 (full 1):
 garbage-first heap   total 1378304K, used 920914K [0x0000000080000000, 0x0000000100000000)
  region size 1024K, 550 young (563200K), 14 survivors (14336K)
 Metaspace       used 195200K, committed 197952K, reserved 622592K
  class space    used 25874K, committed 27136K, reserved 425984K
}
Event: 13718.010 GC heap after
{Heap after GC invocations=242 (full 1):
 garbage-first heap   total 1378304K, used 372941K [0x0000000080000000, 0x0000000100000000)
  region size 1024K, 38 young (38912K), 38 survivors (38912K)
 Metaspace       used 195200K, committed 197952K, reserved 622592K
  class space    used 25874K, committed 27136K, reserved 425984K
}
Event: 13721.853 GC heap before
{Heap before GC invocations=242 (full 1):
 garbage-first heap   total 1378304K, used 402637K [0x0000000080000000, 0x0000000100000000)
  region size 1024K, 67 young (68608K), 38 survivors (38912K)
 Metaspace       used 195220K, committed 197952K, reserved 622592K
  class space    used 25875K, committed 27136K, reserved 425984K
}
Event: 13728.142 GC heap after
{Heap after GC invocations=243 (full 1):
 garbage-first heap   total 1378304K, used 383778K [0x0000000080000000, 0x0000000100000000)
  region size 1024K, 9 young (9216K), 9 survivors (9216K)
 Metaspace       used 195220K, committed 197952K, reserved 622592K
  class space    used 25875K, committed 27136K, reserved 425984K
}
Event: 13729.161 GC heap before
{Heap before GC invocations=243 (full 1):
 garbage-first heap   total 1378304K, used 443170K [0x0000000080000000, 0x0000000100000000)
  region size 1024K, 67 young (68608K), 9 survivors (9216K)
 Metaspace       used 195236K, committed 198016K, reserved 622592K
  class space    used 25876K, committed 27136K, reserved 425984K
}
Event: 13729.309 GC heap after
{Heap after GC invocations=244 (full 1):
 garbage-first heap   total 1378304K, used 415465K [0x0000000080000000, 0x0000000100000000)
  region size 1024K, 9 young (9216K), 9 survivors (9216K)
 Metaspace       used 195236K, committed 198016K, reserved 622592K
  class space    used 25876K, committed 27136K, reserved 425984K
}
Event: 13729.516 GC heap before
{Heap before GC invocations=244 (full 1):
 garbage-first heap   total 1378304K, used 473833K [0x0000000080000000, 0x0000000100000000)
  region size 1024K, 67 young (68608K), 9 survivors (9216K)
 Metaspace       used 195242K, committed 198016K, reserved 622592K
  class space    used 25878K, committed 27136K, reserved 425984K
}

Dll operation events (17 events):
Event: 0.041 Loaded shared library C:\Program Files\Microsoft\jdk-17.0.12.7-hotspot\bin\java.dll
Event: 0.078 Loaded shared library C:\Program Files\Microsoft\jdk-17.0.12.7-hotspot\bin\jsvml.dll
Event: 0.164 Loaded shared library C:\Program Files\Microsoft\jdk-17.0.12.7-hotspot\bin\zip.dll
Event: 0.170 Loaded shared library C:\Program Files\Microsoft\jdk-17.0.12.7-hotspot\bin\instrument.dll
Event: 0.178 Loaded shared library C:\Program Files\Microsoft\jdk-17.0.12.7-hotspot\bin\net.dll
Event: 0.182 Loaded shared library C:\Program Files\Microsoft\jdk-17.0.12.7-hotspot\bin\nio.dll
Event: 0.187 Loaded shared library C:\Program Files\Microsoft\jdk-17.0.12.7-hotspot\bin\zip.dll
Event: 0.689 Loaded shared library C:\Program Files\Microsoft\jdk-17.0.12.7-hotspot\bin\jimage.dll
Event: 0.932 Loaded shared library C:\Program Files\Microsoft\jdk-17.0.12.7-hotspot\bin\verify.dll
Event: 2.652 Loaded shared library C:\Users\arun9\.gradle\native\c067742578af261105cb4f569cf0c3c89f3d7b1fecec35dd04571415982c5e48\windows-amd64\native-platform.dll
Event: 2.708 Loaded shared library C:\Users\arun9\.gradle\native\100fb08df4bc3b14c8652ba06237920a3bd2aa13389f12d3474272988ae205f9\windows-amd64\native-platform-file-events.dll
Event: 18.241 Loaded shared library C:\Program Files\Microsoft\jdk-17.0.12.7-hotspot\bin\management.dll
Event: 18.247 Loaded shared library C:\Program Files\Microsoft\jdk-17.0.12.7-hotspot\bin\management_ext.dll
Event: 18.632 Loaded shared library C:\Program Files\Microsoft\jdk-17.0.12.7-hotspot\bin\extnet.dll
Event: 19.249 Loaded shared library C:\Program Files\Microsoft\jdk-17.0.12.7-hotspot\bin\sunmscapi.dll
Event: 13522.519 Loaded shared library C:\Users\arun9\AppData\Local\Temp\native-platform8834029625472402421dir\native-platform.dll
Event: 13526.468 Loaded shared library C:\Program Files\Microsoft\jdk-17.0.12.7-hotspot\bin\rmi.dll

Deoptimization events (20 events):
Event: 13729.348 Thread 0x00000184054ab730 DEOPT UNPACKING pc=0x0000018445cb7143 sp=0x0000000cb42fe1e0 mode 0
Event: 13729.353 Thread 0x000001840640c1e0 DEOPT UNPACKING pc=0x0000018445cb7143 sp=0x0000000cb66fd9e0 mode 0
Event: 13729.371 Thread 0x0000018401d003a0 DEOPT PACKING pc=0x0000018441229902 sp=0x0000000cb68fea40
Event: 13729.373 Thread 0x0000018401d003a0 DEOPT UNPACKING pc=0x0000018445cb7143 sp=0x0000000cb68fe070 mode 0
Event: 13729.386 Thread 0x00000184049660f0 DEOPT PACKING pc=0x0000018441229902 sp=0x0000000cb62fe6c0
Event: 13729.387 Thread 0x00000184049660f0 DEOPT UNPACKING pc=0x0000018445cb7143 sp=0x0000000cb62fdcf0 mode 0
Event: 13729.398 Thread 0x000001847fbcf9b0 DEOPT PACKING pc=0x0000018441229902 sp=0x0000000cb65fe840
Event: 13729.401 Thread 0x000001847fbcf9b0 DEOPT UNPACKING pc=0x0000018445cb7143 sp=0x0000000cb65fde70 mode 0
Event: 13729.409 Thread 0x00000184054ab730 DEOPT PACKING pc=0x0000018441229902 sp=0x0000000cb42febc0
Event: 13729.409 Thread 0x00000184054ab730 DEOPT UNPACKING pc=0x0000018445cb7143 sp=0x0000000cb42fe1f0 mode 0
Event: 13729.423 Thread 0x00000184049660f0 DEOPT PACKING pc=0x0000018441229902 sp=0x0000000cb62fe6c0
Event: 13729.423 Thread 0x00000184049660f0 DEOPT UNPACKING pc=0x0000018445cb7143 sp=0x0000000cb62fdcf0 mode 0
Event: 13729.439 Thread 0x000001847fbcf9b0 DEOPT PACKING pc=0x0000018441229902 sp=0x0000000cb65fe840
Event: 13729.440 Thread 0x000001847fbcf9b0 DEOPT UNPACKING pc=0x0000018445cb7143 sp=0x0000000cb65fde70 mode 0
Event: 13729.455 Thread 0x000001847fbcf4a0 DEOPT PACKING pc=0x0000018441229902 sp=0x0000000cb41fe4e0
Event: 13729.456 Thread 0x000001847fbcf4a0 DEOPT UNPACKING pc=0x0000018445cb7143 sp=0x0000000cb41fdb10 mode 0
Event: 13729.476 Thread 0x000001847fbcf4a0 DEOPT PACKING pc=0x0000018441229902 sp=0x0000000cb41fe4d0
Event: 13729.476 Thread 0x000001847fbcf4a0 DEOPT UNPACKING pc=0x0000018445cb7143 sp=0x0000000cb41fdb00 mode 0
Event: 13729.490 Thread 0x000001847fbcf9b0 DEOPT PACKING pc=0x0000018441229902 sp=0x0000000cb65fe840
Event: 13729.490 Thread 0x000001847fbcf9b0 DEOPT UNPACKING pc=0x0000018445cb7143 sp=0x0000000cb65fde70 mode 0

Classes loaded (20 events):
Event: 13556.222 Loading class sun/rmi/server/LoaderHandler$Loader
Event: 13556.223 Loading class sun/rmi/server/LoaderHandler$Loader done
Event: 13556.267 Loading class java/rmi/server/ServerNotActiveException
Event: 13556.267 Loading class java/rmi/server/ServerNotActiveException done
Event: 13556.285 Loading class sun/rmi/transport/DGCAckHandler
Event: 13556.285 Loading class sun/rmi/transport/DGCAckHandler done
Event: 13556.304 Loading class sun/rmi/transport/DGCAckHandler$1
Event: 13556.304 Loading class sun/rmi/transport/DGCAckHandler$1 done
Event: 13556.344 Loading class sun/rmi/transport/tcp/TCPTransport$ConnectionHandler
Event: 13556.345 Loading class sun/rmi/transport/tcp/TCPTransport$ConnectionHandler done
Event: 13556.364 Loading class sun/rmi/transport/Transport$1
Event: 13556.365 Loading class sun/rmi/transport/Transport$1 done
Event: 13556.368 Loading class sun/rmi/transport/DGCImpl$LeaseInfo
Event: 13556.368 Loading class sun/rmi/transport/DGCImpl$LeaseInfo done
Event: 13556.368 Loading class sun/rmi/transport/DGCImpl$1
Event: 13556.368 Loading class sun/rmi/transport/DGCImpl$1 done
Event: 13556.368 Loading class sun/rmi/transport/SequenceEntry
Event: 13556.368 Loading class sun/rmi/transport/SequenceEntry done
Event: 13644.522 Loading class sun/rmi/transport/DGCClient$EndpointEntry$CleanRequest
Event: 13644.531 Loading class sun/rmi/transport/DGCClient$EndpointEntry$CleanRequest done

Classes unloaded (20 events):
Event: 13527.586 Thread 0x00000184554ab0a0 Unloading class 0x00000184571d3400 'java/lang/invoke/LambdaForm$MH+0x00000184571d3400'
Event: 13527.586 Thread 0x00000184554ab0a0 Unloading class 0x00000184571d3000 'java/lang/invoke/LambdaForm$MH+0x00000184571d3000'
Event: 13527.586 Thread 0x00000184554ab0a0 Unloading class 0x00000184571d2c00 'java/lang/invoke/LambdaForm$MH+0x00000184571d2c00'
Event: 13527.586 Thread 0x00000184554ab0a0 Unloading class 0x00000184571d2800 'java/lang/invoke/LambdaForm$MH+0x00000184571d2800'
Event: 13527.586 Thread 0x00000184554ab0a0 Unloading class 0x00000184571d2400 'java/lang/invoke/LambdaForm$MH+0x00000184571d2400'
Event: 13527.586 Thread 0x00000184554ab0a0 Unloading class 0x00000184571d2000 'java/lang/invoke/LambdaForm$MH+0x00000184571d2000'
Event: 13527.586 Thread 0x00000184554ab0a0 Unloading class 0x00000184571d1c00 'java/lang/invoke/LambdaForm$MH+0x00000184571d1c00'
Event: 13527.586 Thread 0x00000184554ab0a0 Unloading class 0x00000184571d1800 'java/lang/invoke/LambdaForm$MH+0x00000184571d1800'
Event: 13527.586 Thread 0x00000184554ab0a0 Unloading class 0x00000184571d0800 'java/lang/invoke/LambdaForm$MH+0x00000184571d0800'
Event: 13527.587 Thread 0x00000184554ab0a0 Unloading class 0x00000184571d0400 'java/lang/invoke/LambdaForm$BMH+0x00000184571d0400'
Event: 13527.587 Thread 0x00000184554ab0a0 Unloading class 0x0000018457104800 'java/lang/invoke/LambdaForm$DMH+0x0000018457104800'
Event: 13527.587 Thread 0x00000184554ab0a0 Unloading class 0x0000018457104000 'java/lang/invoke/LambdaForm$DMH+0x0000018457104000'
Event: 13527.587 Thread 0x00000184554ab0a0 Unloading class 0x00000184570fd800 'java/lang/invoke/LambdaForm$MH+0x00000184570fd800'
Event: 13527.588 Thread 0x00000184554ab0a0 Unloading class 0x00000184570fd400 'java/lang/invoke/LambdaForm$MH+0x00000184570fd400'
Event: 13527.588 Thread 0x00000184554ab0a0 Unloading class 0x00000184570fd000 'java/lang/invoke/LambdaForm$MH+0x00000184570fd000'
Event: 13527.588 Thread 0x00000184554ab0a0 Unloading class 0x00000184570fcc00 'java/lang/invoke/LambdaForm$MH+0x00000184570fcc00'
Event: 13527.588 Thread 0x00000184554ab0a0 Unloading class 0x00000184570fc800 'java/lang/invoke/LambdaForm$MH+0x00000184570fc800'
Event: 13527.588 Thread 0x00000184554ab0a0 Unloading class 0x000001845702b000 'java/lang/invoke/LambdaForm$MH+0x000001845702b000'
Event: 13527.588 Thread 0x00000184554ab0a0 Unloading class 0x000001845702ac00 'java/lang/invoke/LambdaForm$MH+0x000001845702ac00'
Event: 13527.588 Thread 0x00000184554ab0a0 Unloading class 0x0000018457028800 'java/lang/invoke/LambdaForm$MH+0x0000018457028800'

Classes redefined (0 events):
No events

Internal exceptions (20 events):
Event: 13676.444 Thread 0x0000018404c90ee0 Exception <a 'sun/nio/fs/WindowsException'{0x00000000a703abc0}> (0x00000000a703abc0) 
thrown [s\src\hotspot\share\prims\jni.cpp, line 516]
Event: 13676.445 Thread 0x0000018404c90ee0 Exception <a 'sun/nio/fs/WindowsException'{0x00000000a703d230}> (0x00000000a703d230) 
thrown [s\src\hotspot\share\prims\jni.cpp, line 516]
Event: 13677.105 Thread 0x000001847ab82220 Exception <a 'sun/nio/fs/WindowsException'{0x00000000b4af6fc0}> (0x00000000b4af6fc0) 
thrown [s\src\hotspot\share\prims\jni.cpp, line 516]
Event: 13677.155 Thread 0x000001847ab82220 Implicit null exception at 0x0000018447b55b8f to 0x0000018447b563e4
Event: 13677.206 Thread 0x000001847ab81d10 Exception <a 'sun/nio/fs/WindowsException'{0x00000000b1d73058}> (0x00000000b1d73058) 
thrown [s\src\hotspot\share\prims\jni.cpp, line 516]
Event: 13677.223 Thread 0x000001840101e190 Exception <a 'sun/nio/fs/WindowsException'{0x00000000b1aa1828}> (0x00000000b1aa1828) 
thrown [s\src\hotspot\share\prims\jni.cpp, line 516]
Event: 13677.224 Thread 0x000001840101e190 Exception <a 'sun/nio/fs/WindowsException'{0x00000000b1abfb20}> (0x00000000b1abfb20) 
thrown [s\src\hotspot\share\prims\jni.cpp, line 516]
Event: 13677.342 Thread 0x0000018400aa1840 Exception <a 'sun/nio/fs/WindowsException'{0x00000000b0423478}> (0x00000000b0423478) 
thrown [s\src\hotspot\share\prims\jni.cpp, line 516]
Event: 13677.374 Thread 0x0000018404c8eb70 Exception <a 'sun/nio/fs/WindowsException'{0x00000000aff95d30}> (0x00000000aff95d30) 
thrown [s\src\hotspot\share\prims\jni.cpp, line 516]
Event: 13678.010 Thread 0x000001840101e6a0 Exception <a 'sun/nio/fs/WindowsException'{0x00000000b2f1c750}> (0x00000000b2f1c750) 
thrown [s\src\hotspot\share\prims\jni.cpp, line 516]
Event: 13690.034 Thread 0x0000018404c909d0 Exception <a 'sun/nio/fs/WindowsException'{0x00000000ac03cfa0}> (0x00000000ac03cfa0) 
thrown [s\src\hotspot\share\prims\jni.cpp, line 516]
Event: 13692.494 Thread 0x000001840101ebb0 Implicit null exception at 0x0000018448127a02 to 0x0000018448128ad0
Event: 13692.737 Thread 0x0000018401cf8f30 Implicit null exception at 0x000001844812aefe to 0x000001844812bec4
Event: 13692.750 Thread 0x0000018401cf8f30 Implicit null exception at 0x00000184480ec57b to 0x00000184480ed574
Event: 13692.777 Thread 0x000001847ab82220 Exception <a 'sun/nio/fs/WindowsException'{0x00000000ad48ceb8}> (0x00000000ad48ceb8) 
thrown [s\src\hotspot\share\prims\jni.cpp, line 516]
Event: 13692.778 Thread 0x000001847ab82220 Exception <a 'sun/nio/fs/WindowsException'{0x00000000ad48f358}> (0x00000000ad48f358) 
thrown [s\src\hotspot\share\prims\jni.cpp, line 516]
Event: 13692.860 Thread 0x000001840101f0c0 Exception <a 'sun/nio/fs/WindowsException'{0x00000000a9c17c10}> (0x00000000a9c17c10) 
thrown [s\src\hotspot\share\prims\jni.cpp, line 516]
Event: 13693.816 Thread 0x0000018404967a40 Exception <a 'sun/nio/fs/WindowsException'{0x00000000cc2149b8}> (0x00000000cc2149b8) 
thrown [s\src\hotspot\share\prims\jni.cpp, line 516]
Event: 13693.835 Thread 0x000001847ab82730 Exception <a 'sun/nio/fs/WindowsException'{0x00000000cbb428f8}> (0x00000000cbb428f8) 
thrown [s\src\hotspot\share\prims\jni.cpp, line 516]
Event: 13714.441 Thread 0x000001847ab81d10 Exception <a 'sun/nio/fs/WindowsException'{0x00000000b186aa48}> (0x00000000b186aa48) 
thrown [s\src\hotspot\share\prims\jni.cpp, line 516]

VM Operations (20 events):
Event: 13709.063 Executing VM operation: Cleanup done
Event: 13710.074 Executing VM operation: Cleanup
Event: 13710.166 Executing VM operation: Cleanup done
Event: 13711.178 Executing VM operation: Cleanup
Event: 13712.268 Executing VM operation: Cleanup done
Event: 13713.280 Executing VM operation: Cleanup
Event: 13713.758 Executing VM operation: Cleanup done
Event: 13714.769 Executing VM operation: Cleanup
Event: 13714.784 Executing VM operation: Cleanup done
Event: 13715.294 Executing VM operation: G1CollectForAllocation
Event: 13718.011 Executing VM operation: G1CollectForAllocation done
Event: 13720.562 Executing VM operation: HandshakeAllThreads
Event: 13720.595 Executing VM operation: HandshakeAllThreads done
Event: 13720.928 Executing VM operation: G1CollectForAllocation
Event: 13728.142 Executing VM operation: G1CollectForAllocation done
Event: 13729.146 Executing VM operation: Cleanup
Event: 13729.148 Executing VM operation: Cleanup done
Event: 13729.151 Executing VM operation: G1CollectForAllocation
Event: 13729.312 Executing VM operation: G1CollectForAllocation done
Event: 13729.497 Executing VM operation: G1CollectForAllocation

Events (20 events):
Event: 13658.077 Thread 0x00000184049660f0 Thread exited: 0x00000184049660f0
Event: 13658.124 Thread 0x000001840538a1c0 Thread exited: 0x000001840538a1c0
Event: 13659.064 Thread 0x000001840101fae0 Thread added: 0x000001840101fae0
Event: 13675.772 Thread 0x0000018404e97c00 Thread exited: 0x0000018404e97c00
Event: 13714.802 Thread 0x00000184049be8e0 Thread exited: 0x00000184049be8e0
Event: 13714.806 Thread 0x00000184049be3d0 Thread exited: 0x00000184049be3d0
Event: 13714.807 Thread 0x0000018404e971e0 Thread exited: 0x0000018404e971e0
Event: 13728.585 Thread 0x0000018402950a60 Thread exited: 0x0000018402950a60
Event: 13728.855 Thread 0x000001847fbcf4a0 Thread added: 0x000001847fbcf4a0
Event: 13728.868 Thread 0x00000184054ab730 Thread added: 0x00000184054ab730
Event: 13728.875 Thread 0x00000184029523b0 Thread added: 0x00000184029523b0
Event: 13728.881 Thread 0x000001847a77f420 Thread added: 0x000001847a77f420
Event: 13728.886 Thread 0x00000184049bcf90 Thread added: 0x00000184049bcf90
Event: 13728.891 Thread 0x00000184049660f0 Thread added: 0x00000184049660f0
Event: 13728.905 Thread 0x00000184038c9a50 Thread added: 0x00000184038c9a50
Event: 13728.910 Thread 0x00000184049bc060 Thread added: 0x00000184049bc060
Event: 13728.918 Thread 0x000001847fbcf9b0 Thread added: 0x000001847fbcf9b0
Event: 13728.932 Thread 0x000001840640c1e0 Thread added: 0x000001840640c1e0
Event: 13728.934 Thread 0x0000018402951ea0 Thread added: 0x0000018402951ea0
Event: 13728.948 Thread 0x0000018401d003a0 Thread added: 0x0000018401d003a0


Dynamic libraries:
0x00007ff626600000 - 0x00007ff62660e000 	C:\Program Files\Microsoft\jdk-17.0.12.7-hotspot\bin\java.exe
0x00007ffc128b0000 - 0x00007ffc12ac7000 	C:\WINDOWS\SYSTEM32\ntdll.dll
0x00007ffbdfe60000 - 0x00007ffbdfe80000 	C:\Program Files\AVG\Antivirus\aswhook.dll
0x00007ffc115b0000 - 0x00007ffc11674000 	C:\WINDOWS\System32\KERNEL32.DLL
0x00007ffc0fa90000 - 0x00007ffc0fe63000 	C:\WINDOWS\System32\KERNELBASE.dll
0x00007ffc0fea0000 - 0x00007ffc0ffb1000 	C:\WINDOWS\System32\ucrtbase.dll
0x00007ffbe67b0000 - 0x00007ffbe67cd000 	C:\Program Files\Microsoft\jdk-17.0.12.7-hotspot\bin\VCRUNTIME140.dll
0x00007ffbdd5d0000 - 0x00007ffbdd5e7000 	C:\Program Files\Microsoft\jdk-17.0.12.7-hotspot\bin\jli.dll
0x00007ffc126b0000 - 0x00007ffc12861000 	C:\WINDOWS\System32\USER32.dll
0x00007ffc05c30000 - 0x00007ffc05ecb000 	C:\WINDOWS\WinSxS\amd64_microsoft.windows.common-controls_6595b64144ccf1df_6.0.22621.5262_none_2712bde373830908\COMCTL32.dll
0x00007ffc0fe70000 - 0x00007ffc0fe96000 	C:\WINDOWS\System32\win32u.dll
0x00007ffc11b80000 - 0x00007ffc11ba9000 	C:\WINDOWS\System32\GDI32.dll
0x00007ffc0ffc0000 - 0x00007ffc100e2000 	C:\WINDOWS\System32\gdi32full.dll
0x00007ffc10360000 - 0x00007ffc103fa000 	C:\WINDOWS\System32\msvcp_win.dll
0x00007ffc10be0000 - 0x00007ffc10c87000 	C:\WINDOWS\System32\msvcrt.dll
0x00007ffc10ba0000 - 0x00007ffc10bd1000 	C:\WINDOWS\System32\IMM32.DLL
0x00007ffbfd240000 - 0x00007ffbfd24c000 	C:\Program Files\Microsoft\jdk-17.0.12.7-hotspot\bin\vcruntime140_1.dll
0x00007ffbb0990000 - 0x00007ffbb0a1d000 	C:\Program Files\Microsoft\jdk-17.0.12.7-hotspot\bin\msvcp140.dll
0x00007ffb70380000 - 0x00007ffb70ff0000 	C:\Program Files\Microsoft\jdk-17.0.12.7-hotspot\bin\server\jvm.dll
0x00007ffc119b0000 - 0x00007ffc11a61000 	C:\WINDOWS\System32\ADVAPI32.dll
0x00007ffc10a30000 - 0x00007ffc10ad7000 	C:\WINDOWS\System32\sechost.dll
0x00007ffc0f9a0000 - 0x00007ffc0f9c8000 	C:\WINDOWS\System32\bcrypt.dll
0x00007ffc106b0000 - 0x00007ffc107c4000 	C:\WINDOWS\System32\RPCRT4.dll
0x00007ffc11530000 - 0x00007ffc115a1000 	C:\WINDOWS\System32\WS2_32.dll
0x00007ffc0f870000 - 0x00007ffc0f8bd000 	C:\WINDOWS\SYSTEM32\POWRPROF.dll
0x00007ffc0b420000 - 0x00007ffc0b454000 	C:\WINDOWS\SYSTEM32\WINMM.dll
0x00007ffc09440000 - 0x00007ffc0944a000 	C:\WINDOWS\SYSTEM32\VERSION.dll
0x00007ffc0f850000 - 0x00007ffc0f863000 	C:\WINDOWS\SYSTEM32\UMPDC.dll
0x00007ffc0e9e0000 - 0x00007ffc0e9f8000 	C:\WINDOWS\SYSTEM32\kernel.appcore.dll
0x00007ffbdddc0000 - 0x00007ffbdddca000 	C:\Program Files\Microsoft\jdk-17.0.12.7-hotspot\bin\jimage.dll
0x00007ffc07fe0000 - 0x00007ffc08212000 	C:\WINDOWS\SYSTEM32\DBGHELP.DLL
0x00007ffc11190000 - 0x00007ffc11523000 	C:\WINDOWS\System32\combase.dll
0x00007ffc125d0000 - 0x00007ffc126a7000 	C:\WINDOWS\System32\OLEAUT32.dll
0x00007ffbffe10000 - 0x00007ffbffe42000 	C:\WINDOWS\SYSTEM32\dbgcore.DLL
0x00007ffc102e0000 - 0x00007ffc1035b000 	C:\WINDOWS\System32\bcryptPrimitives.dll
0x00007ffbdc900000 - 0x00007ffbdc90e000 	C:\Program Files\Microsoft\jdk-17.0.12.7-hotspot\bin\instrument.dll
0x00007ffbdd060000 - 0x00007ffbdd085000 	C:\Program Files\Microsoft\jdk-17.0.12.7-hotspot\bin\java.dll
0x00007ffbae3b0000 - 0x00007ffbae487000 	C:\Program Files\Microsoft\jdk-17.0.12.7-hotspot\bin\jsvml.dll
0x00007ffc11bc0000 - 0x00007ffc1245d000 	C:\WINDOWS\System32\SHELL32.dll
0x00007ffc10400000 - 0x00007ffc1053f000 	C:\WINDOWS\System32\wintypes.dll
0x00007ffc0d8e0000 - 0x00007ffc0e1fd000 	C:\WINDOWS\SYSTEM32\windows.storage.dll
0x00007ffc11a70000 - 0x00007ffc11b7b000 	C:\WINDOWS\System32\SHCORE.dll
0x00007ffc10ae0000 - 0x00007ffc10b46000 	C:\WINDOWS\System32\shlwapi.dll
0x00007ffc0f8d0000 - 0x00007ffc0f8fb000 	C:\WINDOWS\SYSTEM32\profapi.dll
0x00007ffbdcda0000 - 0x00007ffbdcdb8000 	C:\Program Files\Microsoft\jdk-17.0.12.7-hotspot\bin\zip.dll
0x00007ffbdcde0000 - 0x00007ffbdcdfa000 	C:\Program Files\Microsoft\jdk-17.0.12.7-hotspot\bin\net.dll
0x00007ffc0c3f0000 - 0x00007ffc0c51c000 	C:\WINDOWS\SYSTEM32\WINHTTP.dll
0x00007ffc0ee60000 - 0x00007ffc0eeca000 	C:\WINDOWS\system32\mswsock.dll
0x00007ffbdcdc0000 - 0x00007ffbdcdd6000 	C:\Program Files\Microsoft\jdk-17.0.12.7-hotspot\bin\nio.dll
0x00007ffbdd990000 - 0x00007ffbdd9a0000 	C:\Program Files\Microsoft\jdk-17.0.12.7-hotspot\bin\verify.dll
0x00007ffbdc770000 - 0x00007ffbdc797000 	C:\Users\arun9\.gradle\native\c067742578af261105cb4f569cf0c3c89f3d7b1fecec35dd04571415982c5e48\windows-amd64\native-platform.dll
0x00007ffbac2c0000 - 0x00007ffbac404000 	C:\Users\arun9\.gradle\native\100fb08df4bc3b14c8652ba06237920a3bd2aa13389f12d3474272988ae205f9\windows-amd64\native-platform-file-events.dll
0x00007ffbdd050000 - 0x00007ffbdd05a000 	C:\Program Files\Microsoft\jdk-17.0.12.7-hotspot\bin\management.dll
0x00007ffbdcd90000 - 0x00007ffbdcd9b000 	C:\Program Files\Microsoft\jdk-17.0.12.7-hotspot\bin\management_ext.dll
0x00007ffc117b0000 - 0x00007ffc117b8000 	C:\WINDOWS\System32\PSAPI.DLL
0x00007ffc0f0c0000 - 0x00007ffc0f0db000 	C:\WINDOWS\SYSTEM32\CRYPTSP.dll
0x00007ffc0e940000 - 0x00007ffc0e977000 	C:\WINDOWS\system32\rsaenh.dll
0x00007ffc0ef50000 - 0x00007ffc0ef78000 	C:\WINDOWS\SYSTEM32\USERENV.dll
0x00007ffc0f0b0000 - 0x00007ffc0f0bc000 	C:\WINDOWS\SYSTEM32\CRYPTBASE.dll
0x00007ffc0e4a0000 - 0x00007ffc0e4cd000 	C:\WINDOWS\SYSTEM32\IPHLPAPI.DLL
0x00007ffc11110000 - 0x00007ffc11119000 	C:\WINDOWS\System32\NSI.dll
0x00007ffc0b920000 - 0x00007ffc0b939000 	C:\WINDOWS\SYSTEM32\dhcpcsvc6.DLL
0x00007ffc0b460000 - 0x00007ffc0b47f000 	C:\WINDOWS\SYSTEM32\dhcpcsvc.DLL
0x00007ffc0e4d0000 - 0x00007ffc0e5c8000 	C:\WINDOWS\SYSTEM32\DNSAPI.dll
0x00007ffbdc910000 - 0x00007ffbdc919000 	C:\Program Files\Microsoft\jdk-17.0.12.7-hotspot\bin\extnet.dll
0x00007ffbdcf40000 - 0x00007ffbdcf4e000 	C:\Program Files\Microsoft\jdk-17.0.12.7-hotspot\bin\sunmscapi.dll
0x00007ffc10170000 - 0x00007ffc102d7000 	C:\WINDOWS\System32\CRYPT32.dll
0x00007ffc0f2c0000 - 0x00007ffc0f2ed000 	C:\WINDOWS\SYSTEM32\ncrypt.dll
0x00007ffc0f280000 - 0x00007ffc0f2b7000 	C:\WINDOWS\SYSTEM32\NTASN1.dll
0x00007ffbf5350000 - 0x00007ffbf5358000 	C:\WINDOWS\system32\wshunix.dll
0x00007ffc09450000 - 0x00007ffc0945a000 	C:\Windows\System32\rasadhlp.dll
0x00007ffc095b0000 - 0x00007ffc09633000 	C:\WINDOWS\System32\fwpuclnt.dll
0x00007ffbec650000 - 0x00007ffbec667000 	C:\WINDOWS\system32\napinsp.dll
0x00007ffbec610000 - 0x00007ffbec62b000 	C:\WINDOWS\system32\pnrpnsp.dll
0x00007ffbec530000 - 0x00007ffbec541000 	C:\WINDOWS\System32\winrnr.dll
0x00007ffbebe10000 - 0x00007ffbebe2f000 	C:\WINDOWS\system32\wshbth.dll
0x00007ffbeaca0000 - 0x00007ffbeacc1000 	C:\WINDOWS\system32\nlansp_c.dll
0x00007ffc0eaf0000 - 0x00007ffc0eb24000 	C:\WINDOWS\SYSTEM32\ntmarta.dll
0x00007ffc0b670000 - 0x00007ffc0b707000 	C:\WINDOWS\system32\apphelp.dll
0x00007ffc09070000 - 0x00007ffc0908e000 	C:\Users\arun9\AppData\Local\Temp\native-platform8834029625472402421dir\native-platform.dll
0x00007ffc0b9d0000 - 0x00007ffc0b9d7000 	C:\Program Files\Microsoft\jdk-17.0.12.7-hotspot\bin\rmi.dll

dbghelp: loaded successfully - version: 4.0.5 - missing functions: none
symbol engine: initialized successfully - sym options: 0x614 - pdb path: .;C:\Program Files\Microsoft\jdk-17.0.12.7-hotspot\bin;C:\WINDOWS\SYSTEM32;C:\Program Files\AVG\Antivirus;C:\WINDOWS\WinSxS\amd64_microsoft.windows.common-controls_6595b64144ccf1df_6.0.22621.5262_none_2712bde373830908;C:\Program Files\Microsoft\jdk-17.0.12.7-hotspot\bin\server;C:\Users\arun9\.gradle\native\c067742578af261105cb4f569cf0c3c89f3d7b1fecec35dd04571415982c5e48\windows-amd64;C:\Users\arun9\.gradle\native\100fb08df4bc3b14c8652ba06237920a3bd2aa13389f12d3474272988ae205f9\windows-amd64;C:\Users\arun9\AppData\Local\Temp\native-platform8834029625472402421dir

VM Arguments:
jvm_args: -XX:MaxMetaspaceSize=512m --add-opens=java.base/java.util=ALL-UNNAMED --add-opens=java.base/java.lang=ALL-UNNAMED --add-opens=java.base/java.lang.invoke=ALL-UNNAMED --add-opens=java.prefs/java.util.prefs=ALL-UNNAMED --add-opens=java.base/java.nio.charset=ALL-UNNAMED --add-opens=java.base/java.net=ALL-UNNAMED --add-opens=java.base/java.util.concurrent.atomic=ALL-UNNAMED -Xmx2048m -Dfile.encoding=windows-1252 -Duser.country=US -Duser.language=en -Duser.variant -javaagent:C:\Users\arun9\.gradle\wrapper\dists\gradle-8.8-all\6gdy1pgp427xkqcjbxw3ylt6h\gradle-8.8\lib\agents\gradle-instrumentation-agent-8.8.jar 
java_command: org.gradle.launcher.daemon.bootstrap.GradleDaemon 8.8
java_class_path (initial): C:\Users\arun9\.gradle\wrapper\dists\gradle-8.8-all\6gdy1pgp427xkqcjbxw3ylt6h\gradle-8.8\lib\gradle-launcher-8.8.jar
Launcher Type: SUN_STANDARD

[Global flags]
     intx CICompilerCount                          = 4                                         {product} {ergonomic}
   size_t CompressedClassSpaceSize                 = 436207616                                 {product} {ergonomic}
     uint ConcGCThreads                            = 3                                         {product} {ergonomic}
     uint G1ConcRefinementThreads                  = 10                                        {product} {ergonomic}
   size_t G1HeapRegionSize                         = 1048576                                   {product} {ergonomic}
    uintx GCDrainStackTargetSize                   = 64                                        {product} {ergonomic}
   size_t InitialHeapSize                          = 125829120                                 {product} {ergonomic}
   size_t MarkStackSize                            = 4194304                                   {product} {ergonomic}
   size_t MaxHeapSize                              = 2147483648                                {product} {command line}
   size_t MaxMetaspaceSize                         = 536870912                                 {product} {command line}
   size_t MaxNewSize                               = 1287651328                                {product} {ergonomic}
   size_t MinHeapDeltaBytes                        = 1048576                                   {product} {ergonomic}
   size_t MinHeapSize                              = 8388608                                   {product} {ergonomic}
    uintx NonNMethodCodeHeapSize                   = 5839372                                {pd product} {ergonomic}
    uintx NonProfiledCodeHeapSize                  = 122909434                              {pd product} {ergonomic}
    uintx ProfiledCodeHeapSize                     = 122909434                              {pd product} {ergonomic}
    uintx ReservedCodeCacheSize                    = 251658240                              {pd product} {ergonomic}
     bool SegmentedCodeCache                       = true                                      {product} {ergonomic}
   size_t SoftMaxHeapSize                          = 2147483648                             {manageable} {ergonomic}
     bool UseCompressedClassPointers               = true                           {product lp64_product} {ergonomic}
     bool UseCompressedOops                        = true                           {product lp64_product} {ergonomic}
     bool UseG1GC                                  = true                                      {product} {ergonomic}
     bool UseLargePagesIndividualAllocation        = false                                  {pd product} {ergonomic}

Logging:
Log output configuration:
 #0: stdout all=warning uptime,level,tags
 #1: stderr all=off uptime,level,tags

Environment Variables:
JAVA_HOME=C:\Program Files\Microsoft\jdk-17.0.12.7-hotspot\
CLASSPATH=C:\Users\arun9\ReactProjects\MovieRecommnederApp\MovieApp\android\\gradle\wrapper\gradle-wrapper.jar
PATH=C:\Users\arun9\ReactProjects\MovieRecommnederApp\MovieApp\node_modules\.bin;C:\Users\arun9\ReactProjects\MovieRecommnederApp\MovieApp\node_modules\.bin;C:\Users\arun9\ReactProjects\MovieRecommnederApp\node_modules\.bin;C:\Users\arun9\ReactProjects\node_modules\.bin;C:\Users\arun9\node_modules\.bin;C:\Users\node_modules\.bin;C:\node_modules\.bin;C:\Users\arun9\AppData\Roaming\npm\node_modules\npm\node_modules\@npmcli\run-script\lib\node-gyp-bin;c:\Users\arun9\.vscode\extensions\ms-python.python-2025.4.0-win32-x64\python_files\deactivate\powershell;C:\Users\arun9\ReactProjects\MovieRecommnederApp\venv\Scripts;c:\Users\arun9\.vscode\extensions\ms-python.python-2025.4.0-win32-x64\python_files\deactivate\powershell;C:\Users\arun9\ReactProjects\MovieRecommnederApp\venv\Scripts;C:\Python313\Scripts\;C:\Python313\;C:\Program Files\Microsoft\jdk-17.0.12.7-hotspot\bin;C:\Users\arun9\AppData\Local\Programs\Python\Python312\Scripts\;C:\Users\arun9\AppData\Local\Programs\Python\Python312\;C:\Program Files (x86)\VMware\VMware Workstation\bin\;C:\Program Files\Common Files\Oracle\Java\javapath;C:\Windows\system32;C:\Windows;C:\Windows\System32\Wbem;C:\Windows\System32\WindowsPowerShell\v1.0\;C:\Windows\System32\OpenSSH\;C:\Program Files (x86)\NVIDIA Corporation\PhysX\Common;C:\Program Files\NVIDIA Corporation\NVIDIA NvDLISR;C:\Program Files\Java\jdk-20\bin;C:\Program Files\MySQL\MySQL Server 8.0\bin;C:\WINDOWS\system32;C:\WINDOWS;C:\WINDOWS\System32\Wbem;C:\WINDOWS\System32\WindowsPowerShell\v1.0\;C:\WINDOWS\System32\OpenSSH\;C:\Program Files (x86)\dotnet\;C:\Program Files\Git\cmd;C:\ProgramData\chocolatey\bin;C:\Users\arun9\AppData\Local\Android\Sdk;C:\Users\arun9\AppData\Local\Android\Sdk\platform-tools;C:\Users\arun9\anaconda3\Scripts;C:\Program Files\Redis;C:\Program Files\nodejs\;C:\Program Files\MySQL\MySQL Shell 8.0\bin\;C:\Users\arun9\AppData\Local\Microsoft\WindowsApps;C:\Users\arun9\AppData\Local\Programs\Microsoft VS Code\bin;C:\MinGW\bin;C:\Users\arun9\Downloads\flut
USERNAME=arun9
LANG=en_US.UTF-8
OS=Windows_NT
PROCESSOR_IDENTIFIER=AMD64 Family 23 Model 96 Stepping 1, AuthenticAMD
TMP=C:\Users\arun9\AppData\Local\Temp
TEMP=C:\Users\arun9\AppData\Local\Temp



Periodic native trim disabled


---------------  S Y S T E M  ---------------

OS:
 Windows 11 , 64 bit Build 22621 (10.0.22621.5262)
OS uptime: 1 days 20:02 hours

CPU: total 12 (initial active 12) (12 cores per cpu, 2 threads per core) family 23 model 96 stepping 1 microcode 0x0, cx8, cmov, fxsr, ht, mmx, 3dnowpref, sse, sse2, sse3, ssse3, sse4a, sse4.1, sse4.2, popcnt, lzcnt, tsc, tscinvbit, avx, avx2, aes, clmul, bmi1, bmi2, adx, sha, fma, vzeroupper, clflush, clflushopt
Processor Information for the first 12 processors :
  Max Mhz: 3001, Current Mhz: 3001, Mhz Limit: 3001

Memory: 4k page, system-wide physical 7598M (313M free)
TotalPageFile size 32163M (AvailPageFile size 271M)
current process WorkingSet (physical memory assigned to process): 495M, peak: 1332M
current process commit charge ("private bytes"): 2037M, peak: 2701M

vm_info: OpenJDK 64-Bit Server VM (17.0.12+7-LTS) for windows-amd64 JRE (17.0.12+7-LTS), built on Jul 16 2024 18:11:44 by "MicrosoftCorporation" with unknown MS VC++:1939

END.
